-- Generated by Craft v2.6.2789 on 27 июня 2016 г., 12:56:47.

--
-- Disable foreign key checks and autocommit.
--

SET FOREIGN_KEY_CHECKS = 0;
SET SQL_MODE = "NO_AUTO_VALUE_ON_ZERO";
SET AUTOCOMMIT = 0;
SET NAMES utf8;


DROP TABLE IF EXISTS `craft_assetfiles`;


--
-- Schema for table `craft_assetfiles`
--
CREATE TABLE `craft_assetfiles` (
  `id` int(11) NOT NULL,
  `sourceId` int(11) DEFAULT NULL,
  `folderId` int(11) NOT NULL,
  `filename` varchar(255) COLLATE utf8_unicode_ci NOT NULL,
  `kind` varchar(50) COLLATE utf8_unicode_ci NOT NULL DEFAULT 'unknown',
  `width` int(11) unsigned DEFAULT NULL,
  `height` int(11) unsigned DEFAULT NULL,
  `size` bigint(20) unsigned DEFAULT NULL,
  `dateModified` datetime DEFAULT NULL,
  `dateCreated` datetime NOT NULL,
  `dateUpdated` datetime NOT NULL,
  `uid` char(36) COLLATE utf8_unicode_ci NOT NULL DEFAULT '0',
  PRIMARY KEY (`id`),
  UNIQUE KEY `craft_assetfiles_filename_folderId_unq_idx` (`filename`,`folderId`),
  KEY `craft_assetfiles_sourceId_fk` (`sourceId`),
  KEY `craft_assetfiles_folderId_fk` (`folderId`)
) ENGINE=InnoDB DEFAULT CHARSET=utf8 COLLATE=utf8_unicode_ci;

--
-- Data for table `craft_assetfiles`
--

INSERT INTO `craft_assetfiles` (`id`, `sourceId`, `folderId`, `filename`, `kind`, `width`, `height`, `size`, `dateModified`, `dateCreated`, `dateUpdated`, `uid`) VALUES
 ('10', '1', '1', 'banner.png', 'image', '202', '102', '13963', '2016-06-27 12:12:28', '2016-06-27 12:12:28', '2016-06-27 12:45:14', '4f117061-45d3-46da-97bc-87e4ae194ba6'),
 ('18', '1', '1', 'picture-2-big.png', 'image', '501', '329', '133695', '2016-06-27 12:26:52', '2016-06-27 12:26:53', '2016-06-27 12:45:14', '3024339a-252d-434d-a3b7-6545304ccbb0');



DROP TABLE IF EXISTS `craft_assetfolders`;


--
-- Schema for table `craft_assetfolders`
--
CREATE TABLE `craft_assetfolders` (
  `id` int(11) NOT NULL AUTO_INCREMENT,
  `parentId` int(11) DEFAULT NULL,
  `sourceId` int(11) DEFAULT NULL,
  `name` varchar(255) COLLATE utf8_unicode_ci NOT NULL,
  `path` varchar(255) COLLATE utf8_unicode_ci DEFAULT NULL,
  `dateCreated` datetime NOT NULL,
  `dateUpdated` datetime NOT NULL,
  `uid` char(36) COLLATE utf8_unicode_ci NOT NULL DEFAULT '0',
  PRIMARY KEY (`id`),
  UNIQUE KEY `craft_assetfolders_name_parentId_sourceId_unq_idx` (`name`,`parentId`,`sourceId`),
  KEY `craft_assetfolders_parentId_fk` (`parentId`),
  KEY `craft_assetfolders_sourceId_fk` (`sourceId`)
) ENGINE=InnoDB AUTO_INCREMENT=2 DEFAULT CHARSET=utf8 COLLATE=utf8_unicode_ci;

--
-- Data for table `craft_assetfolders`
--

INSERT INTO `craft_assetfolders` (`id`, `parentId`, `sourceId`, `name`, `path`, `dateCreated`, `dateUpdated`, `uid`) VALUES
 ('1', NULL, '1', 'Фотографии', '', '2016-06-27 12:00:56', '2016-06-27 12:00:56', 'c6b7c761-88b1-40f2-ad15-a1d1816ab4b7');



DROP TABLE IF EXISTS `craft_assetindexdata`;


--
-- Schema for table `craft_assetindexdata`
--
CREATE TABLE `craft_assetindexdata` (
  `id` int(11) NOT NULL AUTO_INCREMENT,
  `sessionId` varchar(36) COLLATE utf8_unicode_ci NOT NULL DEFAULT '',
  `sourceId` int(10) NOT NULL,
  `offset` int(10) NOT NULL,
  `uri` varchar(255) COLLATE utf8_unicode_ci DEFAULT NULL,
  `size` varchar(255) COLLATE utf8_unicode_ci DEFAULT NULL,
  `recordId` int(10) DEFAULT NULL,
  `dateCreated` datetime NOT NULL,
  `dateUpdated` datetime NOT NULL,
  `uid` char(36) COLLATE utf8_unicode_ci NOT NULL DEFAULT '0',
  PRIMARY KEY (`id`),
  UNIQUE KEY `craft_assetindexdata_sessionId_sourceId_offset_unq_idx` (`sessionId`,`sourceId`,`offset`),
  KEY `craft_assetindexdata_sourceId_fk` (`sourceId`)
) ENGINE=InnoDB AUTO_INCREMENT=5 DEFAULT CHARSET=utf8 COLLATE=utf8_unicode_ci;

DROP TABLE IF EXISTS `craft_assetsources`;


--
-- Schema for table `craft_assetsources`
--
CREATE TABLE `craft_assetsources` (
  `id` int(11) NOT NULL AUTO_INCREMENT,
  `name` varchar(255) COLLATE utf8_unicode_ci NOT NULL,
  `handle` varchar(255) COLLATE utf8_unicode_ci NOT NULL,
  `type` varchar(150) COLLATE utf8_unicode_ci NOT NULL,
  `settings` text COLLATE utf8_unicode_ci,
  `sortOrder` smallint(6) unsigned DEFAULT NULL,
  `fieldLayoutId` int(10) DEFAULT NULL,
  `dateCreated` datetime NOT NULL,
  `dateUpdated` datetime NOT NULL,
  `uid` char(36) COLLATE utf8_unicode_ci NOT NULL DEFAULT '0',
  PRIMARY KEY (`id`),
  UNIQUE KEY `craft_assetsources_name_unq_idx` (`name`),
  UNIQUE KEY `craft_assetsources_handle_unq_idx` (`handle`),
  KEY `craft_assetsources_fieldLayoutId_fk` (`fieldLayoutId`)
) ENGINE=InnoDB AUTO_INCREMENT=2 DEFAULT CHARSET=utf8 COLLATE=utf8_unicode_ci;

--
-- Data for table `craft_assetsources`
--

INSERT INTO `craft_assetsources` (`id`, `name`, `handle`, `type`, `settings`, `sortOrder`, `fieldLayoutId`, `dateCreated`, `dateUpdated`, `uid`) VALUES
 ('1', 'Фотографии', 'photos', 'Local', '{\"path\":\"uploads\\/\",\"publicURLs\":\"1\",\"url\":\"\\/uploads\\/\"}', '1', '32', '2016-06-27 12:00:56', '2016-06-27 12:12:21', '9c7fb585-ad39-49d1-bce0-4e7d6a90cf44');



DROP TABLE IF EXISTS `craft_assettransformindex`;


--
-- Schema for table `craft_assettransformindex`
--
CREATE TABLE `craft_assettransformindex` (
  `id` int(11) NOT NULL AUTO_INCREMENT,
  `fileId` int(11) NOT NULL,
  `filename` varchar(255) COLLATE utf8_unicode_ci DEFAULT NULL,
  `format` varchar(255) COLLATE utf8_unicode_ci DEFAULT NULL,
  `location` varchar(255) COLLATE utf8_unicode_ci NOT NULL,
  `sourceId` int(11) DEFAULT NULL,
  `fileExists` tinyint(1) DEFAULT NULL,
  `inProgress` tinyint(1) DEFAULT NULL,
  `dateIndexed` datetime DEFAULT NULL,
  `dateCreated` datetime NOT NULL,
  `dateUpdated` datetime NOT NULL,
  `uid` char(36) COLLATE utf8_unicode_ci NOT NULL DEFAULT '0',
  PRIMARY KEY (`id`),
  KEY `craft_assettransformindex_sourceId_fileId_location_idx` (`sourceId`,`fileId`,`location`)
) ENGINE=InnoDB AUTO_INCREMENT=3 DEFAULT CHARSET=utf8 COLLATE=utf8_unicode_ci;

DROP TABLE IF EXISTS `craft_assettransforms`;


--
-- Schema for table `craft_assettransforms`
--
CREATE TABLE `craft_assettransforms` (
  `id` int(11) NOT NULL AUTO_INCREMENT,
  `name` varchar(255) COLLATE utf8_unicode_ci NOT NULL,
  `handle` varchar(255) COLLATE utf8_unicode_ci NOT NULL,
  `mode` enum('stretch','fit','crop') COLLATE utf8_unicode_ci NOT NULL DEFAULT 'crop',
  `position` enum('top-left','top-center','top-right','center-left','center-center','center-right','bottom-left','bottom-center','bottom-right') COLLATE utf8_unicode_ci NOT NULL DEFAULT 'center-center',
  `height` int(10) DEFAULT NULL,
  `width` int(10) DEFAULT NULL,
  `format` varchar(255) COLLATE utf8_unicode_ci DEFAULT NULL,
  `quality` int(10) DEFAULT NULL,
  `dimensionChangeTime` datetime DEFAULT NULL,
  `dateCreated` datetime NOT NULL,
  `dateUpdated` datetime NOT NULL,
  `uid` char(36) COLLATE utf8_unicode_ci NOT NULL DEFAULT '0',
  PRIMARY KEY (`id`),
  UNIQUE KEY `craft_assettransforms_name_unq_idx` (`name`),
  UNIQUE KEY `craft_assettransforms_handle_unq_idx` (`handle`)
) ENGINE=InnoDB AUTO_INCREMENT=2 DEFAULT CHARSET=utf8 COLLATE=utf8_unicode_ci;

--
-- Data for table `craft_assettransforms`
--

INSERT INTO `craft_assettransforms` (`id`, `name`, `handle`, `mode`, `position`, `height`, `width`, `format`, `quality`, `dimensionChangeTime`, `dateCreated`, `dateUpdated`, `uid`) VALUES
 ('1', 'Маленький размер', 'small', 'fit', 'center-center', NULL, '300', 'jpg', '60', '2016-06-27 12:45:09', '2016-06-27 12:26:25', '2016-06-27 12:45:09', '7451a010-e053-400b-9d05-28b0719072a9');



DROP TABLE IF EXISTS `craft_categories`;


--
-- Schema for table `craft_categories`
--
CREATE TABLE `craft_categories` (
  `id` int(11) NOT NULL,
  `groupId` int(11) NOT NULL,
  `dateCreated` datetime NOT NULL,
  `dateUpdated` datetime NOT NULL,
  `uid` char(36) COLLATE utf8_unicode_ci NOT NULL DEFAULT '0',
  PRIMARY KEY (`id`),
  KEY `craft_categories_groupId_fk` (`groupId`)
) ENGINE=InnoDB DEFAULT CHARSET=utf8 COLLATE=utf8_unicode_ci;

DROP TABLE IF EXISTS `craft_categorygroups`;


--
-- Schema for table `craft_categorygroups`
--
CREATE TABLE `craft_categorygroups` (
  `id` int(11) NOT NULL AUTO_INCREMENT,
  `structureId` int(11) NOT NULL,
  `fieldLayoutId` int(11) DEFAULT NULL,
  `name` varchar(255) COLLATE utf8_unicode_ci NOT NULL,
  `handle` varchar(255) COLLATE utf8_unicode_ci NOT NULL,
  `hasUrls` tinyint(1) unsigned NOT NULL DEFAULT '1',
  `template` varchar(500) COLLATE utf8_unicode_ci DEFAULT NULL,
  `dateCreated` datetime NOT NULL,
  `dateUpdated` datetime NOT NULL,
  `uid` char(36) COLLATE utf8_unicode_ci NOT NULL DEFAULT '0',
  PRIMARY KEY (`id`),
  UNIQUE KEY `craft_categorygroups_name_unq_idx` (`name`),
  UNIQUE KEY `craft_categorygroups_handle_unq_idx` (`handle`),
  KEY `craft_categorygroups_structureId_fk` (`structureId`),
  KEY `craft_categorygroups_fieldLayoutId_fk` (`fieldLayoutId`)
) ENGINE=InnoDB DEFAULT CHARSET=utf8 COLLATE=utf8_unicode_ci;

DROP TABLE IF EXISTS `craft_categorygroups_i18n`;


--
-- Schema for table `craft_categorygroups_i18n`
--
CREATE TABLE `craft_categorygroups_i18n` (
  `id` int(11) NOT NULL AUTO_INCREMENT,
  `groupId` int(11) NOT NULL,
  `locale` char(12) COLLATE utf8_unicode_ci NOT NULL,
  `urlFormat` text COLLATE utf8_unicode_ci,
  `nestedUrlFormat` text COLLATE utf8_unicode_ci,
  `dateCreated` datetime NOT NULL,
  `dateUpdated` datetime NOT NULL,
  `uid` char(36) COLLATE utf8_unicode_ci NOT NULL DEFAULT '0',
  PRIMARY KEY (`id`),
  UNIQUE KEY `craft_categorygroups_i18n_groupId_locale_unq_idx` (`groupId`,`locale`),
  KEY `craft_categorygroups_i18n_locale_fk` (`locale`)
) ENGINE=InnoDB DEFAULT CHARSET=utf8 COLLATE=utf8_unicode_ci;

DROP TABLE IF EXISTS `craft_content`;


--
-- Schema for table `craft_content`
--
CREATE TABLE `craft_content` (
  `id` int(11) NOT NULL AUTO_INCREMENT,
  `elementId` int(11) NOT NULL,
  `locale` char(12) COLLATE utf8_unicode_ci NOT NULL,
  `title` varchar(255) COLLATE utf8_unicode_ci DEFAULT NULL,
  `field_body` text COLLATE utf8_unicode_ci,
  `field_socialNetworkName` varchar(50) COLLATE utf8_unicode_ci DEFAULT NULL,
  `field_socialNetworkLink` text COLLATE utf8_unicode_ci,
  `field_socialNetworkIcon` text COLLATE utf8_unicode_ci,
  `field_hyperlink` text COLLATE utf8_unicode_ci,
  `field_date` datetime DEFAULT NULL,
  `dateCreated` datetime NOT NULL,
  `dateUpdated` datetime NOT NULL,
  `uid` char(36) COLLATE utf8_unicode_ci NOT NULL DEFAULT '0',
  PRIMARY KEY (`id`),
  UNIQUE KEY `craft_content_elementId_locale_unq_idx` (`elementId`,`locale`),
  KEY `craft_content_title_idx` (`title`),
  KEY `craft_content_locale_fk` (`locale`)
) ENGINE=InnoDB AUTO_INCREMENT=22 DEFAULT CHARSET=utf8 COLLATE=utf8_unicode_ci;

--
-- Data for table `craft_content`
--

INSERT INTO `craft_content` (`id`, `elementId`, `locale`, `title`, `field_body`, `field_socialNetworkName`, `field_socialNetworkLink`, `field_socialNetworkIcon`, `field_hyperlink`, `field_date`, `dateCreated`, `dateUpdated`, `uid`) VALUES
 ('1', '1', 'ru', NULL, NULL, NULL, NULL, NULL, NULL, NULL, '2016-06-27 11:32:37', '2016-06-27 11:32:37', '9e4192a0-32ea-4502-a63d-9989570c348d'),
 ('2', '2', 'ru', 'Welcome to Northmarathon.io!', '<p>It’s true, this site doesn’t have a whole lot of content yet, but don’t worry. Our web developers have just installed the CMS, and they’re setting things up for the content editors this very moment. Soon Northmarathon.io will be an oasis of fresh perspectives, sharp analyses, and astute opinions that will keep you coming back again and again.</p>', NULL, NULL, NULL, NULL, NULL, '2016-06-27 11:32:39', '2016-06-27 11:32:39', 'bc72692a-113f-447b-bed4-ee419290d3e0'),
 ('3', '3', 'ru', 'We just installed Craft!', '<p>Craft is the CMS that’s powering Northmarathon.io. It’s beautiful, powerful, flexible, and easy-to-use, and it’s made by Pixel &amp; Tonic. We can’t wait to dive in and see what it’s capable of!</p><!--pagebreak--><p>This is even more captivating content, which you couldn’t see on the News index page because it was entered after a Page Break, and the News index template only likes to show the content on the first page.</p><p>Craft: a nice alternative to Word, if you’re making a website.</p>', NULL, NULL, NULL, NULL, NULL, '2016-06-27 11:32:40', '2016-06-27 12:36:51', 'fbc8e4de-e890-4fdd-9bfe-b1a83f6c0854'),
 ('4', '4', 'ru', NULL, NULL, 'Вконтакте', 'https://vk.com', 'vk', NULL, NULL, '2016-06-27 11:37:43', '2016-06-27 11:46:26', '33e58fd2-980b-4cee-b619-73fc957147d7'),
 ('5', '5', 'ru', NULL, NULL, NULL, 'https://twitter.com', NULL, NULL, NULL, '2016-06-27 11:46:49', '2016-06-27 11:47:33', 'f89845c8-ea84-4e9e-8c6f-bfb0cba5b473'),
 ('6', '6', 'ru', NULL, NULL, NULL, 'https://facebook.com', NULL, NULL, NULL, '2016-06-27 11:47:04', '2016-06-27 11:47:47', '7ed2aab4-37de-46ab-bf22-f3befc971509'),
 ('7', '7', 'ru', NULL, NULL, NULL, 'https://instagram.com', NULL, NULL, NULL, '2016-06-27 11:47:18', '2016-06-27 11:47:40', '7c0e8f71-a720-47b9-adac-72af2924ac02'),
 ('8', '8', 'ru', NULL, NULL, NULL, NULL, NULL, NULL, NULL, '2016-06-27 12:05:04', '2016-06-27 12:05:04', '65f1a3b6-d3ea-4f88-9237-38f8530a95b1'),
 ('9', '9', 'ru', NULL, NULL, NULL, NULL, NULL, NULL, NULL, '2016-06-27 12:05:24', '2016-06-27 12:25:01', '858b19d7-b9c5-40ae-a9a8-449d0a98fe79'),
 ('10', '10', 'ru', 'Banner', NULL, NULL, NULL, NULL, NULL, NULL, '2016-06-27 12:12:28', '2016-06-27 12:45:14', 'fc2d16b7-58b9-4ec9-83ef-e648359856bf'),
 ('11', '11', 'ru', 'СВФУ', NULL, NULL, NULL, NULL, 'http://s-vfu.ru', NULL, '2016-06-27 12:13:00', '2016-06-27 12:13:00', 'c1fad65b-8e7e-45c8-a317-095e8436d987'),
 ('12', '12', 'ru', 'О марафоне', NULL, NULL, NULL, NULL, NULL, NULL, '2016-06-27 12:13:46', '2016-06-27 12:55:24', 'b41930dc-25e2-4626-b4eb-9e4bdce6e590'),
 ('13', '13', 'ru', 'Новости', NULL, NULL, NULL, NULL, NULL, NULL, '2016-06-27 12:14:18', '2016-06-27 12:14:18', '5b3326be-6130-43d7-9035-40f348f177ca'),
 ('14', '14', 'ru', 'Форум', NULL, NULL, NULL, NULL, NULL, NULL, '2016-06-27 12:14:33', '2016-06-27 12:54:59', 'e6fad799-b557-412f-be13-cf27d6d5a54e'),
 ('15', '15', 'ru', 'Галерея', NULL, NULL, NULL, NULL, NULL, NULL, '2016-06-27 12:14:47', '2016-06-27 12:14:47', '6e1827dc-c3c6-4164-9844-6a1f5fbd3b1d'),
 ('16', '16', 'ru', 'Контакты', NULL, NULL, NULL, NULL, NULL, NULL, '2016-06-27 12:14:58', '2016-06-27 12:54:51', 'd618505c-ec4f-46b2-a113-8d2903cf0f41'),
 ('17', '17', 'ru', NULL, NULL, NULL, NULL, NULL, NULL, '2016-07-28 07:30:00', '2016-06-27 12:22:05', '2016-06-27 12:24:36', '033ffcf0-1cb0-4f12-899c-046043356483'),
 ('18', '18', 'ru', 'Picture 2 Big', NULL, NULL, NULL, NULL, NULL, NULL, '2016-06-27 12:26:53', '2016-06-27 12:45:14', 'ebeb2c28-8e81-491d-985e-281463234cd5'),
 ('19', '20', 'ru', 'Контакты', NULL, NULL, NULL, NULL, NULL, NULL, '2016-06-27 12:48:11', '2016-06-27 12:48:11', '82eb1414-cd06-45cf-910e-e0009a1ec856'),
 ('20', '21', 'ru', 'Форум', NULL, NULL, NULL, NULL, NULL, NULL, '2016-06-27 12:54:06', '2016-06-27 12:54:06', '3be0c7cc-435d-46ce-a79e-1ee6d9debd27'),
 ('21', '22', 'ru', 'О марафоне', NULL, NULL, NULL, NULL, NULL, NULL, '2016-06-27 12:55:21', '2016-06-27 12:55:21', 'b7b8b1b4-3ae4-401e-971a-2a509739ac39');



DROP TABLE IF EXISTS `craft_deprecationerrors`;


--
-- Schema for table `craft_deprecationerrors`
--
CREATE TABLE `craft_deprecationerrors` (
  `id` int(11) NOT NULL AUTO_INCREMENT,
  `key` varchar(255) COLLATE utf8_unicode_ci NOT NULL,
  `fingerprint` varchar(255) COLLATE utf8_unicode_ci NOT NULL,
  `lastOccurrence` datetime NOT NULL,
  `file` varchar(255) COLLATE utf8_unicode_ci NOT NULL,
  `line` smallint(6) unsigned NOT NULL,
  `class` varchar(255) COLLATE utf8_unicode_ci DEFAULT NULL,
  `method` varchar(255) COLLATE utf8_unicode_ci DEFAULT NULL,
  `template` varchar(255) COLLATE utf8_unicode_ci DEFAULT NULL,
  `templateLine` smallint(6) unsigned DEFAULT NULL,
  `message` varchar(255) COLLATE utf8_unicode_ci DEFAULT NULL,
  `traces` text COLLATE utf8_unicode_ci,
  `dateCreated` datetime NOT NULL,
  `dateUpdated` datetime NOT NULL,
  `uid` char(36) COLLATE utf8_unicode_ci NOT NULL DEFAULT '0',
  PRIMARY KEY (`id`),
  UNIQUE KEY `craft_deprecationerrors_key_fingerprint_unq_idx` (`key`,`fingerprint`)
) ENGINE=InnoDB DEFAULT CHARSET=utf8 COLLATE=utf8_unicode_ci;

DROP TABLE IF EXISTS `craft_elementindexsettings`;


--
-- Schema for table `craft_elementindexsettings`
--
CREATE TABLE `craft_elementindexsettings` (
  `id` int(11) NOT NULL AUTO_INCREMENT,
  `type` varchar(150) COLLATE utf8_unicode_ci NOT NULL,
  `settings` text COLLATE utf8_unicode_ci,
  `dateCreated` datetime NOT NULL,
  `dateUpdated` datetime NOT NULL,
  `uid` char(36) COLLATE utf8_unicode_ci NOT NULL DEFAULT '0',
  PRIMARY KEY (`id`),
  UNIQUE KEY `craft_elementindexsettings_type_unq_idx` (`type`)
) ENGINE=InnoDB AUTO_INCREMENT=2 DEFAULT CHARSET=utf8 COLLATE=utf8_unicode_ci;

--
-- Data for table `craft_elementindexsettings`
--

INSERT INTO `craft_elementindexsettings` (`id`, `type`, `settings`, `dateCreated`, `dateUpdated`, `uid`) VALUES
 ('1', 'Entry', '{\"sources\":{\"section:5\":{\"tableAttributes\":{\"1\":\"field:10\",\"2\":\"field:11\"}}}}', '2016-06-27 12:13:17', '2016-06-27 12:13:17', '7c4f3b58-96a4-4767-87bb-c0181f36c4c5');



DROP TABLE IF EXISTS `craft_elements`;


--
-- Schema for table `craft_elements`
--
CREATE TABLE `craft_elements` (
  `id` int(11) NOT NULL AUTO_INCREMENT,
  `type` varchar(150) COLLATE utf8_unicode_ci NOT NULL,
  `enabled` tinyint(1) unsigned NOT NULL DEFAULT '1',
  `archived` tinyint(1) unsigned NOT NULL DEFAULT '0',
  `dateCreated` datetime NOT NULL,
  `dateUpdated` datetime NOT NULL,
  `uid` char(36) COLLATE utf8_unicode_ci NOT NULL DEFAULT '0',
  PRIMARY KEY (`id`),
  KEY `craft_elements_type_idx` (`type`),
  KEY `craft_elements_enabled_idx` (`enabled`),
  KEY `craft_elements_archived_dateCreated_idx` (`archived`,`dateCreated`)
) ENGINE=InnoDB AUTO_INCREMENT=23 DEFAULT CHARSET=utf8 COLLATE=utf8_unicode_ci;

--
-- Data for table `craft_elements`
--

INSERT INTO `craft_elements` (`id`, `type`, `enabled`, `archived`, `dateCreated`, `dateUpdated`, `uid`) VALUES
 ('1', 'User', '1', '0', '2016-06-27 11:32:37', '2016-06-27 11:32:37', 'f911b5c8-7ba4-4993-8d42-cf1768ca9132'),
 ('2', 'Entry', '1', '0', '2016-06-27 11:32:39', '2016-06-27 11:32:39', '469bb5de-5e76-4f10-b3a7-e7c140ab108b'),
 ('3', 'Entry', '1', '0', '2016-06-27 11:32:40', '2016-06-27 12:36:51', 'f5d27316-ae99-4639-a177-e4c57d6eb1f4'),
 ('4', 'GlobalSet', '1', '0', '2016-06-27 11:37:43', '2016-06-27 11:46:26', '3ec81e43-a698-4fab-8eea-b6b7b4be645c'),
 ('5', 'GlobalSet', '1', '0', '2016-06-27 11:46:49', '2016-06-27 11:47:33', '50145a50-1dc1-4595-a212-610876b06fdf'),
 ('6', 'GlobalSet', '1', '0', '2016-06-27 11:47:04', '2016-06-27 11:47:47', '77f4d039-556d-497a-abc3-b5ffdf222eb6'),
 ('7', 'GlobalSet', '1', '0', '2016-06-27 11:47:18', '2016-06-27 11:47:40', 'c3000a0d-7af0-46e6-9c2f-96950c5bc2e6'),
 ('8', 'GlobalSet', '1', '0', '2016-06-27 12:05:04', '2016-06-27 12:05:04', '2fc57624-cb36-47fe-8182-5409496e77da'),
 ('9', 'GlobalSet', '1', '0', '2016-06-27 12:05:24', '2016-06-27 12:25:01', 'e9a9df27-cd02-4985-b758-ad11cefa3510'),
 ('10', 'Asset', '1', '0', '2016-06-27 12:12:28', '2016-06-27 12:45:14', '86d72579-aaa9-4d0c-8494-a626acb08eb3'),
 ('11', 'Entry', '1', '0', '2016-06-27 12:13:00', '2016-06-27 12:13:00', '1c692d02-7b84-4c09-a0c6-301520f595da'),
 ('12', 'Entry', '1', '0', '2016-06-27 12:13:46', '2016-06-27 12:55:24', '4c7156a9-4c64-460d-926a-c6b76d476109'),
 ('13', 'Entry', '1', '0', '2016-06-27 12:14:18', '2016-06-27 12:14:18', 'a20fc5d0-9aee-4ebf-807b-0a686a51829d'),
 ('14', 'Entry', '1', '0', '2016-06-27 12:14:33', '2016-06-27 12:54:59', 'bedfc182-c3a0-403e-9538-f7c564faee09'),
 ('15', 'Entry', '1', '0', '2016-06-27 12:14:47', '2016-06-27 12:14:47', 'd09c26d5-da8d-42f2-8913-3047c566824a'),
 ('16', 'Entry', '1', '0', '2016-06-27 12:14:57', '2016-06-27 12:54:51', 'fb52591a-0be3-4674-a8a1-6dd83dbbc8b7'),
 ('17', 'GlobalSet', '1', '0', '2016-06-27 12:22:05', '2016-06-27 12:24:36', '6655beff-b45b-402f-bc54-2c955b3f03ce'),
 ('18', 'Asset', '1', '0', '2016-06-27 12:26:53', '2016-06-27 12:45:14', '2f39aaf3-b341-4ebe-9d0c-636d231e0fa8'),
 ('20', 'Entry', '1', '0', '2016-06-27 12:48:11', '2016-06-27 12:48:11', '37e6dade-3b00-43e7-a64a-5da339eab51d'),
 ('21', 'Entry', '1', '0', '2016-06-27 12:54:06', '2016-06-27 12:54:06', '148bc31b-89b5-4e67-a099-db0441e3d391'),
 ('22', 'Entry', '1', '0', '2016-06-27 12:55:21', '2016-06-27 12:55:21', '43f59587-19c0-405e-a167-5672ae82284b');



DROP TABLE IF EXISTS `craft_elements_i18n`;


--
-- Schema for table `craft_elements_i18n`
--
CREATE TABLE `craft_elements_i18n` (
  `id` int(11) NOT NULL AUTO_INCREMENT,
  `elementId` int(11) NOT NULL,
  `locale` char(12) COLLATE utf8_unicode_ci NOT NULL,
  `slug` varchar(255) COLLATE utf8_unicode_ci DEFAULT NULL,
  `uri` varchar(255) COLLATE utf8_unicode_ci DEFAULT NULL,
  `enabled` tinyint(1) unsigned NOT NULL DEFAULT '1',
  `dateCreated` datetime NOT NULL,
  `dateUpdated` datetime NOT NULL,
  `uid` char(36) COLLATE utf8_unicode_ci NOT NULL DEFAULT '0',
  PRIMARY KEY (`id`),
  UNIQUE KEY `craft_elements_i18n_elementId_locale_unq_idx` (`elementId`,`locale`),
  UNIQUE KEY `craft_elements_i18n_uri_locale_unq_idx` (`uri`,`locale`),
  KEY `craft_elements_i18n_slug_locale_idx` (`slug`,`locale`),
  KEY `craft_elements_i18n_enabled_idx` (`enabled`),
  KEY `craft_elements_i18n_locale_fk` (`locale`)
) ENGINE=InnoDB AUTO_INCREMENT=23 DEFAULT CHARSET=utf8 COLLATE=utf8_unicode_ci;

--
-- Data for table `craft_elements_i18n`
--

INSERT INTO `craft_elements_i18n` (`id`, `elementId`, `locale`, `slug`, `uri`, `enabled`, `dateCreated`, `dateUpdated`, `uid`) VALUES
 ('1', '1', 'ru', '', NULL, '1', '2016-06-27 11:32:37', '2016-06-27 11:32:37', '2b689f5f-a172-42ea-9af2-565416e25a52'),
 ('2', '2', 'ru', 'homepage', '__home__', '1', '2016-06-27 11:32:39', '2016-06-27 11:32:39', '304c4cf9-957e-4068-bbcd-50a6cd63d6b5'),
 ('3', '3', 'ru', 'we-just-installed-craft', 'news/3-we-just-installed-craft', '1', '2016-06-27 11:32:40', '2016-06-27 12:36:51', '99f25472-3b63-4cc8-9767-9f0fb0be3af1'),
 ('4', '4', 'ru', '', NULL, '1', '2016-06-27 11:37:43', '2016-06-27 11:46:26', '4c357f65-661d-494e-931e-84589ad7611a'),
 ('5', '5', 'ru', '', NULL, '1', '2016-06-27 11:46:49', '2016-06-27 11:47:33', '98047ab6-2323-4e7b-b198-ede4fe58b7c2'),
 ('6', '6', 'ru', '', NULL, '1', '2016-06-27 11:47:04', '2016-06-27 11:47:47', '3d7b255b-ee53-44d3-9c22-d20e405a8a15'),
 ('7', '7', 'ru', '', NULL, '1', '2016-06-27 11:47:18', '2016-06-27 11:47:40', 'ad54221e-99d2-4aaf-929f-cbed45d8e1d2'),
 ('8', '8', 'ru', '', NULL, '1', '2016-06-27 12:05:04', '2016-06-27 12:05:04', '455a8035-671f-4b93-936b-6d4ba053ceeb'),
 ('9', '9', 'ru', '', NULL, '1', '2016-06-27 12:05:24', '2016-06-27 12:25:01', 'aa0210e6-6912-4ad3-a105-2a25d86b7fc4'),
 ('10', '10', 'ru', 'banner', NULL, '1', '2016-06-27 12:12:28', '2016-06-27 12:45:14', '7e70e14a-899f-47f2-a972-96cd043d502a'),
 ('11', '11', 'ru', 'свфу', NULL, '1', '2016-06-27 12:13:00', '2016-06-27 12:13:00', '07689146-cfd5-4c45-8521-da9061c23251'),
 ('12', '12', 'ru', 'about', NULL, '1', '2016-06-27 12:13:46', '2016-06-27 12:55:24', '6db82b79-ee31-4960-9149-62c686b6d2e7'),
 ('13', '13', 'ru', 'news', NULL, '1', '2016-06-27 12:14:18', '2016-06-27 12:14:18', '2b282fec-928e-4f25-a45c-e69188f80a61'),
 ('14', '14', 'ru', 'forum', NULL, '1', '2016-06-27 12:14:33', '2016-06-27 12:54:59', '2b438cd9-3a9a-4427-a4ca-68d5818544ce'),
 ('15', '15', 'ru', 'gallery', NULL, '1', '2016-06-27 12:14:47', '2016-06-27 12:14:47', 'b5357f19-b239-4f67-9741-b19a9d45fe02'),
 ('16', '16', 'ru', 'contacts', NULL, '1', '2016-06-27 12:14:58', '2016-06-27 12:54:51', 'e7aa4b84-85d8-48a2-9266-f9b1cae6a8dc'),
 ('17', '17', 'ru', '', NULL, '1', '2016-06-27 12:22:05', '2016-06-27 12:24:36', 'f6ba60ed-da53-4f33-a94d-ac2b4c1535e2'),
 ('18', '18', 'ru', 'picture-2-big', NULL, '1', '2016-06-27 12:26:53', '2016-06-27 12:45:14', '87351360-1e91-4eb0-b623-9becd46433b9'),
 ('20', '20', 'ru', 'контакты', 'contacts', '1', '2016-06-27 12:48:11', '2016-06-27 12:48:11', '8ca8d775-fcb2-4b16-9497-9a6262ee4a02'),
 ('21', '21', 'ru', 'форум', 'forum/', '1', '2016-06-27 12:54:06', '2016-06-27 12:54:06', 'b0d35e7e-6901-41d1-84de-925cf9951120'),
 ('22', '22', 'ru', 'о-марафоне', 'о-марафоне', '1', '2016-06-27 12:55:21', '2016-06-27 12:55:25', 'dc407d96-3ae4-46c4-89a3-400d23a64aad');



DROP TABLE IF EXISTS `craft_emailmessages`;


--
-- Schema for table `craft_emailmessages`
--
CREATE TABLE `craft_emailmessages` (
  `id` int(11) NOT NULL AUTO_INCREMENT,
  `key` char(150) COLLATE utf8_unicode_ci NOT NULL,
  `locale` char(12) COLLATE utf8_unicode_ci NOT NULL,
  `subject` varchar(1000) COLLATE utf8_unicode_ci NOT NULL,
  `body` text COLLATE utf8_unicode_ci NOT NULL,
  `dateCreated` datetime NOT NULL,
  `dateUpdated` datetime NOT NULL,
  `uid` char(36) COLLATE utf8_unicode_ci NOT NULL DEFAULT '0',
  PRIMARY KEY (`id`),
  UNIQUE KEY `craft_emailmessages_key_locale_unq_idx` (`key`,`locale`),
  KEY `craft_emailmessages_locale_fk` (`locale`)
) ENGINE=InnoDB DEFAULT CHARSET=utf8 COLLATE=utf8_unicode_ci;

DROP TABLE IF EXISTS `craft_entries`;


--
-- Schema for table `craft_entries`
--
CREATE TABLE `craft_entries` (
  `id` int(11) NOT NULL,
  `sectionId` int(11) NOT NULL,
  `typeId` int(11) DEFAULT NULL,
  `authorId` int(11) DEFAULT NULL,
  `postDate` datetime DEFAULT NULL,
  `expiryDate` datetime DEFAULT NULL,
  `dateCreated` datetime NOT NULL,
  `dateUpdated` datetime NOT NULL,
  `uid` char(36) COLLATE utf8_unicode_ci NOT NULL DEFAULT '0',
  PRIMARY KEY (`id`),
  KEY `craft_entries_sectionId_idx` (`sectionId`),
  KEY `craft_entries_typeId_idx` (`typeId`),
  KEY `craft_entries_postDate_idx` (`postDate`),
  KEY `craft_entries_expiryDate_idx` (`expiryDate`),
  KEY `craft_entries_authorId_fk` (`authorId`)
) ENGINE=InnoDB DEFAULT CHARSET=utf8 COLLATE=utf8_unicode_ci;

--
-- Data for table `craft_entries`
--

INSERT INTO `craft_entries` (`id`, `sectionId`, `typeId`, `authorId`, `postDate`, `expiryDate`, `dateCreated`, `dateUpdated`, `uid`) VALUES
 ('2', '1', NULL, NULL, '2016-06-27 11:32:39', NULL, '2016-06-27 11:32:39', '2016-06-27 11:32:39', '60a71ad4-c3a6-4da0-8de4-7eb9592de64a'),
 ('3', '2', '2', '1', '2016-06-27 11:32:00', NULL, '2016-06-27 11:32:40', '2016-06-27 12:36:51', '15399705-298a-46aa-9e0a-cb2bf32c7735'),
 ('11', '5', '5', '1', '2016-06-27 12:13:00', NULL, '2016-06-27 12:13:00', '2016-06-27 12:13:00', 'c6790b97-5e4d-4903-ae0d-d98b6ebe5099'),
 ('12', '3', '3', '1', '2016-06-27 12:13:00', NULL, '2016-06-27 12:13:46', '2016-06-27 12:55:24', 'f0d36473-6296-4731-a6c6-4ac6fbd6d6ad'),
 ('13', '3', '3', '1', '2016-06-27 12:14:18', NULL, '2016-06-27 12:14:18', '2016-06-27 12:14:18', '5fda4d82-ff07-4cd7-ad02-943db3ce0ef1'),
 ('14', '3', '3', '1', '2016-06-27 12:14:00', NULL, '2016-06-27 12:14:33', '2016-06-27 12:54:59', '6f49f42d-99c3-4ea5-9cd8-16c4ab56eb08'),
 ('15', '3', '3', '1', '2016-06-27 12:14:47', NULL, '2016-06-27 12:14:47', '2016-06-27 12:14:47', 'ac45562d-261d-42e3-909b-4509a8419d0e'),
 ('16', '3', '3', '1', '2016-06-27 12:14:00', NULL, '2016-06-27 12:14:58', '2016-06-27 12:54:51', 'd2418e32-61c4-4d52-baf4-bbfac4777042'),
 ('20', '6', NULL, NULL, '2016-06-27 12:48:11', NULL, '2016-06-27 12:48:11', '2016-06-27 12:48:11', '6fd4ac27-44e1-4efb-8a97-5d66ed88fc12'),
 ('21', '8', NULL, NULL, '2016-06-27 12:54:06', NULL, '2016-06-27 12:54:06', '2016-06-27 12:54:06', '2e508f1a-8421-46f3-9f77-78c6f31642a6'),
 ('22', '4', '4', '1', '2016-06-27 12:55:21', NULL, '2016-06-27 12:55:21', '2016-06-27 12:55:21', 'e0d7ca81-2e1b-47db-b0c9-af0c26a6f48c');



DROP TABLE IF EXISTS `craft_entrydrafts`;


--
-- Schema for table `craft_entrydrafts`
--
CREATE TABLE `craft_entrydrafts` (
  `id` int(11) NOT NULL AUTO_INCREMENT,
  `entryId` int(11) NOT NULL,
  `sectionId` int(11) NOT NULL,
  `creatorId` int(11) NOT NULL,
  `locale` char(12) COLLATE utf8_unicode_ci NOT NULL,
  `name` varchar(255) COLLATE utf8_unicode_ci NOT NULL,
  `notes` tinytext COLLATE utf8_unicode_ci,
  `data` mediumtext COLLATE utf8_unicode_ci NOT NULL,
  `dateCreated` datetime NOT NULL,
  `dateUpdated` datetime NOT NULL,
  `uid` char(36) COLLATE utf8_unicode_ci NOT NULL DEFAULT '0',
  PRIMARY KEY (`id`),
  KEY `craft_entrydrafts_entryId_locale_idx` (`entryId`,`locale`),
  KEY `craft_entrydrafts_sectionId_fk` (`sectionId`),
  KEY `craft_entrydrafts_creatorId_fk` (`creatorId`),
  KEY `craft_entrydrafts_locale_fk` (`locale`)
) ENGINE=InnoDB DEFAULT CHARSET=utf8 COLLATE=utf8_unicode_ci;

DROP TABLE IF EXISTS `craft_entrytypes`;


--
-- Schema for table `craft_entrytypes`
--
CREATE TABLE `craft_entrytypes` (
  `id` int(11) NOT NULL AUTO_INCREMENT,
  `sectionId` int(11) NOT NULL,
  `fieldLayoutId` int(11) DEFAULT NULL,
  `name` varchar(255) COLLATE utf8_unicode_ci NOT NULL,
  `handle` varchar(255) COLLATE utf8_unicode_ci NOT NULL,
  `hasTitleField` tinyint(1) unsigned NOT NULL DEFAULT '1',
  `titleLabel` varchar(255) COLLATE utf8_unicode_ci DEFAULT 'Title',
  `titleFormat` varchar(255) COLLATE utf8_unicode_ci DEFAULT NULL,
  `sortOrder` smallint(6) unsigned DEFAULT NULL,
  `dateCreated` datetime NOT NULL,
  `dateUpdated` datetime NOT NULL,
  `uid` char(36) COLLATE utf8_unicode_ci NOT NULL DEFAULT '0',
  PRIMARY KEY (`id`),
  UNIQUE KEY `craft_entrytypes_name_sectionId_unq_idx` (`name`,`sectionId`),
  UNIQUE KEY `craft_entrytypes_handle_sectionId_unq_idx` (`handle`,`sectionId`),
  KEY `craft_entrytypes_sectionId_fk` (`sectionId`),
  KEY `craft_entrytypes_fieldLayoutId_fk` (`fieldLayoutId`)
) ENGINE=InnoDB AUTO_INCREMENT=9 DEFAULT CHARSET=utf8 COLLATE=utf8_unicode_ci;

--
-- Data for table `craft_entrytypes`
--

INSERT INTO `craft_entrytypes` (`id`, `sectionId`, `fieldLayoutId`, `name`, `handle`, `hasTitleField`, `titleLabel`, `titleFormat`, `sortOrder`, `dateCreated`, `dateUpdated`, `uid`) VALUES
 ('1', '1', '3', 'Homepage', 'homepage', '1', 'Title', NULL, NULL, '2016-06-27 11:32:39', '2016-06-27 11:32:39', '0a06fa12-ba5f-47e7-9aec-a71b2d7ab9bb'),
 ('2', '2', '33', 'News', 'news', '1', 'Название', NULL, NULL, '2016-06-27 11:32:39', '2016-06-27 12:18:07', '54f4d7d7-69eb-4442-9b64-1381ca2b091a'),
 ('3', '3', '17', 'Навигация', 'navigation', '1', 'Название', NULL, NULL, '2016-06-27 11:49:59', '2016-06-27 11:52:43', '445eadbc-959c-4df9-bf59-e0757a615095'),
 ('4', '4', '29', 'Страницы', 'pages', '1', 'Название', NULL, NULL, '2016-06-27 11:54:42', '2016-06-27 12:09:28', 'ae1ad426-cc09-4c54-a2a2-83cb38a399a1'),
 ('5', '5', '28', 'Спонсоры марафона', 'sponsors', '1', 'Название', NULL, NULL, '2016-06-27 12:07:31', '2016-06-27 12:08:58', '49cf2610-ea80-418e-8fa9-cb1550e56b7d'),
 ('6', '6', '40', 'Контакты', 'contacts', '0', NULL, '{section.name|raw}', NULL, '2016-06-27 12:48:11', '2016-06-27 12:49:02', '31888afc-0950-4f3d-a183-b7e1a6ea3044'),
 ('7', '7', '42', 'Галерея', 'gallery', '1', 'Название', NULL, NULL, '2016-06-27 12:52:48', '2016-06-27 12:53:08', 'd124855f-105c-43ee-9e07-04eac44b6205'),
 ('8', '8', '43', 'Форум', 'forum', '0', NULL, '{section.name|raw}', NULL, '2016-06-27 12:54:06', '2016-06-27 12:54:06', 'abcda8d3-e6aa-47df-a390-017c7625b422');



DROP TABLE IF EXISTS `craft_entryversions`;


--
-- Schema for table `craft_entryversions`
--
CREATE TABLE `craft_entryversions` (
  `id` int(11) NOT NULL AUTO_INCREMENT,
  `entryId` int(11) NOT NULL,
  `sectionId` int(11) NOT NULL,
  `creatorId` int(11) DEFAULT NULL,
  `locale` char(12) COLLATE utf8_unicode_ci NOT NULL,
  `num` smallint(6) unsigned NOT NULL,
  `notes` tinytext COLLATE utf8_unicode_ci,
  `data` mediumtext COLLATE utf8_unicode_ci NOT NULL,
  `dateCreated` datetime NOT NULL,
  `dateUpdated` datetime NOT NULL,
  `uid` char(36) COLLATE utf8_unicode_ci NOT NULL DEFAULT '0',
  PRIMARY KEY (`id`),
  KEY `craft_entryversions_entryId_locale_idx` (`entryId`,`locale`),
  KEY `craft_entryversions_sectionId_fk` (`sectionId`),
  KEY `craft_entryversions_creatorId_fk` (`creatorId`),
  KEY `craft_entryversions_locale_fk` (`locale`)
) ENGINE=InnoDB AUTO_INCREMENT=18 DEFAULT CHARSET=utf8 COLLATE=utf8_unicode_ci;

--
-- Data for table `craft_entryversions`
--

INSERT INTO `craft_entryversions` (`id`, `entryId`, `sectionId`, `creatorId`, `locale`, `num`, `notes`, `data`, `dateCreated`, `dateUpdated`, `uid`) VALUES
 ('1', '2', '1', '1', 'ru', '1', NULL, '{\"typeId\":\"1\",\"authorId\":null,\"title\":\"Homepage\",\"slug\":\"homepage\",\"postDate\":1467027159,\"expiryDate\":null,\"enabled\":1,\"parentId\":null,\"fields\":[]}', '2016-06-27 11:32:39', '2016-06-27 11:32:39', 'b0356acd-e07d-4192-a781-ef5d380965a1'),
 ('2', '2', '1', '1', 'ru', '2', NULL, '{\"typeId\":null,\"authorId\":null,\"title\":\"Welcome to Northmarathon.io!\",\"slug\":\"homepage\",\"postDate\":1467027159,\"expiryDate\":null,\"enabled\":\"1\",\"parentId\":null,\"fields\":{\"1\":\"<p>It\\u2019s true, this site doesn\\u2019t have a whole lot of content yet, but don\\u2019t worry. Our web developers have just installed the CMS, and they\\u2019re setting things up for the content editors this very moment. Soon Northmarathon.io will be an oasis of fresh perspectives, sharp analyses, and astute opinions that will keep you coming back again and again.<\\/p>\"}}', '2016-06-27 11:32:39', '2016-06-27 11:32:39', '9d27f42d-7a94-4362-90b2-ea45f07702a5'),
 ('3', '3', '2', '1', 'ru', '1', NULL, '{\"typeId\":\"2\",\"authorId\":\"1\",\"title\":\"We just installed Craft!\",\"slug\":\"we-just-installed-craft\",\"postDate\":1467027160,\"expiryDate\":null,\"enabled\":1,\"parentId\":null,\"fields\":[]}', '2016-06-27 11:32:40', '2016-06-27 11:32:40', 'e7e7d6bc-bd5c-442c-99db-f3f5dde0a759'),
 ('4', '11', '5', '1', 'ru', '1', '', '{\"typeId\":null,\"authorId\":\"1\",\"title\":\"\\u0421\\u0412\\u0424\\u0423\",\"slug\":\"\\u0441\\u0432\\u0444\\u0443\",\"postDate\":1467029580,\"expiryDate\":null,\"enabled\":1,\"parentId\":null,\"fields\":{\"10\":[\"10\"],\"11\":\"http:\\/\\/s-vfu.ru\"}}', '2016-06-27 12:13:00', '2016-06-27 12:13:00', '73d9179b-f255-4f32-bd84-a7f9e247d661'),
 ('5', '12', '3', '1', 'ru', '1', '', '{\"typeId\":null,\"authorId\":\"1\",\"title\":\"\\u041e \\u043c\\u0430\\u0440\\u0430\\u0444\\u043e\\u043d\\u0435\",\"slug\":\"\\u043e-\\u043c\\u0430\\u0440\\u0430\\u0444\\u043e\\u043d\\u0435\",\"postDate\":1467029626,\"expiryDate\":null,\"enabled\":1,\"parentId\":null,\"fields\":{\"6\":\"\"}}', '2016-06-27 12:13:46', '2016-06-27 12:13:46', '989fa945-db4b-457b-a07f-f569c8f534fc'),
 ('6', '13', '3', '1', 'ru', '1', '', '{\"typeId\":null,\"authorId\":\"1\",\"title\":\"\\u041d\\u043e\\u0432\\u043e\\u0441\\u0442\\u0438\",\"slug\":\"news\",\"postDate\":1467029658,\"expiryDate\":null,\"enabled\":1,\"parentId\":null,\"fields\":{\"6\":\"\"}}', '2016-06-27 12:14:18', '2016-06-27 12:14:18', '38ecd600-394d-4f77-8d87-3c62cdb5fe85'),
 ('7', '14', '3', '1', 'ru', '1', '', '{\"typeId\":null,\"authorId\":\"1\",\"title\":\"\\u0424\\u043e\\u0440\\u0443\\u043c\",\"slug\":\"forum\",\"postDate\":1467029673,\"expiryDate\":null,\"enabled\":1,\"parentId\":null,\"fields\":{\"6\":\"\"}}', '2016-06-27 12:14:33', '2016-06-27 12:14:33', 'eebed8e3-1346-4a74-9506-8eacd1d31975'),
 ('8', '15', '3', '1', 'ru', '1', '', '{\"typeId\":null,\"authorId\":\"1\",\"title\":\"\\u0413\\u0430\\u043b\\u0435\\u0440\\u0435\\u044f\",\"slug\":\"gallery\",\"postDate\":1467029687,\"expiryDate\":null,\"enabled\":1,\"parentId\":null,\"fields\":{\"6\":\"\"}}', '2016-06-27 12:14:47', '2016-06-27 12:14:47', 'fb19473d-cd14-424f-82d6-7d40c9836f4a'),
 ('9', '16', '3', '1', 'ru', '1', '', '{\"typeId\":null,\"authorId\":\"1\",\"title\":\"\\u041a\\u043e\\u043d\\u0442\\u0430\\u043a\\u0442\\u044b\",\"slug\":\"contacts\",\"postDate\":1467029697,\"expiryDate\":null,\"enabled\":1,\"parentId\":null,\"fields\":{\"6\":\"\"}}', '2016-06-27 12:14:58', '2016-06-27 12:14:58', '12577087-1cd8-4c76-a698-197132db4e79'),
 ('10', '12', '3', '1', 'ru', '2', '', '{\"typeId\":\"3\",\"authorId\":\"1\",\"title\":\"\\u041e \\u043c\\u0430\\u0440\\u0430\\u0444\\u043e\\u043d\\u0435\",\"slug\":\"about\",\"postDate\":1467029580,\"expiryDate\":null,\"enabled\":1,\"parentId\":null,\"fields\":{\"6\":\"\"}}', '2016-06-27 12:15:04', '2016-06-27 12:15:04', 'c971e180-5061-4c3a-90a4-0c2bd180cdc3'),
 ('11', '3', '2', '1', 'ru', '2', '', '{\"typeId\":\"2\",\"authorId\":\"1\",\"title\":\"We just installed Craft!\",\"slug\":\"we-just-installed-craft\",\"postDate\":1467027120,\"expiryDate\":null,\"enabled\":1,\"parentId\":null,\"fields\":{\"10\":\"\",\"7\":{\"new1\":{\"type\":\"gallery\",\"enabled\":\"1\",\"fields\":{\"gallery\":[\"18\"]}}}}}', '2016-06-27 12:31:36', '2016-06-27 12:31:36', '9b8e2ccb-e9d5-4fad-976a-2d89d7bc74f7'),
 ('12', '3', '2', '1', 'ru', '3', '', '{\"typeId\":\"2\",\"authorId\":\"1\",\"title\":\"We just installed Craft!\",\"slug\":\"we-just-installed-craft\",\"postDate\":1467027120,\"expiryDate\":null,\"enabled\":1,\"parentId\":null,\"fields\":{\"10\":[\"18\"],\"7\":\"\"}}', '2016-06-27 12:36:51', '2016-06-27 12:36:51', '7fa7b55b-448e-4906-9d09-128ed2cdb1c3'),
 ('13', '20', '6', '1', 'ru', '1', NULL, '{\"typeId\":\"6\",\"authorId\":null,\"title\":\"\\u041a\\u043e\\u043d\\u0442\\u0430\\u043a\\u0442\\u044b\",\"slug\":\"\\u043a\\u043e\\u043d\\u0442\\u0430\\u043a\\u0442\\u044b\",\"postDate\":1467031691,\"expiryDate\":null,\"enabled\":1,\"parentId\":null,\"fields\":[]}', '2016-06-27 12:48:11', '2016-06-27 12:48:11', '9fc6aefe-b5c1-42b7-8ed9-7b2a089ddac6'),
 ('14', '16', '3', '1', 'ru', '2', '', '{\"typeId\":\"3\",\"authorId\":\"1\",\"title\":\"\\u041a\\u043e\\u043d\\u0442\\u0430\\u043a\\u0442\\u044b\",\"slug\":\"contacts\",\"postDate\":1467029640,\"expiryDate\":null,\"enabled\":1,\"parentId\":null,\"fields\":{\"6\":[\"20\"]}}', '2016-06-27 12:54:51', '2016-06-27 12:54:51', '51002b38-e71e-458e-b672-a1c23fcf80e0'),
 ('15', '14', '3', '1', 'ru', '2', '', '{\"typeId\":\"3\",\"authorId\":\"1\",\"title\":\"\\u0424\\u043e\\u0440\\u0443\\u043c\",\"slug\":\"forum\",\"postDate\":1467029640,\"expiryDate\":null,\"enabled\":1,\"parentId\":null,\"fields\":{\"6\":[\"21\"]}}', '2016-06-27 12:54:59', '2016-06-27 12:54:59', 'c775d34c-ebf8-4e30-903c-ae32ff46da14'),
 ('16', '22', '4', '1', 'ru', '1', NULL, '{\"typeId\":null,\"authorId\":\"1\",\"title\":\"\\u041e \\u043c\\u0430\\u0440\\u0430\\u0444\\u043e\\u043d\\u0435\",\"slug\":\"\\u043e-\\u043c\\u0430\\u0440\\u0430\\u0444\\u043e\\u043d\\u0435\",\"postDate\":1467032121,\"expiryDate\":null,\"enabled\":1,\"parentId\":null,\"fields\":{\"10\":\"\",\"7\":\"\"}}', '2016-06-27 12:55:21', '2016-06-27 12:55:21', '4ebdf9da-995f-40d9-9a30-605799e918ef'),
 ('17', '12', '3', '1', 'ru', '3', '', '{\"typeId\":\"3\",\"authorId\":\"1\",\"title\":\"\\u041e \\u043c\\u0430\\u0440\\u0430\\u0444\\u043e\\u043d\\u0435\",\"slug\":\"about\",\"postDate\":1467029580,\"expiryDate\":null,\"enabled\":1,\"parentId\":null,\"fields\":{\"6\":[\"22\"]}}', '2016-06-27 12:55:24', '2016-06-27 12:55:24', 'a4e69fb3-12b8-4c41-986e-34787a57515a');



DROP TABLE IF EXISTS `craft_fieldgroups`;


--
-- Schema for table `craft_fieldgroups`
--
CREATE TABLE `craft_fieldgroups` (
  `id` int(11) NOT NULL AUTO_INCREMENT,
  `name` varchar(255) COLLATE utf8_unicode_ci NOT NULL,
  `dateCreated` datetime NOT NULL,
  `dateUpdated` datetime NOT NULL,
  `uid` char(36) COLLATE utf8_unicode_ci NOT NULL DEFAULT '0',
  PRIMARY KEY (`id`),
  UNIQUE KEY `craft_fieldgroups_name_unq_idx` (`name`)
) ENGINE=InnoDB AUTO_INCREMENT=4 DEFAULT CHARSET=utf8 COLLATE=utf8_unicode_ci;

--
-- Data for table `craft_fieldgroups`
--

INSERT INTO `craft_fieldgroups` (`id`, `name`, `dateCreated`, `dateUpdated`, `uid`) VALUES
 ('1', 'Default', '2016-06-27 11:32:39', '2016-06-27 11:32:39', 'f23a6387-140d-40ca-b624-7e82ebce167a'),
 ('2', 'Социальные сети', '2016-06-27 11:38:07', '2016-06-27 11:38:07', '1519e2ac-39b4-43aa-b088-27174a69a940'),
 ('3', 'Галерея', '2016-06-27 12:50:07', '2016-06-27 12:50:07', 'e8f5d6a4-b777-4f39-9cc9-a5affa1bf96e');



DROP TABLE IF EXISTS `craft_fieldlayoutfields`;


--
-- Schema for table `craft_fieldlayoutfields`
--
CREATE TABLE `craft_fieldlayoutfields` (
  `id` int(11) NOT NULL AUTO_INCREMENT,
  `layoutId` int(11) NOT NULL,
  `tabId` int(11) NOT NULL,
  `fieldId` int(11) NOT NULL,
  `required` tinyint(1) unsigned NOT NULL DEFAULT '0',
  `sortOrder` smallint(6) unsigned DEFAULT NULL,
  `dateCreated` datetime NOT NULL,
  `dateUpdated` datetime NOT NULL,
  `uid` char(36) COLLATE utf8_unicode_ci NOT NULL DEFAULT '0',
  PRIMARY KEY (`id`),
  UNIQUE KEY `craft_fieldlayoutfields_layoutId_fieldId_unq_idx` (`layoutId`,`fieldId`),
  KEY `craft_fieldlayoutfields_sortOrder_idx` (`sortOrder`),
  KEY `craft_fieldlayoutfields_tabId_fk` (`tabId`),
  KEY `craft_fieldlayoutfields_fieldId_fk` (`fieldId`)
) ENGINE=InnoDB AUTO_INCREMENT=41 DEFAULT CHARSET=utf8 COLLATE=utf8_unicode_ci;

--
-- Data for table `craft_fieldlayoutfields`
--

INSERT INTO `craft_fieldlayoutfields` (`id`, `layoutId`, `tabId`, `fieldId`, `required`, `sortOrder`, `dateCreated`, `dateUpdated`, `uid`) VALUES
 ('1', '3', '1', '1', '1', '1', '2016-06-27 11:32:39', '2016-06-27 11:32:39', '73bb23fc-0615-4930-bb19-fbdba2d033e2'),
 ('11', '11', '7', '4', '0', '1', '2016-06-27 11:46:26', '2016-06-27 11:46:26', 'f36876b3-4e8e-4080-b436-e6013c15be42'),
 ('12', '12', '8', '4', '0', '1', '2016-06-27 11:46:49', '2016-06-27 11:46:49', '82f7653a-7af4-49ce-add0-90172a136c54'),
 ('13', '13', '9', '4', '0', '1', '2016-06-27 11:47:04', '2016-06-27 11:47:04', 'a8eec5fa-aabe-421a-8b59-c005f52f5f65'),
 ('14', '14', '10', '4', '0', '1', '2016-06-27 11:47:18', '2016-06-27 11:47:18', 'a67ccb1a-6669-472f-8c1f-1d7703c9046f'),
 ('16', '17', '12', '6', '0', '1', '2016-06-27 11:52:43', '2016-06-27 11:52:43', 'e817b538-c472-4b42-b99f-e21c1f1b8226'),
 ('20', '24', '17', '10', '0', '1', '2016-06-27 12:05:04', '2016-06-27 12:05:04', '1f395759-2fd5-49e8-8012-ae583e9e9456'),
 ('24', '28', '19', '10', '0', '2', '2016-06-27 12:08:58', '2016-06-27 12:08:58', 'd6b62e7c-297c-4160-96b0-574a729c7570'),
 ('25', '28', '19', '11', '0', '3', '2016-06-27 12:08:58', '2016-06-27 12:08:58', '0c7ff1ec-c5ca-4be2-a9dd-e88c1cacbd18'),
 ('27', '29', '20', '10', '0', '2', '2016-06-27 12:09:28', '2016-06-27 12:09:28', '838aa5d9-e735-4c5c-abe8-921489a698b2'),
 ('28', '29', '20', '7', '0', '3', '2016-06-27 12:09:28', '2016-06-27 12:09:28', 'bb0ba2bd-7df1-4edf-8d8d-11dd22b51f38'),
 ('31', '33', '23', '10', '0', '1', '2016-06-27 12:18:07', '2016-06-27 12:18:07', '9938757c-961f-4969-945b-2a5d761f5626'),
 ('32', '33', '23', '7', '0', '2', '2016-06-27 12:18:07', '2016-06-27 12:18:07', '3fe03d68-4cb2-4c2c-83be-ad4ca9f643a1'),
 ('33', '34', '24', '8', '0', '1', '2016-06-27 12:18:46', '2016-06-27 12:18:46', '0a3fec93-260f-4784-bfd6-3e769bf8a49f'),
 ('34', '35', '25', '9', '0', '1', '2016-06-27 12:18:46', '2016-06-27 12:18:46', '705f3f36-6501-4fd9-9e9a-edb246691a29'),
 ('36', '37', '27', '13', '0', '1', '2016-06-27 12:24:36', '2016-06-27 12:24:36', 'c4e2bdde-2d40-4806-a75c-4abf8ad2381e'),
 ('37', '38', '28', '10', '0', '1', '2016-06-27 12:25:02', '2016-06-27 12:25:02', '8f08a3a6-1fbb-49c6-8038-58d624e79cbb'),
 ('38', '40', '29', '10', '0', '1', '2016-06-27 12:49:02', '2016-06-27 12:49:02', 'dc320958-8e69-491a-ad14-ec62e4094713'),
 ('39', '40', '29', '1', '0', '2', '2016-06-27 12:49:02', '2016-06-27 12:49:02', 'f6e13297-eaec-446a-a9ba-c1b59f860170'),
 ('40', '42', '30', '14', '0', '1', '2016-06-27 12:53:08', '2016-06-27 12:53:08', '9e41ace6-8c48-4ec9-9349-90bb1cbf6820');



DROP TABLE IF EXISTS `craft_fieldlayouts`;


--
-- Schema for table `craft_fieldlayouts`
--
CREATE TABLE `craft_fieldlayouts` (
  `id` int(11) NOT NULL AUTO_INCREMENT,
  `type` varchar(150) COLLATE utf8_unicode_ci NOT NULL,
  `dateCreated` datetime NOT NULL,
  `dateUpdated` datetime NOT NULL,
  `uid` char(36) COLLATE utf8_unicode_ci NOT NULL DEFAULT '0',
  PRIMARY KEY (`id`),
  KEY `craft_fieldlayouts_type_idx` (`type`)
) ENGINE=InnoDB AUTO_INCREMENT=44 DEFAULT CHARSET=utf8 COLLATE=utf8_unicode_ci;

--
-- Data for table `craft_fieldlayouts`
--

INSERT INTO `craft_fieldlayouts` (`id`, `type`, `dateCreated`, `dateUpdated`, `uid`) VALUES
 ('1', 'Tag', '2016-06-27 11:32:39', '2016-06-27 11:32:39', 'a2c9cce8-53c4-425c-b395-4e32e97e5891'),
 ('3', 'Entry', '2016-06-27 11:32:39', '2016-06-27 11:32:39', 'fece5926-1603-4c81-b405-8d2648551625'),
 ('11', 'GlobalSet', '2016-06-27 11:46:26', '2016-06-27 11:46:26', 'b6276150-7372-4f0b-882f-53753e9cf94f'),
 ('12', 'GlobalSet', '2016-06-27 11:46:49', '2016-06-27 11:46:49', '1306ba8a-7b9d-49cb-aa2c-4c5a53f2d7d9'),
 ('13', 'GlobalSet', '2016-06-27 11:47:04', '2016-06-27 11:47:04', 'c877d678-6f37-4b21-98e5-cfaf7405cc88'),
 ('14', 'GlobalSet', '2016-06-27 11:47:18', '2016-06-27 11:47:18', '5a7ebf2a-dd28-47be-b695-cbdb5533a4f0'),
 ('17', 'Entry', '2016-06-27 11:52:43', '2016-06-27 11:52:43', 'f0ede1f9-c4fe-439f-b1e2-d26ea49f551a'),
 ('24', 'GlobalSet', '2016-06-27 12:05:04', '2016-06-27 12:05:04', 'e4ae6cdd-419d-454b-9151-23db5aaa5895'),
 ('28', 'Entry', '2016-06-27 12:08:58', '2016-06-27 12:08:58', 'c3b630fa-18b9-422b-ac63-90635cc92644'),
 ('29', 'Entry', '2016-06-27 12:09:28', '2016-06-27 12:09:28', 'f92acba9-c6f8-44ea-9fc1-24427767be99'),
 ('32', 'Asset', '2016-06-27 12:12:21', '2016-06-27 12:12:21', '76af6253-7417-4aac-898f-5eac1d4b4a52'),
 ('33', 'Entry', '2016-06-27 12:18:07', '2016-06-27 12:18:07', 'ba81ec90-1c0b-46fd-887c-1a63acdae604'),
 ('34', 'MatrixBlock', '2016-06-27 12:18:46', '2016-06-27 12:18:46', 'b9664740-d642-47fa-8f99-586ba8b402c3'),
 ('35', 'MatrixBlock', '2016-06-27 12:18:46', '2016-06-27 12:18:46', '563af4d8-11fc-49c8-924f-66cf64418164'),
 ('37', 'GlobalSet', '2016-06-27 12:24:36', '2016-06-27 12:24:36', '8957964f-d6e6-4288-bb1c-25d4d8a298aa'),
 ('38', 'GlobalSet', '2016-06-27 12:25:01', '2016-06-27 12:25:01', 'd03ff512-649f-4716-89dc-1ab4c8c0c95b'),
 ('40', 'Entry', '2016-06-27 12:49:02', '2016-06-27 12:49:02', 'a87e2c49-65b5-4394-87a1-3a71d251ac20'),
 ('42', 'Entry', '2016-06-27 12:53:08', '2016-06-27 12:53:08', '269e6797-6e03-4d3b-bc1e-16f934809157'),
 ('43', 'Entry', '2016-06-27 12:54:06', '2016-06-27 12:54:06', 'a0f2f050-cad0-462b-a1f1-1d28ac028a47');



DROP TABLE IF EXISTS `craft_fieldlayouttabs`;


--
-- Schema for table `craft_fieldlayouttabs`
--
CREATE TABLE `craft_fieldlayouttabs` (
  `id` int(11) NOT NULL AUTO_INCREMENT,
  `layoutId` int(11) NOT NULL,
  `name` varchar(255) COLLATE utf8_unicode_ci NOT NULL,
  `sortOrder` smallint(6) unsigned DEFAULT NULL,
  `dateCreated` datetime NOT NULL,
  `dateUpdated` datetime NOT NULL,
  `uid` char(36) COLLATE utf8_unicode_ci NOT NULL DEFAULT '0',
  PRIMARY KEY (`id`),
  KEY `craft_fieldlayouttabs_sortOrder_idx` (`sortOrder`),
  KEY `craft_fieldlayouttabs_layoutId_fk` (`layoutId`)
) ENGINE=InnoDB AUTO_INCREMENT=31 DEFAULT CHARSET=utf8 COLLATE=utf8_unicode_ci;

--
-- Data for table `craft_fieldlayouttabs`
--

INSERT INTO `craft_fieldlayouttabs` (`id`, `layoutId`, `name`, `sortOrder`, `dateCreated`, `dateUpdated`, `uid`) VALUES
 ('1', '3', 'Content', '1', '2016-06-27 11:32:39', '2016-06-27 11:32:39', 'cd65f2cc-b609-495a-94e9-27f429e5e4ed'),
 ('7', '11', 'Контент', '1', '2016-06-27 11:46:26', '2016-06-27 11:46:26', 'd55d4f77-2469-4e7b-9c84-5a42a01a4d31'),
 ('8', '12', 'Контент', '1', '2016-06-27 11:46:49', '2016-06-27 11:46:49', '62aff3cd-72cd-48e3-9e83-4f11d34ce9e2'),
 ('9', '13', 'Контент', '1', '2016-06-27 11:47:04', '2016-06-27 11:47:04', '843f889b-e981-48a4-9cfe-d7af138614d5'),
 ('10', '14', 'Контент', '1', '2016-06-27 11:47:18', '2016-06-27 11:47:18', '807851d1-b90c-4019-ac42-ac527b3b045c'),
 ('12', '17', 'Контент', '1', '2016-06-27 11:52:43', '2016-06-27 11:52:43', '833f051d-a2c5-445b-b7a4-b5559586b8f6'),
 ('17', '24', 'Контент', '1', '2016-06-27 12:05:04', '2016-06-27 12:05:04', 'ddda6d54-cbbe-4226-b82a-e2060d9f4123'),
 ('19', '28', 'Tab 1', '1', '2016-06-27 12:08:58', '2016-06-27 12:08:58', '2391c6a7-0cc6-4c81-b932-65b022f447a9'),
 ('20', '29', 'Tab 1', '1', '2016-06-27 12:09:28', '2016-06-27 12:09:28', '379b0a93-5548-4e18-a298-e5559b3bc387'),
 ('23', '33', 'Content', '1', '2016-06-27 12:18:07', '2016-06-27 12:18:07', '6c612d66-e572-44b7-bfcb-b21a151e4281'),
 ('24', '34', 'Content', '1', '2016-06-27 12:18:46', '2016-06-27 12:18:46', '52865085-bb82-4704-9311-dae7baa7d472'),
 ('25', '35', 'Content', '1', '2016-06-27 12:18:46', '2016-06-27 12:18:46', 'c4de40a6-0378-4a1a-9821-27f57256c7d3'),
 ('27', '37', 'Контент', '1', '2016-06-27 12:24:36', '2016-06-27 12:24:36', '3b77fcc9-9a32-423b-a558-d2e325764ff7'),
 ('28', '38', 'Контент', '1', '2016-06-27 12:25:01', '2016-06-27 12:25:01', 'aab142b3-4c7b-4e68-9c4d-cb64863509b4'),
 ('29', '40', 'Tab 1', '1', '2016-06-27 12:49:02', '2016-06-27 12:49:02', '3ac96818-bc20-4cd5-b894-aa6abb29a9b4'),
 ('30', '42', 'Tab 1', '1', '2016-06-27 12:53:08', '2016-06-27 12:53:08', '4b6513c0-de0d-4c41-9e3b-dde2ea42de11');



DROP TABLE IF EXISTS `craft_fields`;


--
-- Schema for table `craft_fields`
--
CREATE TABLE `craft_fields` (
  `id` int(11) NOT NULL AUTO_INCREMENT,
  `groupId` int(11) DEFAULT NULL,
  `name` varchar(255) COLLATE utf8_unicode_ci NOT NULL,
  `handle` varchar(58) COLLATE utf8_unicode_ci NOT NULL,
  `context` varchar(255) COLLATE utf8_unicode_ci NOT NULL DEFAULT 'global',
  `instructions` text COLLATE utf8_unicode_ci,
  `translatable` tinyint(1) unsigned NOT NULL DEFAULT '0',
  `type` varchar(150) COLLATE utf8_unicode_ci NOT NULL,
  `settings` text COLLATE utf8_unicode_ci,
  `dateCreated` datetime NOT NULL,
  `dateUpdated` datetime NOT NULL,
  `uid` char(36) COLLATE utf8_unicode_ci NOT NULL DEFAULT '0',
  PRIMARY KEY (`id`),
  UNIQUE KEY `craft_fields_handle_context_unq_idx` (`handle`,`context`),
  KEY `craft_fields_context_idx` (`context`),
  KEY `craft_fields_groupId_fk` (`groupId`)
) ENGINE=InnoDB AUTO_INCREMENT=15 DEFAULT CHARSET=utf8 COLLATE=utf8_unicode_ci;

--
-- Data for table `craft_fields`
--

INSERT INTO `craft_fields` (`id`, `groupId`, `name`, `handle`, `context`, `instructions`, `translatable`, `type`, `settings`, `dateCreated`, `dateUpdated`, `uid`) VALUES
 ('1', '1', 'Body', 'body', 'global', NULL, '1', 'RichText', '{\"configFile\":\"Standard.json\",\"columnType\":\"text\"}', '2016-06-27 11:32:39', '2016-06-27 11:32:39', '859eb526-7615-4fca-9eb3-940376ab8635'),
 ('2', '1', 'Tags', 'tags', 'global', NULL, '0', 'Tags', '{\"source\":\"taggroup:1\"}', '2016-06-27 11:32:39', '2016-06-27 11:32:39', 'a0d80cc2-1929-47b3-b7a1-fd281ee9925f'),
 ('3', '2', 'Название', 'socialNetworkName', 'global', '', '0', 'PlainText', '{\"placeholder\":\"\\u0412\\u043a\\u043e\\u043d\\u0442\\u0430\\u043a\\u0442\\u0435, Instagram, Twitter, Facebook...\",\"maxLength\":\"50\",\"multiline\":\"\",\"initialRows\":\"4\"}', '2016-06-27 11:39:08', '2016-06-27 11:44:01', '39634c4e-4f60-40d1-8b4c-fc646cdd8543'),
 ('4', '2', 'Ссылка', 'socialNetworkLink', 'global', '', '0', 'PlainText', '{\"placeholder\":\"http:\\/\\/\",\"maxLength\":\"\",\"multiline\":\"\",\"initialRows\":\"4\"}', '2016-06-27 11:41:27', '2016-06-27 11:41:27', '3c9a8822-61e0-4170-9789-8c1ff2d901b8'),
 ('5', '2', 'Иконка', 'socialNetworkIcon', 'global', '', '0', 'PlainText', '{\"placeholder\":\"vk, instagram, facebook, twitter...\",\"maxLength\":\"\",\"multiline\":\"\",\"initialRows\":\"4\"}', '2016-06-27 11:43:24', '2016-06-27 11:43:24', 'a4087f86-9483-455c-bee5-c5453ba682fe'),
 ('6', '1', 'Запись', 'entry', 'global', '', '0', 'Entries', '{\"sources\":\"*\",\"limit\":\"\",\"selectionLabel\":\"\"}', '2016-06-27 11:48:39', '2016-06-27 11:48:39', 'bfba28e4-2b27-44fc-b767-cd6153d1bfd2'),
 ('7', '1', 'Контент', 'articleBody', 'global', '', '0', 'Matrix', '{\"maxBlocks\":null}', '2016-06-27 12:01:15', '2016-06-27 12:18:45', 'd6115c57-8db0-4061-a372-63602c12d3fe'),
 ('8', NULL, 'Text', 'text', 'matrixBlockType:1', '', '0', 'RichText', '{\"configFile\":\"Standard.json\",\"availableAssetSources\":\"*\",\"availableTransforms\":\"*\",\"cleanupHtml\":\"1\",\"purifyHtml\":\"1\",\"columnType\":\"text\"}', '2016-06-27 12:01:16', '2016-06-27 12:18:46', 'b06c90b9-4e54-48a0-8a72-6f70f5682cdc'),
 ('9', NULL, 'Галерея', 'gallery', 'matrixBlockType:2', '', '0', 'Assets', '{\"useSingleFolder\":\"\",\"sources\":\"*\",\"defaultUploadLocationSource\":\"1\",\"defaultUploadLocationSubpath\":\"\",\"singleUploadLocationSource\":\"1\",\"singleUploadLocationSubpath\":\"\",\"restrictFiles\":\"\",\"limit\":\"\",\"viewMode\":\"large\",\"selectionLabel\":\"\"}', '2016-06-27 12:03:27', '2016-06-27 12:18:46', '654af76b-0d66-41c1-aac4-449412a8eff9'),
 ('10', '1', 'Изображение', 'image', 'global', '', '0', 'Assets', '{\"useSingleFolder\":\"\",\"sources\":\"*\",\"defaultUploadLocationSource\":\"1\",\"defaultUploadLocationSubpath\":\"\",\"singleUploadLocationSource\":\"1\",\"singleUploadLocationSubpath\":\"\",\"restrictFiles\":\"\",\"limit\":\"1\",\"viewMode\":\"list\",\"selectionLabel\":\"\"}', '2016-06-27 12:03:49', '2016-06-27 12:33:21', 'd37334e6-eb3e-4da4-84b0-91aea7f25e47'),
 ('11', '1', 'Ссылка', 'hyperlink', 'global', '', '0', 'PlainText', '{\"placeholder\":\"http:\\/\\/\",\"maxLength\":\"\",\"multiline\":\"\",\"initialRows\":\"4\"}', '2016-06-27 12:06:33', '2016-06-27 12:06:33', '3abc7d78-4725-4152-88d7-5cb8e38b337e'),
 ('13', '1', 'Дата', 'date', 'global', '', '0', 'Date', '{\"minuteIncrement\":\"30\",\"showTime\":1,\"showDate\":1}', '2016-06-27 12:20:54', '2016-06-27 12:20:54', 'c2d62ccc-def1-48a7-87f5-220e96d88d19'),
 ('14', '3', 'Фотографии', 'photos', 'global', '', '0', 'Assets', '{\"useSingleFolder\":\"\",\"sources\":\"*\",\"defaultUploadLocationSource\":\"1\",\"defaultUploadLocationSubpath\":\"\",\"singleUploadLocationSource\":\"1\",\"singleUploadLocationSubpath\":\"\",\"restrictFiles\":\"\",\"limit\":\"\",\"viewMode\":\"large\",\"selectionLabel\":\"\"}', '2016-06-27 12:50:40', '2016-06-27 12:50:40', '0e097924-4d17-4e99-ae51-39c65bd4309c');



DROP TABLE IF EXISTS `craft_globalsets`;


--
-- Schema for table `craft_globalsets`
--
CREATE TABLE `craft_globalsets` (
  `id` int(11) NOT NULL,
  `name` varchar(255) COLLATE utf8_unicode_ci NOT NULL,
  `handle` varchar(255) COLLATE utf8_unicode_ci NOT NULL,
  `fieldLayoutId` int(10) DEFAULT NULL,
  `dateCreated` datetime NOT NULL,
  `dateUpdated` datetime NOT NULL,
  `uid` char(36) COLLATE utf8_unicode_ci NOT NULL DEFAULT '0',
  PRIMARY KEY (`id`),
  UNIQUE KEY `craft_globalsets_name_unq_idx` (`name`),
  UNIQUE KEY `craft_globalsets_handle_unq_idx` (`handle`),
  KEY `craft_globalsets_fieldLayoutId_fk` (`fieldLayoutId`)
) ENGINE=InnoDB DEFAULT CHARSET=utf8 COLLATE=utf8_unicode_ci;

--
-- Data for table `craft_globalsets`
--

INSERT INTO `craft_globalsets` (`id`, `name`, `handle`, `fieldLayoutId`, `dateCreated`, `dateUpdated`, `uid`) VALUES
 ('4', 'Вконтакте', 'vk', '11', '2016-06-27 11:37:43', '2016-06-27 11:46:26', '0613bcaa-1ad7-4a1f-8951-9264a6130395'),
 ('5', 'Twitter', 'twitter', '12', '2016-06-27 11:46:49', '2016-06-27 11:46:49', '09c17f25-ced4-47b0-a5b0-16968dfd7128'),
 ('6', 'Facebook', 'facebook', '13', '2016-06-27 11:47:04', '2016-06-27 11:47:04', 'b0f852e0-19df-4529-8f59-1bcb9f7a9f77'),
 ('7', 'Instagram', 'instagram', '14', '2016-06-27 11:47:18', '2016-06-27 11:47:18', '139b8801-7072-4927-b7a2-dfa375ce47a1'),
 ('8', 'Фон на главном', 'mainBackground', '24', '2016-06-27 12:05:04', '2016-06-27 12:05:04', '3ad5a6f8-130a-48ef-94f7-bb1099b2180f'),
 ('9', 'Фон на колонке', 'sidebarBackground', '38', '2016-06-27 12:05:24', '2016-06-27 12:25:02', 'fc51b317-4074-49d0-b650-e633e07acfb4'),
 ('17', 'Дата марафона', 'countdown', '37', '2016-06-27 12:22:05', '2016-06-27 12:24:36', '6374879b-1885-4eee-805e-6619169e47c0');



DROP TABLE IF EXISTS `craft_info`;


--
-- Schema for table `craft_info`
--
CREATE TABLE `craft_info` (
  `id` int(11) NOT NULL AUTO_INCREMENT,
  `version` varchar(15) COLLATE utf8_unicode_ci NOT NULL,
  `build` int(11) unsigned NOT NULL,
  `schemaVersion` varchar(15) COLLATE utf8_unicode_ci NOT NULL,
  `releaseDate` datetime NOT NULL,
  `edition` tinyint(1) unsigned NOT NULL DEFAULT '0',
  `siteName` varchar(100) COLLATE utf8_unicode_ci NOT NULL,
  `siteUrl` varchar(255) COLLATE utf8_unicode_ci NOT NULL,
  `timezone` varchar(30) COLLATE utf8_unicode_ci DEFAULT NULL,
  `on` tinyint(1) unsigned NOT NULL DEFAULT '0',
  `maintenance` tinyint(1) unsigned NOT NULL DEFAULT '0',
  `track` varchar(40) COLLATE utf8_unicode_ci NOT NULL,
  `dateCreated` datetime NOT NULL,
  `dateUpdated` datetime NOT NULL,
  `uid` char(36) COLLATE utf8_unicode_ci NOT NULL DEFAULT '0',
  PRIMARY KEY (`id`)
) ENGINE=InnoDB AUTO_INCREMENT=2 DEFAULT CHARSET=utf8 COLLATE=utf8_unicode_ci;

--
-- Data for table `craft_info`
--

INSERT INTO `craft_info` (`id`, `version`, `build`, `schemaVersion`, `releaseDate`, `edition`, `siteName`, `siteUrl`, `timezone`, `on`, `maintenance`, `track`, `dateCreated`, `dateUpdated`, `uid`) VALUES
 ('1', '2.6', '2789', '2.6.5', '2016-05-26 08:10:05', '0', 'Северный марафон', 'http://northmarathon.io', 'UTC', '1', '0', 'stable', '2016-06-27 11:32:34', '2016-06-27 11:32:34', 'fcdeb340-eb22-426d-acfe-1ddca79ba119');



DROP TABLE IF EXISTS `craft_locales`;


--
-- Schema for table `craft_locales`
--
CREATE TABLE `craft_locales` (
  `locale` char(12) COLLATE utf8_unicode_ci NOT NULL,
  `sortOrder` smallint(6) unsigned DEFAULT NULL,
  `dateCreated` datetime NOT NULL,
  `dateUpdated` datetime NOT NULL,
  `uid` char(36) COLLATE utf8_unicode_ci NOT NULL DEFAULT '0',
  PRIMARY KEY (`locale`),
  KEY `craft_locales_sortOrder_idx` (`sortOrder`)
) ENGINE=InnoDB DEFAULT CHARSET=utf8 COLLATE=utf8_unicode_ci;

--
-- Data for table `craft_locales`
--

INSERT INTO `craft_locales` (`locale`, `sortOrder`, `dateCreated`, `dateUpdated`, `uid`) VALUES
 ('ru', '1', '2016-06-27 11:32:36', '2016-06-27 11:32:36', '830c5eb6-2f82-4199-a463-d977cf1d4b4d');



DROP TABLE IF EXISTS `craft_matrixblocks`;


--
-- Schema for table `craft_matrixblocks`
--
CREATE TABLE `craft_matrixblocks` (
  `id` int(11) NOT NULL,
  `ownerId` int(11) NOT NULL,
  `fieldId` int(11) NOT NULL,
  `typeId` int(11) DEFAULT NULL,
  `sortOrder` smallint(6) unsigned DEFAULT NULL,
  `ownerLocale` char(12) COLLATE utf8_unicode_ci DEFAULT NULL,
  `dateCreated` datetime NOT NULL,
  `dateUpdated` datetime NOT NULL,
  `uid` char(36) COLLATE utf8_unicode_ci NOT NULL DEFAULT '0',
  PRIMARY KEY (`id`),
  KEY `craft_matrixblocks_ownerId_idx` (`ownerId`),
  KEY `craft_matrixblocks_fieldId_idx` (`fieldId`),
  KEY `craft_matrixblocks_typeId_idx` (`typeId`),
  KEY `craft_matrixblocks_sortOrder_idx` (`sortOrder`),
  KEY `craft_matrixblocks_ownerLocale_fk` (`ownerLocale`)
) ENGINE=InnoDB DEFAULT CHARSET=utf8 COLLATE=utf8_unicode_ci;

DROP TABLE IF EXISTS `craft_matrixblocktypes`;


--
-- Schema for table `craft_matrixblocktypes`
--
CREATE TABLE `craft_matrixblocktypes` (
  `id` int(11) NOT NULL AUTO_INCREMENT,
  `fieldId` int(11) NOT NULL,
  `fieldLayoutId` int(11) DEFAULT NULL,
  `name` varchar(255) COLLATE utf8_unicode_ci NOT NULL,
  `handle` varchar(255) COLLATE utf8_unicode_ci NOT NULL,
  `sortOrder` smallint(6) unsigned DEFAULT NULL,
  `dateCreated` datetime NOT NULL,
  `dateUpdated` datetime NOT NULL,
  `uid` char(36) COLLATE utf8_unicode_ci NOT NULL DEFAULT '0',
  PRIMARY KEY (`id`),
  UNIQUE KEY `craft_matrixblocktypes_name_fieldId_unq_idx` (`name`,`fieldId`),
  UNIQUE KEY `craft_matrixblocktypes_handle_fieldId_unq_idx` (`handle`,`fieldId`),
  KEY `craft_matrixblocktypes_fieldId_fk` (`fieldId`),
  KEY `craft_matrixblocktypes_fieldLayoutId_fk` (`fieldLayoutId`)
) ENGINE=InnoDB AUTO_INCREMENT=3 DEFAULT CHARSET=utf8 COLLATE=utf8_unicode_ci;

--
-- Data for table `craft_matrixblocktypes`
--

INSERT INTO `craft_matrixblocktypes` (`id`, `fieldId`, `fieldLayoutId`, `name`, `handle`, `sortOrder`, `dateCreated`, `dateUpdated`, `uid`) VALUES
 ('1', '7', '34', 'Text', 'text', '1', '2016-06-27 12:01:15', '2016-06-27 12:18:46', '50e93009-2778-4c11-ab5d-17069ef68641'),
 ('2', '7', '35', 'Галерея', 'gallery', '2', '2016-06-27 12:01:16', '2016-06-27 12:18:46', '23ac165e-5155-4974-900a-37601aa920ec');



DROP TABLE IF EXISTS `craft_matrixcontent_articlebody`;


--
-- Schema for table `craft_matrixcontent_articlebody`
--
CREATE TABLE `craft_matrixcontent_articlebody` (
  `id` int(11) NOT NULL AUTO_INCREMENT,
  `elementId` int(11) NOT NULL,
  `locale` char(12) COLLATE utf8_unicode_ci NOT NULL,
  `field_text_text` text COLLATE utf8_unicode_ci,
  `dateCreated` datetime NOT NULL,
  `dateUpdated` datetime NOT NULL,
  `uid` char(36) COLLATE utf8_unicode_ci NOT NULL DEFAULT '0',
  PRIMARY KEY (`id`),
  UNIQUE KEY `craft_matrixcontent_articlebody_elementId_locale_unq_idx` (`elementId`,`locale`),
  KEY `craft_matrixcontent_articlebody_locale_fk` (`locale`)
) ENGINE=InnoDB AUTO_INCREMENT=2 DEFAULT CHARSET=utf8 COLLATE=utf8_unicode_ci;

DROP TABLE IF EXISTS `craft_migrations`;


--
-- Schema for table `craft_migrations`
--
CREATE TABLE `craft_migrations` (
  `id` int(11) NOT NULL AUTO_INCREMENT,
  `pluginId` int(11) DEFAULT NULL,
  `version` varchar(255) COLLATE utf8_unicode_ci NOT NULL,
  `applyTime` datetime NOT NULL,
  `dateCreated` datetime NOT NULL,
  `dateUpdated` datetime NOT NULL,
  `uid` char(36) COLLATE utf8_unicode_ci NOT NULL DEFAULT '0',
  PRIMARY KEY (`id`),
  UNIQUE KEY `craft_migrations_version_unq_idx` (`version`),
  KEY `craft_migrations_pluginId_fk` (`pluginId`)
) ENGINE=InnoDB AUTO_INCREMENT=34 DEFAULT CHARSET=utf8 COLLATE=utf8_unicode_ci;

--
-- Data for table `craft_migrations`
--

INSERT INTO `craft_migrations` (`id`, `pluginId`, `version`, `applyTime`, `dateCreated`, `dateUpdated`, `uid`) VALUES
 ('1', NULL, 'm000000_000000_base', '2016-06-27 11:32:34', '2016-06-27 11:32:34', '2016-06-27 11:32:34', 'c313cd5f-5f3c-47c0-a3a1-b1445d2f88b7'),
 ('2', NULL, 'm140730_000001_add_filename_and_format_to_transformindex', '2016-06-27 11:32:34', '2016-06-27 11:32:35', '2016-06-27 11:32:35', '3fc568bd-4f79-4bb4-8321-4c485bf04145'),
 ('3', NULL, 'm140815_000001_add_format_to_transforms', '2016-06-27 11:32:34', '2016-06-27 11:32:35', '2016-06-27 11:32:35', '0e352373-0029-4eee-a94f-d8bf2c0f8c71'),
 ('4', NULL, 'm140822_000001_allow_more_than_128_items_per_field', '2016-06-27 11:32:34', '2016-06-27 11:32:35', '2016-06-27 11:32:35', '93dfbd23-e121-48b0-83ef-5ab103fc4b13'),
 ('5', NULL, 'm140829_000001_single_title_formats', '2016-06-27 11:32:34', '2016-06-27 11:32:35', '2016-06-27 11:32:35', '6c4c7a61-7a1b-46df-8fb2-2f93a2612fdf'),
 ('6', NULL, 'm140831_000001_extended_cache_keys', '2016-06-27 11:32:34', '2016-06-27 11:32:35', '2016-06-27 11:32:35', '6ea11e59-4601-4873-a382-0e6ff4cb6242'),
 ('7', NULL, 'm140922_000001_delete_orphaned_matrix_blocks', '2016-06-27 11:32:34', '2016-06-27 11:32:35', '2016-06-27 11:32:35', 'e90e2bf9-d9b2-4547-95c6-8135ee7b766e'),
 ('8', NULL, 'm141008_000001_elements_index_tune', '2016-06-27 11:32:34', '2016-06-27 11:32:35', '2016-06-27 11:32:35', '77b0516a-0831-4e7c-aa99-5de3950f75fa'),
 ('9', NULL, 'm141009_000001_assets_source_handle', '2016-06-27 11:32:34', '2016-06-27 11:32:35', '2016-06-27 11:32:35', '6b1e1b41-0b10-436f-93b5-93279651dd13'),
 ('10', NULL, 'm141024_000001_field_layout_tabs', '2016-06-27 11:32:34', '2016-06-27 11:32:35', '2016-06-27 11:32:35', '5f848e5b-f542-4a75-b411-c86ee3933c1f'),
 ('11', NULL, 'm141030_000000_plugin_schema_versions', '2016-06-27 11:32:34', '2016-06-27 11:32:35', '2016-06-27 11:32:35', '68534504-d248-416d-86a5-86b53a395c39'),
 ('12', NULL, 'm141030_000001_drop_structure_move_permission', '2016-06-27 11:32:34', '2016-06-27 11:32:35', '2016-06-27 11:32:35', '2af39f8e-7c46-4232-8636-bbecbd2723ad'),
 ('13', NULL, 'm141103_000001_tag_titles', '2016-06-27 11:32:34', '2016-06-27 11:32:35', '2016-06-27 11:32:35', 'ecdadb73-e809-41c1-aeb3-e0e2bb24d88c'),
 ('14', NULL, 'm141109_000001_user_status_shuffle', '2016-06-27 11:32:34', '2016-06-27 11:32:35', '2016-06-27 11:32:35', 'e13dee5f-7fc7-4d87-bbdb-8b1dc169fffd'),
 ('15', NULL, 'm141126_000001_user_week_start_day', '2016-06-27 11:32:34', '2016-06-27 11:32:35', '2016-06-27 11:32:35', '56473947-deea-44c6-8d04-4cfd319528a5'),
 ('16', NULL, 'm150210_000001_adjust_user_photo_size', '2016-06-27 11:32:34', '2016-06-27 11:32:35', '2016-06-27 11:32:35', '69ccd232-3fde-4584-b3cb-82562c5dd9a1'),
 ('17', NULL, 'm150724_000001_adjust_quality_settings', '2016-06-27 11:32:34', '2016-06-27 11:32:35', '2016-06-27 11:32:35', '15beba63-b3f7-4f51-986a-225275b877ff'),
 ('18', NULL, 'm150827_000000_element_index_settings', '2016-06-27 11:32:34', '2016-06-27 11:32:35', '2016-06-27 11:32:35', 'd1e9912c-c06c-4f08-8b0f-2e2f218901b1'),
 ('19', NULL, 'm150918_000001_add_colspan_to_widgets', '2016-06-27 11:32:34', '2016-06-27 11:32:36', '2016-06-27 11:32:36', 'd94b46ff-484c-4fbf-82b1-4a8b8f9c814f'),
 ('20', NULL, 'm151007_000000_clear_asset_caches', '2016-06-27 11:32:34', '2016-06-27 11:32:36', '2016-06-27 11:32:36', 'c98e0770-e377-4402-a212-e6a839263676'),
 ('21', NULL, 'm151109_000000_text_url_formats', '2016-06-27 11:32:34', '2016-06-27 11:32:36', '2016-06-27 11:32:36', '2f237aec-d424-41f8-9cc4-bc7808306ad1'),
 ('22', NULL, 'm151110_000000_move_logo', '2016-06-27 11:32:34', '2016-06-27 11:32:36', '2016-06-27 11:32:36', '466908c0-90fe-4114-8cd2-b60668d0020d'),
 ('23', NULL, 'm151117_000000_adjust_image_widthheight', '2016-06-27 11:32:34', '2016-06-27 11:32:36', '2016-06-27 11:32:36', '624dc91c-695b-4121-a667-97d96801558c'),
 ('24', NULL, 'm151127_000000_clear_license_key_status', '2016-06-27 11:32:34', '2016-06-27 11:32:36', '2016-06-27 11:32:36', '2201392b-5e4a-4288-be98-a0449af79f1c'),
 ('25', NULL, 'm151127_000000_plugin_license_keys', '2016-06-27 11:32:34', '2016-06-27 11:32:36', '2016-06-27 11:32:36', '8f9ce55b-5088-4a28-9a70-4e28d91d7351'),
 ('26', NULL, 'm151130_000000_update_pt_widget_feeds', '2016-06-27 11:32:34', '2016-06-27 11:32:36', '2016-06-27 11:32:36', '99989b43-e35b-42d1-bc4b-31491814765d'),
 ('27', NULL, 'm160114_000000_asset_sources_public_url_default_true', '2016-06-27 11:32:34', '2016-06-27 11:32:36', '2016-06-27 11:32:36', '9ce6797e-1dc8-4647-bb05-5b7fdec36905'),
 ('28', NULL, 'm160223_000000_sortorder_to_smallint', '2016-06-27 11:32:34', '2016-06-27 11:32:36', '2016-06-27 11:32:36', '6abed959-1ad0-4098-9227-4df91de730e7'),
 ('29', NULL, 'm160229_000000_set_default_entry_statuses', '2016-06-27 11:32:34', '2016-06-27 11:32:36', '2016-06-27 11:32:36', 'bf1e1cbf-c429-4a81-b1f3-d927ae7b8d1e'),
 ('30', NULL, 'm160304_000000_client_permissions', '2016-06-27 11:32:34', '2016-06-27 11:32:36', '2016-06-27 11:32:36', 'add5f4f5-8b8d-4d28-ba5a-9d7359e510a6'),
 ('31', NULL, 'm160322_000000_asset_filesize', '2016-06-27 11:32:34', '2016-06-27 11:32:36', '2016-06-27 11:32:36', 'bf1c675a-cdb2-4ab0-943c-fc72b0b288a1'),
 ('32', NULL, 'm160503_000000_orphaned_fieldlayouts', '2016-06-27 11:32:34', '2016-06-27 11:32:36', '2016-06-27 11:32:36', 'ae8e6262-656e-448e-9ce1-d3c977fee29a'),
 ('33', NULL, 'm160510_000000_tasksettings', '2016-06-27 11:32:34', '2016-06-27 11:32:36', '2016-06-27 11:32:36', 'cd0fff22-7bf4-4e1c-81dc-2ebfe10bf1ae');



DROP TABLE IF EXISTS `craft_plugins`;


--
-- Schema for table `craft_plugins`
--
CREATE TABLE `craft_plugins` (
  `id` int(11) NOT NULL AUTO_INCREMENT,
  `class` varchar(150) COLLATE utf8_unicode_ci NOT NULL,
  `version` varchar(15) COLLATE utf8_unicode_ci NOT NULL,
  `schemaVersion` varchar(15) COLLATE utf8_unicode_ci DEFAULT NULL,
  `licenseKey` char(24) COLLATE utf8_unicode_ci DEFAULT NULL,
  `licenseKeyStatus` enum('valid','invalid','mismatched','unknown') COLLATE utf8_unicode_ci NOT NULL DEFAULT 'unknown',
  `enabled` tinyint(1) unsigned NOT NULL DEFAULT '0',
  `settings` text COLLATE utf8_unicode_ci,
  `installDate` datetime NOT NULL,
  `dateCreated` datetime NOT NULL,
  `dateUpdated` datetime NOT NULL,
  `uid` char(36) COLLATE utf8_unicode_ci NOT NULL DEFAULT '0',
  PRIMARY KEY (`id`)
) ENGINE=InnoDB AUTO_INCREMENT=2 DEFAULT CHARSET=utf8 COLLATE=utf8_unicode_ci;

--
-- Data for table `craft_plugins`
--

INSERT INTO `craft_plugins` (`id`, `class`, `version`, `schemaVersion`, `licenseKey`, `licenseKeyStatus`, `enabled`, `settings`, `installDate`, `dateCreated`, `dateUpdated`, `uid`) VALUES
 ('1', 'Anchors', '1.2', '1.0.0', NULL, 'unknown', '1', NULL, '2016-06-27 11:40:23', '2016-06-27 11:40:23', '2016-06-27 11:40:23', 'b84bb5da-62ce-45d9-8bab-1e26c34f2367');



DROP TABLE IF EXISTS `craft_rackspaceaccess`;


--
-- Schema for table `craft_rackspaceaccess`
--
CREATE TABLE `craft_rackspaceaccess` (
  `id` int(11) NOT NULL AUTO_INCREMENT,
  `connectionKey` varchar(255) COLLATE utf8_unicode_ci NOT NULL,
  `token` varchar(255) COLLATE utf8_unicode_ci NOT NULL,
  `storageUrl` varchar(255) COLLATE utf8_unicode_ci NOT NULL,
  `cdnUrl` varchar(255) COLLATE utf8_unicode_ci NOT NULL,
  `dateCreated` datetime NOT NULL,
  `dateUpdated` datetime NOT NULL,
  `uid` char(36) COLLATE utf8_unicode_ci NOT NULL DEFAULT '0',
  PRIMARY KEY (`id`),
  UNIQUE KEY `craft_rackspaceaccess_connectionKey_unq_idx` (`connectionKey`)
) ENGINE=InnoDB DEFAULT CHARSET=utf8 COLLATE=utf8_unicode_ci;

DROP TABLE IF EXISTS `craft_relations`;


--
-- Schema for table `craft_relations`
--
CREATE TABLE `craft_relations` (
  `id` int(11) NOT NULL AUTO_INCREMENT,
  `fieldId` int(11) NOT NULL,
  `sourceId` int(11) NOT NULL,
  `sourceLocale` char(12) COLLATE utf8_unicode_ci DEFAULT NULL,
  `targetId` int(11) NOT NULL,
  `sortOrder` smallint(6) DEFAULT NULL,
  `dateCreated` datetime NOT NULL,
  `dateUpdated` datetime NOT NULL,
  `uid` char(36) COLLATE utf8_unicode_ci NOT NULL DEFAULT '0',
  PRIMARY KEY (`id`),
  UNIQUE KEY `craft_relations_fieldId_sourceId_sourceLocale_targetId_unq_idx` (`fieldId`,`sourceId`,`sourceLocale`,`targetId`),
  KEY `craft_relations_sourceId_fk` (`sourceId`),
  KEY `craft_relations_sourceLocale_fk` (`sourceLocale`),
  KEY `craft_relations_targetId_fk` (`targetId`)
) ENGINE=InnoDB AUTO_INCREMENT=7 DEFAULT CHARSET=utf8 COLLATE=utf8_unicode_ci;

--
-- Data for table `craft_relations`
--

INSERT INTO `craft_relations` (`id`, `fieldId`, `sourceId`, `sourceLocale`, `targetId`, `sortOrder`, `dateCreated`, `dateUpdated`, `uid`) VALUES
 ('1', '10', '11', NULL, '10', '1', '2016-06-27 12:13:00', '2016-06-27 12:13:00', '1ba569b9-0ce0-49c5-85f6-b57e2a31acd2'),
 ('3', '10', '3', NULL, '18', '1', '2016-06-27 12:36:51', '2016-06-27 12:36:51', '49f73f53-b5b1-4284-b9e7-29ba8704437a'),
 ('4', '6', '16', NULL, '20', '1', '2016-06-27 12:54:51', '2016-06-27 12:54:51', '900890b9-c529-4fbb-a796-97f1701c27f6'),
 ('5', '6', '14', NULL, '21', '1', '2016-06-27 12:54:59', '2016-06-27 12:54:59', '53a65c89-d8d4-4376-be83-cafed709d681'),
 ('6', '6', '12', NULL, '22', '1', '2016-06-27 12:55:24', '2016-06-27 12:55:24', '3cbc9198-9ca4-4ded-9551-45246936989f');



DROP TABLE IF EXISTS `craft_routes`;


--
-- Schema for table `craft_routes`
--
CREATE TABLE `craft_routes` (
  `id` int(11) NOT NULL AUTO_INCREMENT,
  `locale` char(12) COLLATE utf8_unicode_ci DEFAULT NULL,
  `urlParts` varchar(255) COLLATE utf8_unicode_ci NOT NULL,
  `urlPattern` varchar(255) COLLATE utf8_unicode_ci NOT NULL,
  `template` varchar(255) COLLATE utf8_unicode_ci NOT NULL,
  `sortOrder` smallint(6) unsigned DEFAULT NULL,
  `dateCreated` datetime NOT NULL,
  `dateUpdated` datetime NOT NULL,
  `uid` char(36) COLLATE utf8_unicode_ci NOT NULL DEFAULT '0',
  PRIMARY KEY (`id`),
  UNIQUE KEY `craft_routes_urlPattern_unq_idx` (`urlPattern`),
  KEY `craft_routes_locale_idx` (`locale`)
) ENGINE=InnoDB DEFAULT CHARSET=utf8 COLLATE=utf8_unicode_ci;

DROP TABLE IF EXISTS `craft_searchindex`;


--
-- Schema for table `craft_searchindex`
--
CREATE TABLE `craft_searchindex` (
  `elementId` int(11) NOT NULL,
  `attribute` varchar(25) COLLATE utf8_unicode_ci NOT NULL,
  `fieldId` int(11) NOT NULL,
  `locale` char(12) COLLATE utf8_unicode_ci NOT NULL,
  `keywords` text COLLATE utf8_unicode_ci NOT NULL,
  PRIMARY KEY (`elementId`,`attribute`,`fieldId`,`locale`),
  FULLTEXT KEY `craft_searchindex_keywords_idx` (`keywords`)
) ENGINE=MyISAM DEFAULT CHARSET=utf8 COLLATE=utf8_unicode_ci;

--
-- Data for table `craft_searchindex`
--

INSERT INTO `craft_searchindex` (`elementId`, `attribute`, `fieldId`, `locale`, `keywords`) VALUES
 ('1', 'username', '0', 'ru', ' northmarathon '),
 ('1', 'firstname', '0', 'ru', ''),
 ('1', 'lastname', '0', 'ru', ''),
 ('1', 'fullname', '0', 'ru', ''),
 ('1', 'email', '0', 'ru', ' sirworker ya ru '),
 ('1', 'slug', '0', 'ru', ''),
 ('2', 'slug', '0', 'ru', ' homepage '),
 ('2', 'title', '0', 'ru', ' welcome to northmarathon io '),
 ('2', 'field', '1', 'ru', ' it s true this site doesn t have a whole lot of content yet but don t worry our web developers have just installed the cms and they re setting things up for the content editors this very moment soon northmarathon io will be an oasis of fresh perspectives sharp analyses and astute opinions that will keep you coming back again and again '),
 ('3', 'field', '1', 'ru', ' craft is the cms that s powering northmarathon io it s beautiful powerful flexible and easy to use and it s made by pixel tonic we can t wait to dive in and see what it s capable of this is even more captivating content which you couldn t see on the news index page because it was entered after a page break and the news index template only likes to show the content on the first page craft a nice alternative to word if you re making a website '),
 ('3', 'field', '2', 'ru', ''),
 ('3', 'slug', '0', 'ru', ' we just installed craft '),
 ('3', 'title', '0', 'ru', ' we just installed craft '),
 ('4', 'slug', '0', 'ru', ''),
 ('4', 'field', '3', 'ru', ' вконтакте '),
 ('4', 'field', '4', 'ru', ' https vk com '),
 ('4', 'field', '5', 'ru', ' vk '),
 ('5', 'field', '4', 'ru', ' https twitter com '),
 ('5', 'slug', '0', 'ru', ''),
 ('6', 'field', '4', 'ru', ' https facebook com '),
 ('6', 'slug', '0', 'ru', ''),
 ('7', 'field', '4', 'ru', ' https instagram com '),
 ('7', 'slug', '0', 'ru', ''),
 ('8', 'field', '10', 'ru', ''),
 ('8', 'slug', '0', 'ru', ''),
 ('9', 'slug', '0', 'ru', ''),
 ('10', 'filename', '0', 'ru', ' banner png '),
 ('10', 'extension', '0', 'ru', ' png '),
 ('10', 'kind', '0', 'ru', ' image '),
 ('10', 'slug', '0', 'ru', ' banner '),
 ('10', 'title', '0', 'ru', ' banner '),
 ('11', 'field', '10', 'ru', ' banner '),
 ('11', 'field', '11', 'ru', ' http s vfu ru '),
 ('11', 'slug', '0', 'ru', ' свфу '),
 ('11', 'title', '0', 'ru', ' свфу '),
 ('12', 'field', '6', 'ru', ' о марафоне '),
 ('12', 'slug', '0', 'ru', ' about '),
 ('12', 'title', '0', 'ru', ' о марафоне '),
 ('13', 'field', '6', 'ru', ''),
 ('13', 'slug', '0', 'ru', ' news '),
 ('13', 'title', '0', 'ru', ' новости '),
 ('14', 'field', '6', 'ru', ' форум '),
 ('14', 'slug', '0', 'ru', ' forum '),
 ('14', 'title', '0', 'ru', ' форум '),
 ('15', 'field', '6', 'ru', ''),
 ('15', 'slug', '0', 'ru', ' gallery '),
 ('15', 'title', '0', 'ru', ' галерея '),
 ('16', 'field', '6', 'ru', ' контакты '),
 ('16', 'slug', '0', 'ru', ' contacts '),
 ('16', 'title', '0', 'ru', ' контакты '),
 ('17', 'field', '13', 'ru', ' 2016 07 28 '),
 ('17', 'slug', '0', 'ru', ''),
 ('9', 'field', '10', 'ru', ''),
 ('18', 'filename', '0', 'ru', ' picture 2 big png '),
 ('18', 'extension', '0', 'ru', ' png '),
 ('18', 'kind', '0', 'ru', ' image '),
 ('18', 'slug', '0', 'ru', ' picture 2 big '),
 ('18', 'title', '0', 'ru', ' picture 2 big '),
 ('3', 'field', '10', 'ru', ' picture 2 big '),
 ('3', 'field', '7', 'ru', ''),
 ('20', 'title', '0', 'ru', ' контакты '),
 ('20', 'slug', '0', 'ru', ''),
 ('21', 'slug', '0', 'ru', ''),
 ('21', 'title', '0', 'ru', ' форум '),
 ('22', 'field', '10', 'ru', ''),
 ('22', 'field', '7', 'ru', ''),
 ('22', 'slug', '0', 'ru', ''),
 ('22', 'title', '0', 'ru', ' о марафоне ');



DROP TABLE IF EXISTS `craft_sections`;


--
-- Schema for table `craft_sections`
--
CREATE TABLE `craft_sections` (
  `id` int(11) NOT NULL AUTO_INCREMENT,
  `structureId` int(11) DEFAULT NULL,
  `name` varchar(255) COLLATE utf8_unicode_ci NOT NULL,
  `handle` varchar(255) COLLATE utf8_unicode_ci NOT NULL,
  `type` enum('single','channel','structure') COLLATE utf8_unicode_ci NOT NULL DEFAULT 'channel',
  `hasUrls` tinyint(1) unsigned NOT NULL DEFAULT '1',
  `template` varchar(500) COLLATE utf8_unicode_ci DEFAULT NULL,
  `enableVersioning` tinyint(1) unsigned NOT NULL DEFAULT '0',
  `dateCreated` datetime NOT NULL,
  `dateUpdated` datetime NOT NULL,
  `uid` char(36) COLLATE utf8_unicode_ci NOT NULL DEFAULT '0',
  PRIMARY KEY (`id`),
  UNIQUE KEY `craft_sections_name_unq_idx` (`name`),
  UNIQUE KEY `craft_sections_handle_unq_idx` (`handle`),
  KEY `craft_sections_structureId_fk` (`structureId`)
) ENGINE=InnoDB AUTO_INCREMENT=9 DEFAULT CHARSET=utf8 COLLATE=utf8_unicode_ci;

--
-- Data for table `craft_sections`
--

INSERT INTO `craft_sections` (`id`, `structureId`, `name`, `handle`, `type`, `hasUrls`, `template`, `enableVersioning`, `dateCreated`, `dateUpdated`, `uid`) VALUES
 ('1', NULL, 'Homepage', 'homepage', 'single', '1', 'index', '1', '2016-06-27 11:32:39', '2016-06-27 11:32:39', '30e871f7-5ab3-43ad-a4a6-9d34c6407d78'),
 ('2', NULL, 'Новости', 'news', 'channel', '1', 'news/_entry', '1', '2016-06-27 11:32:39', '2016-06-27 12:16:53', '808ec316-1eab-4440-80b9-29a7599e4c31'),
 ('3', '1', 'Навигация', 'navigation', 'structure', '0', NULL, '1', '2016-06-27 11:49:59', '2016-06-27 11:49:59', 'b8e3f1fe-e1d2-4132-988d-be52c93f733c'),
 ('4', '2', 'Страницы', 'pages', 'structure', '1', 'pages/index', '1', '2016-06-27 11:54:42', '2016-06-27 11:54:42', 'b2822044-6a49-4506-a349-201e8318fbe0'),
 ('5', '3', 'Спонсоры марафона', 'sponsors', 'structure', '0', NULL, '1', '2016-06-27 12:07:31', '2016-06-27 12:07:31', 'ee7168bf-f182-4ab2-9a97-f5f0547173bc'),
 ('6', NULL, 'Контакты', 'contacts', 'single', '1', 'contacts/index', '1', '2016-06-27 12:48:11', '2016-06-27 12:48:11', '3d78c187-6704-40f8-b752-26e02251f526'),
 ('7', NULL, 'Галерея', 'gallery', 'channel', '1', 'gallery/_entry', '1', '2016-06-27 12:52:48', '2016-06-27 12:52:48', 'a6b49d1f-7689-422e-bb06-7fc31a9007b2'),
 ('8', NULL, 'Форум', 'forum', 'single', '1', 'forum/index', '0', '2016-06-27 12:54:06', '2016-06-27 12:54:06', '2ea480cf-7771-4785-8b1c-2913dc7bd219');



DROP TABLE IF EXISTS `craft_sections_i18n`;


--
-- Schema for table `craft_sections_i18n`
--
CREATE TABLE `craft_sections_i18n` (
  `id` int(11) NOT NULL AUTO_INCREMENT,
  `sectionId` int(11) NOT NULL,
  `locale` char(12) COLLATE utf8_unicode_ci NOT NULL,
  `enabledByDefault` tinyint(1) unsigned NOT NULL DEFAULT '1',
  `urlFormat` text COLLATE utf8_unicode_ci,
  `nestedUrlFormat` text COLLATE utf8_unicode_ci,
  `dateCreated` datetime NOT NULL,
  `dateUpdated` datetime NOT NULL,
  `uid` char(36) COLLATE utf8_unicode_ci NOT NULL DEFAULT '0',
  PRIMARY KEY (`id`),
  UNIQUE KEY `craft_sections_i18n_sectionId_locale_unq_idx` (`sectionId`,`locale`),
  KEY `craft_sections_i18n_locale_fk` (`locale`)
) ENGINE=InnoDB AUTO_INCREMENT=9 DEFAULT CHARSET=utf8 COLLATE=utf8_unicode_ci;

--
-- Data for table `craft_sections_i18n`
--

INSERT INTO `craft_sections_i18n` (`id`, `sectionId`, `locale`, `enabledByDefault`, `urlFormat`, `nestedUrlFormat`, `dateCreated`, `dateUpdated`, `uid`) VALUES
 ('1', '1', 'ru', '1', '__home__', NULL, '2016-06-27 11:32:39', '2016-06-27 11:32:39', '998cf49e-29da-49b1-98b8-85d982f3ec7e'),
 ('2', '2', 'ru', '1', 'news/{id}-{slug}', NULL, '2016-06-27 11:32:39', '2016-06-27 12:16:53', '1d0f9768-0faf-4165-8bae-10863657628a'),
 ('3', '3', 'ru', '1', NULL, NULL, '2016-06-27 11:49:59', '2016-06-27 11:49:59', '263ef5c8-3969-4b3a-b7ed-dee1f02c26e3'),
 ('4', '4', 'ru', '1', '{slug}', '{parent.uri}/{slug}', '2016-06-27 11:54:42', '2016-06-27 11:54:42', '6aac1011-633d-419a-8df7-b5a07db5e264'),
 ('5', '5', 'ru', '1', NULL, NULL, '2016-06-27 12:07:31', '2016-06-27 12:07:31', '624205eb-4917-40d6-ae5f-baff42e1b948'),
 ('6', '6', 'ru', '1', 'contacts', NULL, '2016-06-27 12:48:11', '2016-06-27 12:48:11', '4e220255-f05c-46b1-83d2-7054196104a7'),
 ('7', '7', 'ru', '1', 'gallery/{slug}', NULL, '2016-06-27 12:52:48', '2016-06-27 12:52:48', '048d8555-46cd-4b23-a7be-a1fcc215e38a'),
 ('8', '8', 'ru', '1', 'forum/', NULL, '2016-06-27 12:54:06', '2016-06-27 12:54:06', 'cb6c54be-02c0-4139-8801-78d789af190a');



DROP TABLE IF EXISTS `craft_sessions`;


--
-- Schema for table `craft_sessions`
--
CREATE TABLE `craft_sessions` (
  `id` int(11) NOT NULL AUTO_INCREMENT,
  `userId` int(11) NOT NULL,
  `token` char(100) COLLATE utf8_unicode_ci NOT NULL,
  `dateCreated` datetime NOT NULL,
  `dateUpdated` datetime NOT NULL,
  `uid` char(36) COLLATE utf8_unicode_ci NOT NULL DEFAULT '0',
  PRIMARY KEY (`id`),
  KEY `craft_sessions_uid_idx` (`uid`),
  KEY `craft_sessions_token_idx` (`token`),
  KEY `craft_sessions_dateUpdated_idx` (`dateUpdated`),
  KEY `craft_sessions_userId_fk` (`userId`)
) ENGINE=InnoDB AUTO_INCREMENT=2 DEFAULT CHARSET=utf8 COLLATE=utf8_unicode_ci;

DROP TABLE IF EXISTS `craft_shunnedmessages`;


--
-- Schema for table `craft_shunnedmessages`
--
CREATE TABLE `craft_shunnedmessages` (
  `id` int(11) NOT NULL AUTO_INCREMENT,
  `userId` int(11) NOT NULL,
  `message` varchar(255) COLLATE utf8_unicode_ci NOT NULL,
  `expiryDate` datetime DEFAULT NULL,
  `dateCreated` datetime NOT NULL,
  `dateUpdated` datetime NOT NULL,
  `uid` char(36) COLLATE utf8_unicode_ci NOT NULL DEFAULT '0',
  PRIMARY KEY (`id`),
  UNIQUE KEY `craft_shunnedmessages_userId_message_unq_idx` (`userId`,`message`)
) ENGINE=InnoDB DEFAULT CHARSET=utf8 COLLATE=utf8_unicode_ci;

DROP TABLE IF EXISTS `craft_structureelements`;


--
-- Schema for table `craft_structureelements`
--
CREATE TABLE `craft_structureelements` (
  `id` int(11) NOT NULL AUTO_INCREMENT,
  `structureId` int(11) NOT NULL,
  `elementId` int(11) DEFAULT NULL,
  `root` int(11) unsigned DEFAULT NULL,
  `lft` int(11) unsigned NOT NULL,
  `rgt` int(11) unsigned NOT NULL,
  `level` smallint(6) unsigned NOT NULL,
  `dateCreated` datetime NOT NULL,
  `dateUpdated` datetime NOT NULL,
  `uid` char(36) COLLATE utf8_unicode_ci NOT NULL DEFAULT '0',
  PRIMARY KEY (`id`),
  UNIQUE KEY `craft_structureelements_structureId_elementId_unq_idx` (`structureId`,`elementId`),
  KEY `craft_structureelements_root_idx` (`root`),
  KEY `craft_structureelements_lft_idx` (`lft`),
  KEY `craft_structureelements_rgt_idx` (`rgt`),
  KEY `craft_structureelements_level_idx` (`level`),
  KEY `craft_structureelements_elementId_fk` (`elementId`)
) ENGINE=InnoDB AUTO_INCREMENT=11 DEFAULT CHARSET=utf8 COLLATE=utf8_unicode_ci;

--
-- Data for table `craft_structureelements`
--

INSERT INTO `craft_structureelements` (`id`, `structureId`, `elementId`, `root`, `lft`, `rgt`, `level`, `dateCreated`, `dateUpdated`, `uid`) VALUES
 ('1', '3', NULL, '1', '1', '4', '0', '2016-06-27 12:13:00', '2016-06-27 12:13:00', 'ac559d7c-b39a-49a4-82c3-654b448852d6'),
 ('2', '3', '11', '1', '2', '3', '1', '2016-06-27 12:13:00', '2016-06-27 12:13:00', '78aa4a57-2ef4-4538-bef2-5f0c32d0b955'),
 ('3', '1', NULL, '3', '1', '12', '0', '2016-06-27 12:13:46', '2016-06-27 12:13:46', 'a32650da-8d3a-427b-9a21-2bd8ed897da8'),
 ('4', '1', '12', '3', '2', '3', '1', '2016-06-27 12:13:46', '2016-06-27 12:13:46', 'd91a96a8-8c21-46be-b21e-934d85fc73ca'),
 ('5', '1', '13', '3', '4', '5', '1', '2016-06-27 12:14:18', '2016-06-27 12:14:18', '088f80d7-c4f3-4cef-a596-27801b140772'),
 ('6', '1', '14', '3', '6', '7', '1', '2016-06-27 12:14:33', '2016-06-27 12:14:33', '1a77d5ba-7ace-4c4b-a3c7-e2c71855d069'),
 ('7', '1', '15', '3', '8', '9', '1', '2016-06-27 12:14:47', '2016-06-27 12:14:47', 'a06dec98-2eee-40f0-bc62-7336a7693fa9'),
 ('8', '1', '16', '3', '10', '11', '1', '2016-06-27 12:14:58', '2016-06-27 12:14:58', '0d203f51-fcc2-4504-ac50-3c87ec7d78ea'),
 ('9', '2', NULL, '9', '1', '4', '0', '2016-06-27 12:55:21', '2016-06-27 12:55:21', '1cf40871-2abe-451a-9bd6-4baeabf96ec6'),
 ('10', '2', '22', '9', '2', '3', '1', '2016-06-27 12:55:21', '2016-06-27 12:55:21', 'cc3a1149-bae2-4a9c-9124-d0d92ec5f814');



DROP TABLE IF EXISTS `craft_structures`;


--
-- Schema for table `craft_structures`
--
CREATE TABLE `craft_structures` (
  `id` int(11) NOT NULL AUTO_INCREMENT,
  `maxLevels` smallint(6) unsigned DEFAULT NULL,
  `dateCreated` datetime NOT NULL,
  `dateUpdated` datetime NOT NULL,
  `uid` char(36) COLLATE utf8_unicode_ci NOT NULL DEFAULT '0',
  PRIMARY KEY (`id`)
) ENGINE=InnoDB AUTO_INCREMENT=4 DEFAULT CHARSET=utf8 COLLATE=utf8_unicode_ci;

--
-- Data for table `craft_structures`
--

INSERT INTO `craft_structures` (`id`, `maxLevels`, `dateCreated`, `dateUpdated`, `uid`) VALUES
 ('1', '1', '2016-06-27 11:49:59', '2016-06-27 11:49:59', '92adb43e-4ab6-4a71-87c7-18894e106c29'),
 ('2', NULL, '2016-06-27 11:54:42', '2016-06-27 11:54:42', '73258657-75f1-4dbd-9d17-ade33602d106'),
 ('3', '1', '2016-06-27 12:07:31', '2016-06-27 12:07:31', 'd68b4f21-a0e8-4449-a52c-50523fc7dfa6');



DROP TABLE IF EXISTS `craft_systemsettings`;


--
-- Schema for table `craft_systemsettings`
--
CREATE TABLE `craft_systemsettings` (
  `id` int(11) NOT NULL AUTO_INCREMENT,
  `category` varchar(15) COLLATE utf8_unicode_ci NOT NULL,
  `settings` text COLLATE utf8_unicode_ci,
  `dateCreated` datetime NOT NULL,
  `dateUpdated` datetime NOT NULL,
  `uid` char(36) COLLATE utf8_unicode_ci NOT NULL DEFAULT '0',
  PRIMARY KEY (`id`),
  UNIQUE KEY `craft_systemsettings_category_unq_idx` (`category`)
) ENGINE=InnoDB AUTO_INCREMENT=2 DEFAULT CHARSET=utf8 COLLATE=utf8_unicode_ci;

--
-- Data for table `craft_systemsettings`
--

INSERT INTO `craft_systemsettings` (`id`, `category`, `settings`, `dateCreated`, `dateUpdated`, `uid`) VALUES
 ('1', 'email', '{\"protocol\":\"php\",\"emailAddress\":\"sirworker@ya.ru\",\"senderName\":\"\\u0421\\u0435\\u0432\\u0435\\u0440\\u043d\\u044b\\u0439 \\u043c\\u0430\\u0440\\u0430\\u0444\\u043e\\u043d\"}', '2016-06-27 11:32:39', '2016-06-27 11:32:39', 'a910b26f-708e-4917-a1ed-37b506542538');



DROP TABLE IF EXISTS `craft_taggroups`;


--
-- Schema for table `craft_taggroups`
--
CREATE TABLE `craft_taggroups` (
  `id` int(11) NOT NULL AUTO_INCREMENT,
  `name` varchar(255) COLLATE utf8_unicode_ci NOT NULL,
  `handle` varchar(255) COLLATE utf8_unicode_ci NOT NULL,
  `fieldLayoutId` int(10) DEFAULT NULL,
  `dateCreated` datetime NOT NULL,
  `dateUpdated` datetime NOT NULL,
  `uid` char(36) COLLATE utf8_unicode_ci NOT NULL DEFAULT '0',
  PRIMARY KEY (`id`),
  UNIQUE KEY `craft_taggroups_name_unq_idx` (`name`),
  UNIQUE KEY `craft_taggroups_handle_unq_idx` (`handle`),
  KEY `craft_taggroups_fieldLayoutId_fk` (`fieldLayoutId`)
) ENGINE=InnoDB AUTO_INCREMENT=2 DEFAULT CHARSET=utf8 COLLATE=utf8_unicode_ci;

--
-- Data for table `craft_taggroups`
--

INSERT INTO `craft_taggroups` (`id`, `name`, `handle`, `fieldLayoutId`, `dateCreated`, `dateUpdated`, `uid`) VALUES
 ('1', 'Default', 'default', '1', '2016-06-27 11:32:39', '2016-06-27 11:32:39', '95de224b-7b2b-4ea4-ae37-94ac6dcab76b');



DROP TABLE IF EXISTS `craft_tags`;


--
-- Schema for table `craft_tags`
--
CREATE TABLE `craft_tags` (
  `id` int(11) NOT NULL,
  `groupId` int(11) NOT NULL,
  `dateCreated` datetime NOT NULL,
  `dateUpdated` datetime NOT NULL,
  `uid` char(36) COLLATE utf8_unicode_ci NOT NULL DEFAULT '0',
  PRIMARY KEY (`id`),
  KEY `craft_tags_groupId_fk` (`groupId`)
) ENGINE=InnoDB DEFAULT CHARSET=utf8 COLLATE=utf8_unicode_ci;

DROP TABLE IF EXISTS `craft_tasks`;


--
-- Schema for table `craft_tasks`
--
CREATE TABLE `craft_tasks` (
  `id` int(11) NOT NULL AUTO_INCREMENT,
  `root` int(11) unsigned DEFAULT NULL,
  `lft` int(11) unsigned NOT NULL,
  `rgt` int(11) unsigned NOT NULL,
  `level` smallint(6) unsigned NOT NULL,
  `currentStep` int(11) unsigned DEFAULT NULL,
  `totalSteps` int(11) unsigned DEFAULT NULL,
  `status` enum('pending','error','running') COLLATE utf8_unicode_ci DEFAULT NULL,
  `type` varchar(150) COLLATE utf8_unicode_ci NOT NULL,
  `description` varchar(255) COLLATE utf8_unicode_ci DEFAULT NULL,
  `settings` mediumtext COLLATE utf8_unicode_ci,
  `dateCreated` datetime NOT NULL,
  `dateUpdated` datetime NOT NULL,
  `uid` char(36) COLLATE utf8_unicode_ci NOT NULL DEFAULT '0',
  PRIMARY KEY (`id`),
  KEY `craft_tasks_root_idx` (`root`),
  KEY `craft_tasks_lft_idx` (`lft`),
  KEY `craft_tasks_rgt_idx` (`rgt`),
  KEY `craft_tasks_level_idx` (`level`)
) ENGINE=InnoDB AUTO_INCREMENT=57 DEFAULT CHARSET=utf8 COLLATE=utf8_unicode_ci;

DROP TABLE IF EXISTS `craft_templatecachecriteria`;


--
-- Schema for table `craft_templatecachecriteria`
--
CREATE TABLE `craft_templatecachecriteria` (
  `id` int(11) NOT NULL AUTO_INCREMENT,
  `cacheId` int(11) NOT NULL,
  `type` varchar(150) COLLATE utf8_unicode_ci NOT NULL,
  `criteria` text COLLATE utf8_unicode_ci NOT NULL,
  PRIMARY KEY (`id`),
  KEY `craft_templatecachecriteria_cacheId_fk` (`cacheId`),
  KEY `craft_templatecachecriteria_type_idx` (`type`)
) ENGINE=InnoDB DEFAULT CHARSET=utf8 COLLATE=utf8_unicode_ci;

DROP TABLE IF EXISTS `craft_templatecacheelements`;


--
-- Schema for table `craft_templatecacheelements`
--
CREATE TABLE `craft_templatecacheelements` (
  `cacheId` int(11) NOT NULL,
  `elementId` int(11) NOT NULL,
  KEY `craft_templatecacheelements_cacheId_fk` (`cacheId`),
  KEY `craft_templatecacheelements_elementId_fk` (`elementId`)
) ENGINE=InnoDB DEFAULT CHARSET=utf8 COLLATE=utf8_unicode_ci;

DROP TABLE IF EXISTS `craft_templatecaches`;


--
-- Schema for table `craft_templatecaches`
--
CREATE TABLE `craft_templatecaches` (
  `id` int(11) NOT NULL AUTO_INCREMENT,
  `cacheKey` varchar(255) COLLATE utf8_unicode_ci NOT NULL,
  `locale` char(12) COLLATE utf8_unicode_ci NOT NULL,
  `path` varchar(255) COLLATE utf8_unicode_ci DEFAULT NULL,
  `expiryDate` datetime NOT NULL,
  `body` mediumtext COLLATE utf8_unicode_ci NOT NULL,
  PRIMARY KEY (`id`),
  KEY `craft_templatecaches_expiryDate_cacheKey_locale_path_idx` (`expiryDate`,`cacheKey`,`locale`,`path`),
  KEY `craft_templatecaches_locale_fk` (`locale`)
) ENGINE=InnoDB DEFAULT CHARSET=utf8 COLLATE=utf8_unicode_ci;

DROP TABLE IF EXISTS `craft_tokens`;


--
-- Schema for table `craft_tokens`
--
CREATE TABLE `craft_tokens` (
  `id` int(11) NOT NULL AUTO_INCREMENT,
  `token` char(32) COLLATE utf8_unicode_ci NOT NULL,
  `route` text COLLATE utf8_unicode_ci,
  `usageLimit` tinyint(3) unsigned DEFAULT NULL,
  `usageCount` tinyint(3) unsigned DEFAULT NULL,
  `expiryDate` datetime NOT NULL,
  `dateCreated` datetime NOT NULL,
  `dateUpdated` datetime NOT NULL,
  `uid` char(36) COLLATE utf8_unicode_ci NOT NULL DEFAULT '0',
  PRIMARY KEY (`id`),
  UNIQUE KEY `craft_tokens_token_unq_idx` (`token`),
  KEY `craft_tokens_expiryDate_idx` (`expiryDate`)
) ENGINE=InnoDB DEFAULT CHARSET=utf8 COLLATE=utf8_unicode_ci;

DROP TABLE IF EXISTS `craft_usergroups`;


--
-- Schema for table `craft_usergroups`
--
CREATE TABLE `craft_usergroups` (
  `id` int(11) NOT NULL AUTO_INCREMENT,
  `name` varchar(255) COLLATE utf8_unicode_ci NOT NULL,
  `handle` varchar(255) COLLATE utf8_unicode_ci NOT NULL,
  `dateCreated` datetime NOT NULL,
  `dateUpdated` datetime NOT NULL,
  `uid` char(36) COLLATE utf8_unicode_ci NOT NULL DEFAULT '0',
  PRIMARY KEY (`id`)
) ENGINE=InnoDB DEFAULT CHARSET=utf8 COLLATE=utf8_unicode_ci;

DROP TABLE IF EXISTS `craft_usergroups_users`;


--
-- Schema for table `craft_usergroups_users`
--
CREATE TABLE `craft_usergroups_users` (
  `id` int(11) NOT NULL AUTO_INCREMENT,
  `groupId` int(11) NOT NULL,
  `userId` int(11) NOT NULL,
  `dateCreated` datetime NOT NULL,
  `dateUpdated` datetime NOT NULL,
  `uid` char(36) COLLATE utf8_unicode_ci NOT NULL DEFAULT '0',
  PRIMARY KEY (`id`),
  UNIQUE KEY `craft_usergroups_users_groupId_userId_unq_idx` (`groupId`,`userId`),
  KEY `craft_usergroups_users_userId_fk` (`userId`)
) ENGINE=InnoDB DEFAULT CHARSET=utf8 COLLATE=utf8_unicode_ci;

DROP TABLE IF EXISTS `craft_userpermissions`;


--
-- Schema for table `craft_userpermissions`
--
CREATE TABLE `craft_userpermissions` (
  `id` int(11) NOT NULL AUTO_INCREMENT,
  `name` varchar(255) COLLATE utf8_unicode_ci NOT NULL,
  `dateCreated` datetime NOT NULL,
  `dateUpdated` datetime NOT NULL,
  `uid` char(36) COLLATE utf8_unicode_ci NOT NULL DEFAULT '0',
  PRIMARY KEY (`id`),
  UNIQUE KEY `craft_userpermissions_name_unq_idx` (`name`)
) ENGINE=InnoDB DEFAULT CHARSET=utf8 COLLATE=utf8_unicode_ci;

DROP TABLE IF EXISTS `craft_userpermissions_usergroups`;


--
-- Schema for table `craft_userpermissions_usergroups`
--
CREATE TABLE `craft_userpermissions_usergroups` (
  `id` int(11) NOT NULL AUTO_INCREMENT,
  `permissionId` int(11) NOT NULL,
  `groupId` int(11) NOT NULL,
  `dateCreated` datetime NOT NULL,
  `dateUpdated` datetime NOT NULL,
  `uid` char(36) COLLATE utf8_unicode_ci NOT NULL DEFAULT '0',
  PRIMARY KEY (`id`),
  UNIQUE KEY `craft_userpermissions_usergroups_permissionId_groupId_unq_idx` (`permissionId`,`groupId`),
  KEY `craft_userpermissions_usergroups_groupId_fk` (`groupId`)
) ENGINE=InnoDB DEFAULT CHARSET=utf8 COLLATE=utf8_unicode_ci;

DROP TABLE IF EXISTS `craft_userpermissions_users`;


--
-- Schema for table `craft_userpermissions_users`
--
CREATE TABLE `craft_userpermissions_users` (
  `id` int(11) NOT NULL AUTO_INCREMENT,
  `permissionId` int(11) NOT NULL,
  `userId` int(11) NOT NULL,
  `dateCreated` datetime NOT NULL,
  `dateUpdated` datetime NOT NULL,
  `uid` char(36) COLLATE utf8_unicode_ci NOT NULL DEFAULT '0',
  PRIMARY KEY (`id`),
  UNIQUE KEY `craft_userpermissions_users_permissionId_userId_unq_idx` (`permissionId`,`userId`),
  KEY `craft_userpermissions_users_userId_fk` (`userId`)
) ENGINE=InnoDB DEFAULT CHARSET=utf8 COLLATE=utf8_unicode_ci;

DROP TABLE IF EXISTS `craft_users`;


--
-- Schema for table `craft_users`
--
CREATE TABLE `craft_users` (
  `id` int(11) NOT NULL,
  `username` varchar(100) COLLATE utf8_unicode_ci NOT NULL,
  `photo` varchar(100) COLLATE utf8_unicode_ci DEFAULT NULL,
  `firstName` varchar(100) COLLATE utf8_unicode_ci DEFAULT NULL,
  `lastName` varchar(100) COLLATE utf8_unicode_ci DEFAULT NULL,
  `email` varchar(255) COLLATE utf8_unicode_ci NOT NULL,
  `password` char(255) COLLATE utf8_unicode_ci DEFAULT NULL,
  `preferredLocale` char(12) COLLATE utf8_unicode_ci DEFAULT NULL,
  `weekStartDay` tinyint(1) unsigned NOT NULL DEFAULT '0',
  `admin` tinyint(1) unsigned NOT NULL DEFAULT '0',
  `client` tinyint(1) unsigned NOT NULL DEFAULT '0',
  `locked` tinyint(1) unsigned NOT NULL DEFAULT '0',
  `suspended` tinyint(1) unsigned NOT NULL DEFAULT '0',
  `pending` tinyint(1) unsigned NOT NULL DEFAULT '0',
  `archived` tinyint(1) unsigned NOT NULL DEFAULT '0',
  `lastLoginDate` datetime DEFAULT NULL,
  `lastLoginAttemptIPAddress` varchar(45) COLLATE utf8_unicode_ci DEFAULT NULL,
  `invalidLoginWindowStart` datetime DEFAULT NULL,
  `invalidLoginCount` tinyint(4) unsigned DEFAULT NULL,
  `lastInvalidLoginDate` datetime DEFAULT NULL,
  `lockoutDate` datetime DEFAULT NULL,
  `verificationCode` char(100) COLLATE utf8_unicode_ci DEFAULT NULL,
  `verificationCodeIssuedDate` datetime DEFAULT NULL,
  `unverifiedEmail` varchar(255) COLLATE utf8_unicode_ci DEFAULT NULL,
  `passwordResetRequired` tinyint(1) unsigned NOT NULL DEFAULT '0',
  `lastPasswordChangeDate` datetime DEFAULT NULL,
  `dateCreated` datetime NOT NULL,
  `dateUpdated` datetime NOT NULL,
  `uid` char(36) COLLATE utf8_unicode_ci NOT NULL DEFAULT '0',
  PRIMARY KEY (`id`),
  UNIQUE KEY `craft_users_username_unq_idx` (`username`),
  UNIQUE KEY `craft_users_email_unq_idx` (`email`),
  KEY `craft_users_verificationCode_idx` (`verificationCode`),
  KEY `craft_users_uid_idx` (`uid`),
  KEY `craft_users_preferredLocale_fk` (`preferredLocale`)
) ENGINE=InnoDB DEFAULT CHARSET=utf8 COLLATE=utf8_unicode_ci;

--
-- Data for table `craft_users`
--

INSERT INTO `craft_users` (`id`, `username`, `photo`, `firstName`, `lastName`, `email`, `password`, `preferredLocale`, `weekStartDay`, `admin`, `client`, `locked`, `suspended`, `pending`, `archived`, `lastLoginDate`, `lastLoginAttemptIPAddress`, `invalidLoginWindowStart`, `invalidLoginCount`, `lastInvalidLoginDate`, `lockoutDate`, `verificationCode`, `verificationCodeIssuedDate`, `unverifiedEmail`, `passwordResetRequired`, `lastPasswordChangeDate`, `dateCreated`, `dateUpdated`, `uid`) VALUES
 ('1', 'northmarathon', NULL, NULL, NULL, 'sirworker@ya.ru', '$2y$13$e1ScYlyO2BhqQMhS4NpbUOpA7E5dzw0qpQE9r1zU8tw48GCWgmKma', NULL, '0', '1', '0', '0', '0', '0', '0', '2016-06-27 11:32:39', '127.0.0.1', NULL, NULL, NULL, NULL, NULL, NULL, NULL, '0', '2016-06-27 11:32:37', '2016-06-27 11:32:37', '2016-06-27 11:32:39', 'c48a3d6a-f096-4a13-a2b3-2796683f831c');



DROP TABLE IF EXISTS `craft_widgets`;


--
-- Schema for table `craft_widgets`
--
CREATE TABLE `craft_widgets` (
  `id` int(11) NOT NULL AUTO_INCREMENT,
  `userId` int(11) NOT NULL,
  `type` varchar(150) COLLATE utf8_unicode_ci NOT NULL,
  `sortOrder` smallint(6) unsigned DEFAULT NULL,
  `colspan` tinyint(4) unsigned DEFAULT NULL,
  `settings` text COLLATE utf8_unicode_ci,
  `enabled` tinyint(1) unsigned NOT NULL DEFAULT '1',
  `dateCreated` datetime NOT NULL,
  `dateUpdated` datetime NOT NULL,
  `uid` char(36) COLLATE utf8_unicode_ci NOT NULL DEFAULT '0',
  PRIMARY KEY (`id`),
  KEY `craft_widgets_userId_fk` (`userId`)
) ENGINE=InnoDB AUTO_INCREMENT=5 DEFAULT CHARSET=utf8 COLLATE=utf8_unicode_ci;

--
-- Data for table `craft_widgets`
--

INSERT INTO `craft_widgets` (`id`, `userId`, `type`, `sortOrder`, `colspan`, `settings`, `enabled`, `dateCreated`, `dateUpdated`, `uid`) VALUES
 ('1', '1', 'RecentEntries', '1', NULL, NULL, '1', '2016-06-27 11:35:24', '2016-06-27 11:35:24', '6c2195a0-b269-4f11-b26d-953ce2910de1'),
 ('2', '1', 'GetHelp', '2', NULL, NULL, '1', '2016-06-27 11:35:24', '2016-06-27 11:35:24', 'b189b279-128b-41c0-8aa2-05baa332bbd5'),
 ('3', '1', 'Updates', '3', NULL, NULL, '1', '2016-06-27 11:35:24', '2016-06-27 11:35:24', '5540de5b-8f0f-422e-9490-17b365579209'),
 ('4', '1', 'Feed', '4', NULL, '{\"url\":\"https:\\/\\/craftcms.com\\/news.rss\",\"title\":\"Craft News\"}', '1', '2016-06-27 11:35:24', '2016-06-27 11:35:24', 'c9dd7c3b-1c51-4a7b-af3f-43c32860802c');


--
-- Constraints for tables
--


--
-- Constraints for table `craft_assetfiles`
--
ALTER TABLE `craft_assetfiles`
	ADD CONSTRAINT `craft_assetfiles_folderId_fk` FOREIGN KEY (`folderId`) REFERENCES `craft_assetfolders` (`id`) ON DELETE CASCADE,
	ADD CONSTRAINT `craft_assetfiles_id_fk` FOREIGN KEY (`id`) REFERENCES `craft_elements` (`id`) ON DELETE CASCADE,
	ADD CONSTRAINT `craft_assetfiles_sourceId_fk` FOREIGN KEY (`sourceId`) REFERENCES `craft_assetsources` (`id`) ON DELETE CASCADE;

--
-- Constraints for table `craft_assetfolders`
--
ALTER TABLE `craft_assetfolders`
	ADD CONSTRAINT `craft_assetfolders_sourceId_fk` FOREIGN KEY (`sourceId`) REFERENCES `craft_assetsources` (`id`) ON DELETE CASCADE,
	ADD CONSTRAINT `craft_assetfolders_parentId_fk` FOREIGN KEY (`parentId`) REFERENCES `craft_assetfolders` (`id`) ON DELETE CASCADE;

--
-- Constraints for table `craft_assetindexdata`
--
ALTER TABLE `craft_assetindexdata`
	ADD CONSTRAINT `craft_assetindexdata_sourceId_fk` FOREIGN KEY (`sourceId`) REFERENCES `craft_assetsources` (`id`) ON DELETE CASCADE;

--
-- Constraints for table `craft_assetsources`
--
ALTER TABLE `craft_assetsources`
	ADD CONSTRAINT `craft_assetsources_fieldLayoutId_fk` FOREIGN KEY (`fieldLayoutId`) REFERENCES `craft_fieldlayouts` (`id`) ON DELETE SET NULL;

--
-- Constraints for table `craft_categories`
--
ALTER TABLE `craft_categories`
	ADD CONSTRAINT `craft_categories_groupId_fk` FOREIGN KEY (`groupId`) REFERENCES `craft_categorygroups` (`id`) ON DELETE CASCADE,
	ADD CONSTRAINT `craft_categories_id_fk` FOREIGN KEY (`id`) REFERENCES `craft_elements` (`id`) ON DELETE CASCADE;

--
-- Constraints for table `craft_categorygroups`
--
ALTER TABLE `craft_categorygroups`
	ADD CONSTRAINT `craft_categorygroups_fieldLayoutId_fk` FOREIGN KEY (`fieldLayoutId`) REFERENCES `craft_fieldlayouts` (`id`) ON DELETE SET NULL,
	ADD CONSTRAINT `craft_categorygroups_structureId_fk` FOREIGN KEY (`structureId`) REFERENCES `craft_structures` (`id`) ON DELETE CASCADE;

--
-- Constraints for table `craft_categorygroups_i18n`
--
ALTER TABLE `craft_categorygroups_i18n`
	ADD CONSTRAINT `craft_categorygroups_i18n_locale_fk` FOREIGN KEY (`locale`) REFERENCES `craft_locales` (`locale`) ON DELETE CASCADE ON UPDATE CASCADE,
	ADD CONSTRAINT `craft_categorygroups_i18n_groupId_fk` FOREIGN KEY (`groupId`) REFERENCES `craft_categorygroups` (`id`) ON DELETE CASCADE;

--
-- Constraints for table `craft_content`
--
ALTER TABLE `craft_content`
	ADD CONSTRAINT `craft_content_elementId_fk` FOREIGN KEY (`elementId`) REFERENCES `craft_elements` (`id`) ON DELETE CASCADE,
	ADD CONSTRAINT `craft_content_locale_fk` FOREIGN KEY (`locale`) REFERENCES `craft_locales` (`locale`) ON DELETE CASCADE ON UPDATE CASCADE;

--
-- Constraints for table `craft_elements_i18n`
--
ALTER TABLE `craft_elements_i18n`
	ADD CONSTRAINT `craft_elements_i18n_locale_fk` FOREIGN KEY (`locale`) REFERENCES `craft_locales` (`locale`) ON DELETE CASCADE ON UPDATE CASCADE,
	ADD CONSTRAINT `craft_elements_i18n_elementId_fk` FOREIGN KEY (`elementId`) REFERENCES `craft_elements` (`id`) ON DELETE CASCADE;

--
-- Constraints for table `craft_emailmessages`
--
ALTER TABLE `craft_emailmessages`
	ADD CONSTRAINT `craft_emailmessages_locale_fk` FOREIGN KEY (`locale`) REFERENCES `craft_locales` (`locale`) ON DELETE CASCADE ON UPDATE CASCADE;

--
-- Constraints for table `craft_entries`
--
ALTER TABLE `craft_entries`
	ADD CONSTRAINT `craft_entries_authorId_fk` FOREIGN KEY (`authorId`) REFERENCES `craft_users` (`id`) ON DELETE CASCADE,
	ADD CONSTRAINT `craft_entries_id_fk` FOREIGN KEY (`id`) REFERENCES `craft_elements` (`id`) ON DELETE CASCADE,
	ADD CONSTRAINT `craft_entries_sectionId_fk` FOREIGN KEY (`sectionId`) REFERENCES `craft_sections` (`id`) ON DELETE CASCADE,
	ADD CONSTRAINT `craft_entries_typeId_fk` FOREIGN KEY (`typeId`) REFERENCES `craft_entrytypes` (`id`) ON DELETE CASCADE;

--
-- Constraints for table `craft_entrydrafts`
--
ALTER TABLE `craft_entrydrafts`
	ADD CONSTRAINT `craft_entrydrafts_locale_fk` FOREIGN KEY (`locale`) REFERENCES `craft_locales` (`locale`) ON DELETE CASCADE ON UPDATE CASCADE,
	ADD CONSTRAINT `craft_entrydrafts_creatorId_fk` FOREIGN KEY (`creatorId`) REFERENCES `craft_users` (`id`) ON DELETE CASCADE,
	ADD CONSTRAINT `craft_entrydrafts_entryId_fk` FOREIGN KEY (`entryId`) REFERENCES `craft_entries` (`id`) ON DELETE CASCADE,
	ADD CONSTRAINT `craft_entrydrafts_sectionId_fk` FOREIGN KEY (`sectionId`) REFERENCES `craft_sections` (`id`) ON DELETE CASCADE;

--
-- Constraints for table `craft_entrytypes`
--
ALTER TABLE `craft_entrytypes`
	ADD CONSTRAINT `craft_entrytypes_fieldLayoutId_fk` FOREIGN KEY (`fieldLayoutId`) REFERENCES `craft_fieldlayouts` (`id`) ON DELETE SET NULL,
	ADD CONSTRAINT `craft_entrytypes_sectionId_fk` FOREIGN KEY (`sectionId`) REFERENCES `craft_sections` (`id`) ON DELETE CASCADE;

--
-- Constraints for table `craft_entryversions`
--
ALTER TABLE `craft_entryversions`
	ADD CONSTRAINT `craft_entryversions_locale_fk` FOREIGN KEY (`locale`) REFERENCES `craft_locales` (`locale`) ON DELETE CASCADE ON UPDATE CASCADE,
	ADD CONSTRAINT `craft_entryversions_creatorId_fk` FOREIGN KEY (`creatorId`) REFERENCES `craft_users` (`id`) ON DELETE SET NULL,
	ADD CONSTRAINT `craft_entryversions_entryId_fk` FOREIGN KEY (`entryId`) REFERENCES `craft_entries` (`id`) ON DELETE CASCADE,
	ADD CONSTRAINT `craft_entryversions_sectionId_fk` FOREIGN KEY (`sectionId`) REFERENCES `craft_sections` (`id`) ON DELETE CASCADE;

--
-- Constraints for table `craft_fieldlayoutfields`
--
ALTER TABLE `craft_fieldlayoutfields`
	ADD CONSTRAINT `craft_fieldlayoutfields_fieldId_fk` FOREIGN KEY (`fieldId`) REFERENCES `craft_fields` (`id`) ON DELETE CASCADE,
	ADD CONSTRAINT `craft_fieldlayoutfields_layoutId_fk` FOREIGN KEY (`layoutId`) REFERENCES `craft_fieldlayouts` (`id`) ON DELETE CASCADE,
	ADD CONSTRAINT `craft_fieldlayoutfields_tabId_fk` FOREIGN KEY (`tabId`) REFERENCES `craft_fieldlayouttabs` (`id`) ON DELETE CASCADE;

--
-- Constraints for table `craft_fieldlayouttabs`
--
ALTER TABLE `craft_fieldlayouttabs`
	ADD CONSTRAINT `craft_fieldlayouttabs_layoutId_fk` FOREIGN KEY (`layoutId`) REFERENCES `craft_fieldlayouts` (`id`) ON DELETE CASCADE;

--
-- Constraints for table `craft_fields`
--
ALTER TABLE `craft_fields`
	ADD CONSTRAINT `craft_fields_groupId_fk` FOREIGN KEY (`groupId`) REFERENCES `craft_fieldgroups` (`id`) ON DELETE CASCADE;

--
-- Constraints for table `craft_globalsets`
--
ALTER TABLE `craft_globalsets`
	ADD CONSTRAINT `craft_globalsets_fieldLayoutId_fk` FOREIGN KEY (`fieldLayoutId`) REFERENCES `craft_fieldlayouts` (`id`) ON DELETE SET NULL,
	ADD CONSTRAINT `craft_globalsets_id_fk` FOREIGN KEY (`id`) REFERENCES `craft_elements` (`id`) ON DELETE CASCADE;

--
-- Constraints for table `craft_matrixblocks`
--
ALTER TABLE `craft_matrixblocks`
	ADD CONSTRAINT `craft_matrixblocks_typeId_fk` FOREIGN KEY (`typeId`) REFERENCES `craft_matrixblocktypes` (`id`) ON DELETE CASCADE,
	ADD CONSTRAINT `craft_matrixblocks_fieldId_fk` FOREIGN KEY (`fieldId`) REFERENCES `craft_fields` (`id`) ON DELETE CASCADE,
	ADD CONSTRAINT `craft_matrixblocks_id_fk` FOREIGN KEY (`id`) REFERENCES `craft_elements` (`id`) ON DELETE CASCADE,
	ADD CONSTRAINT `craft_matrixblocks_ownerId_fk` FOREIGN KEY (`ownerId`) REFERENCES `craft_elements` (`id`) ON DELETE CASCADE,
	ADD CONSTRAINT `craft_matrixblocks_ownerLocale_fk` FOREIGN KEY (`ownerLocale`) REFERENCES `craft_locales` (`locale`) ON DELETE CASCADE ON UPDATE CASCADE;

--
-- Constraints for table `craft_matrixblocktypes`
--
ALTER TABLE `craft_matrixblocktypes`
	ADD CONSTRAINT `craft_matrixblocktypes_fieldLayoutId_fk` FOREIGN KEY (`fieldLayoutId`) REFERENCES `craft_fieldlayouts` (`id`) ON DELETE SET NULL,
	ADD CONSTRAINT `craft_matrixblocktypes_fieldId_fk` FOREIGN KEY (`fieldId`) REFERENCES `craft_fields` (`id`) ON DELETE CASCADE;

--
-- Constraints for table `craft_matrixcontent_articlebody`
--
ALTER TABLE `craft_matrixcontent_articlebody`
	ADD CONSTRAINT `craft_matrixcontent_articlebody_elementId_fk` FOREIGN KEY (`elementId`) REFERENCES `craft_elements` (`id`) ON DELETE CASCADE,
	ADD CONSTRAINT `craft_matrixcontent_articlebody_locale_fk` FOREIGN KEY (`locale`) REFERENCES `craft_locales` (`locale`) ON DELETE CASCADE ON UPDATE CASCADE;

--
-- Constraints for table `craft_migrations`
--
ALTER TABLE `craft_migrations`
	ADD CONSTRAINT `craft_migrations_pluginId_fk` FOREIGN KEY (`pluginId`) REFERENCES `craft_plugins` (`id`) ON DELETE CASCADE;

--
-- Constraints for table `craft_relations`
--
ALTER TABLE `craft_relations`
	ADD CONSTRAINT `craft_relations_targetId_fk` FOREIGN KEY (`targetId`) REFERENCES `craft_elements` (`id`) ON DELETE CASCADE,
	ADD CONSTRAINT `craft_relations_fieldId_fk` FOREIGN KEY (`fieldId`) REFERENCES `craft_fields` (`id`) ON DELETE CASCADE,
	ADD CONSTRAINT `craft_relations_sourceId_fk` FOREIGN KEY (`sourceId`) REFERENCES `craft_elements` (`id`) ON DELETE CASCADE,
	ADD CONSTRAINT `craft_relations_sourceLocale_fk` FOREIGN KEY (`sourceLocale`) REFERENCES `craft_locales` (`locale`) ON DELETE CASCADE ON UPDATE CASCADE;

--
-- Constraints for table `craft_routes`
--
ALTER TABLE `craft_routes`
	ADD CONSTRAINT `craft_routes_locale_fk` FOREIGN KEY (`locale`) REFERENCES `craft_locales` (`locale`) ON DELETE CASCADE ON UPDATE CASCADE;

--
-- Constraints for table `craft_sections`
--
ALTER TABLE `craft_sections`
	ADD CONSTRAINT `craft_sections_structureId_fk` FOREIGN KEY (`structureId`) REFERENCES `craft_structures` (`id`) ON DELETE SET NULL;

--
-- Constraints for table `craft_sections_i18n`
--
ALTER TABLE `craft_sections_i18n`
	ADD CONSTRAINT `craft_sections_i18n_locale_fk` FOREIGN KEY (`locale`) REFERENCES `craft_locales` (`locale`) ON DELETE CASCADE ON UPDATE CASCADE,
	ADD CONSTRAINT `craft_sections_i18n_sectionId_fk` FOREIGN KEY (`sectionId`) REFERENCES `craft_sections` (`id`) ON DELETE CASCADE;

--
-- Constraints for table `craft_sessions`
--
ALTER TABLE `craft_sessions`
	ADD CONSTRAINT `craft_sessions_userId_fk` FOREIGN KEY (`userId`) REFERENCES `craft_users` (`id`) ON DELETE CASCADE;

--
-- Constraints for table `craft_shunnedmessages`
--
ALTER TABLE `craft_shunnedmessages`
	ADD CONSTRAINT `craft_shunnedmessages_userId_fk` FOREIGN KEY (`userId`) REFERENCES `craft_users` (`id`) ON DELETE CASCADE;

--
-- Constraints for table `craft_structureelements`
--
ALTER TABLE `craft_structureelements`
	ADD CONSTRAINT `craft_structureelements_elementId_fk` FOREIGN KEY (`elementId`) REFERENCES `craft_elements` (`id`) ON DELETE CASCADE,
	ADD CONSTRAINT `craft_structureelements_structureId_fk` FOREIGN KEY (`structureId`) REFERENCES `craft_structures` (`id`) ON DELETE CASCADE;

--
-- Constraints for table `craft_taggroups`
--
ALTER TABLE `craft_taggroups`
	ADD CONSTRAINT `craft_taggroups_fieldLayoutId_fk` FOREIGN KEY (`fieldLayoutId`) REFERENCES `craft_fieldlayouts` (`id`) ON DELETE SET NULL;

--
-- Constraints for table `craft_tags`
--
ALTER TABLE `craft_tags`
	ADD CONSTRAINT `craft_tags_groupId_fk` FOREIGN KEY (`groupId`) REFERENCES `craft_taggroups` (`id`) ON DELETE CASCADE,
	ADD CONSTRAINT `craft_tags_id_fk` FOREIGN KEY (`id`) REFERENCES `craft_elements` (`id`) ON DELETE CASCADE;

--
-- Constraints for table `craft_templatecachecriteria`
--
ALTER TABLE `craft_templatecachecriteria`
	ADD CONSTRAINT `craft_templatecachecriteria_cacheId_fk` FOREIGN KEY (`cacheId`) REFERENCES `craft_templatecaches` (`id`) ON DELETE CASCADE;

--
-- Constraints for table `craft_templatecacheelements`
--
ALTER TABLE `craft_templatecacheelements`
	ADD CONSTRAINT `craft_templatecacheelements_elementId_fk` FOREIGN KEY (`elementId`) REFERENCES `craft_elements` (`id`) ON DELETE CASCADE,
	ADD CONSTRAINT `craft_templatecacheelements_cacheId_fk` FOREIGN KEY (`cacheId`) REFERENCES `craft_templatecaches` (`id`) ON DELETE CASCADE;

--
-- Constraints for table `craft_templatecaches`
--
ALTER TABLE `craft_templatecaches`
	ADD CONSTRAINT `craft_templatecaches_locale_fk` FOREIGN KEY (`locale`) REFERENCES `craft_locales` (`locale`) ON DELETE CASCADE ON UPDATE CASCADE;

--
-- Constraints for table `craft_usergroups_users`
--
ALTER TABLE `craft_usergroups_users`
	ADD CONSTRAINT `craft_usergroups_users_userId_fk` FOREIGN KEY (`userId`) REFERENCES `craft_users` (`id`) ON DELETE CASCADE,
	ADD CONSTRAINT `craft_usergroups_users_groupId_fk` FOREIGN KEY (`groupId`) REFERENCES `craft_usergroups` (`id`) ON DELETE CASCADE;

--
-- Constraints for table `craft_userpermissions_usergroups`
--
ALTER TABLE `craft_userpermissions_usergroups`
	ADD CONSTRAINT `craft_userpermissions_usergroups_groupId_fk` FOREIGN KEY (`groupId`) REFERENCES `craft_usergroups` (`id`) ON DELETE CASCADE,
	ADD CONSTRAINT `craft_userpermissions_usergroups_permissionId_fk` FOREIGN KEY (`permissionId`) REFERENCES `craft_userpermissions` (`id`) ON DELETE CASCADE;

--
-- Constraints for table `craft_userpermissions_users`
--
ALTER TABLE `craft_userpermissions_users`
	ADD CONSTRAINT `craft_userpermissions_users_userId_fk` FOREIGN KEY (`userId`) REFERENCES `craft_users` (`id`) ON DELETE CASCADE,
	ADD CONSTRAINT `craft_userpermissions_users_permissionId_fk` FOREIGN KEY (`permissionId`) REFERENCES `craft_userpermissions` (`id`) ON DELETE CASCADE;

--
-- Constraints for table `craft_users`
--
ALTER TABLE `craft_users`
	ADD CONSTRAINT `craft_users_preferredLocale_fk` FOREIGN KEY (`preferredLocale`) REFERENCES `craft_locales` (`locale`) ON DELETE SET NULL ON UPDATE CASCADE,
	ADD CONSTRAINT `craft_users_id_fk` FOREIGN KEY (`id`) REFERENCES `craft_elements` (`id`) ON DELETE CASCADE;

--
-- Constraints for table `craft_widgets`
--
ALTER TABLE `craft_widgets`
	ADD CONSTRAINT `craft_widgets_userId_fk` FOREIGN KEY (`userId`) REFERENCES `craft_users` (`id`) ON DELETE CASCADE;

SET FOREIGN_KEY_CHECKS = 1;
