-- Generated by Craft v2.6.2789 on 01 июля 2016 г., 8:17:39.

--
-- Disable foreign key checks and autocommit.
--

SET FOREIGN_KEY_CHECKS = 0;
SET SQL_MODE = "NO_AUTO_VALUE_ON_ZERO";
SET AUTOCOMMIT = 0;
SET NAMES utf8;


DROP TABLE IF EXISTS `craft_assetfiles`;


--
-- Schema for table `craft_assetfiles`
--
CREATE TABLE `craft_assetfiles` (
  `id` int(11) NOT NULL,
  `sourceId` int(11) DEFAULT NULL,
  `folderId` int(11) NOT NULL,
  `filename` varchar(255) COLLATE utf8_unicode_ci NOT NULL,
  `kind` varchar(50) COLLATE utf8_unicode_ci NOT NULL DEFAULT 'unknown',
  `width` int(11) unsigned DEFAULT NULL,
  `height` int(11) unsigned DEFAULT NULL,
  `size` bigint(20) unsigned DEFAULT NULL,
  `dateModified` datetime DEFAULT NULL,
  `dateCreated` datetime NOT NULL,
  `dateUpdated` datetime NOT NULL,
  `uid` char(36) COLLATE utf8_unicode_ci NOT NULL DEFAULT '0',
  PRIMARY KEY (`id`),
  UNIQUE KEY `craft_assetfiles_filename_folderId_unq_idx` (`filename`,`folderId`),
  KEY `craft_assetfiles_sourceId_fk` (`sourceId`),
  KEY `craft_assetfiles_folderId_fk` (`folderId`)
) ENGINE=InnoDB DEFAULT CHARSET=utf8 COLLATE=utf8_unicode_ci;

--
-- Data for table `craft_assetfiles`
--

INSERT INTO `craft_assetfiles` (`id`, `sourceId`, `folderId`, `filename`, `kind`, `width`, `height`, `size`, `dateModified`, `dateCreated`, `dateUpdated`, `uid`) VALUES
 ('10', '1', '1', 'banner.png', 'image', '202', '102', '13963', '2016-06-27 12:12:28', '2016-06-27 12:12:28', '2016-06-30 11:15:44', '4f117061-45d3-46da-97bc-87e4ae194ba6'),
 ('18', '1', '1', 'picture-2-big.png', 'image', '501', '329', '133695', '2016-06-27 12:26:52', '2016-06-27 12:26:53', '2016-06-30 11:15:47', '3024339a-252d-434d-a3b7-6545304ccbb0'),
 ('24', '2', '2', '8nG3Ot93T_g.jpg', 'image', '800', '538', '82908', '2016-06-30 02:28:45', '2016-06-30 02:28:46', '2016-06-30 11:15:47', '95e74f94-8383-4015-bde2-8a045ec9b501'),
 ('25', '2', '2', 'fNY3nfF4Sb4.jpg', 'image', '800', '534', '61517', '2016-06-30 02:28:50', '2016-06-30 02:28:50', '2016-06-30 11:15:49', '1587e862-9759-4a87-aa0a-ac08c70c10a5'),
 ('26', '2', '2', 'Ll2PBJLiPS8.jpg', 'image', '700', '489', '37317', '2016-06-30 02:28:50', '2016-06-30 02:28:50', '2016-06-30 11:15:48', 'e51dc960-31bf-49ee-825d-9abb33b43850'),
 ('27', '2', '2', 'qn0RcE5iEHo.jpg', 'image', '800', '462', '68198', '2016-06-30 02:28:50', '2016-06-30 02:28:50', '2016-06-30 11:15:49', '7307501b-aaf1-4c9e-a43f-df06f95e66cb'),
 ('28', '2', '2', 'V8fVR-9TTbg.jpg', 'image', '800', '600', '89613', '2016-06-30 02:28:50', '2016-06-30 02:28:50', '2016-06-30 11:15:48', 'a2e54795-7486-4e01-b65f-df61bce8167a'),
 ('29', '2', '2', 'zMHfZN0j_mU.jpg', 'image', '800', '534', '71276', '2016-06-30 02:28:51', '2016-06-30 02:28:51', '2016-06-30 11:15:50', '8d708723-151c-4861-b6b8-7c3797fb4556'),
 ('30', '2', '2', 'M3bbYsTT9gw.jpg', 'image', '1024', '683', '277682', '2016-06-30 03:30:00', '2016-06-30 03:30:00', '2016-06-30 11:15:48', 'a1a0e139-8b92-4bd2-84da-4e8ef9a8f52c'),
 ('31', '2', '2', 'chevrolet-chevelle-1966-szadi.jpg', 'image', '2048', '1317', '497819', '2016-06-30 03:30:49', '2016-06-30 03:30:49', '2016-06-30 11:15:48', '0afa002d-bd9d-498c-b01f-4c088d3bcfcd'),
 ('32', '2', '2', 'sobaka-vzglyad-drug-7094.jpg', 'image', '800', '480', '96189', '2016-06-30 03:48:53', '2016-06-30 03:48:53', '2016-06-30 11:15:49', '940bfae4-3f7a-4e15-9167-59eab9e331ef'),
 ('33', '2', '2', 'pticy-utki-priroda-980.jpg', 'image', '2048', '1366', '1055220', '2016-06-30 03:48:54', '2016-06-30 03:48:55', '2016-06-30 11:15:49', '1c02c9b7-2a0c-4a66-aab4-547a69b1e613'),
 ('34', '2', '2', 'norwegian-army-soldat-armiya-3824.jpg', 'image', '800', '480', '102311', '2016-06-30 03:48:55', '2016-06-30 03:48:55', '2016-06-30 11:15:49', '189c27f4-cbf4-49f7-a2cf-550427ce1404'),
 ('35', '2', '2', 'noch-nebo-zvezdy-pleyada-761.jpg', 'image', '1680', '1050', '279269', '2016-06-30 03:48:55', '2016-06-30 03:48:55', '2016-06-30 11:15:49', '6a4fee87-b942-4c16-8659-8840ab2e376e'),
 ('36', '2', '2', 'gerbery-korzina-vinograd.jpg', 'image', '800', '480', '84091', '2016-06-30 03:48:55', '2016-06-30 03:48:55', '2016-06-30 11:15:49', 'ca06fb27-0c05-467a-b3d4-b5067ce7bb9b'),
 ('37', '2', '2', 'bernskiy-zennenhund-sobaka.jpg', 'image', '800', '480', '84153', '2016-06-30 03:48:56', '2016-06-30 03:48:56', '2016-06-30 11:15:48', '83d3409e-2670-436e-b597-2088108ed3cc'),
 ('38', '2', '2', 'alla-studiya-kreslo-boke.jpg', 'image', '2048', '1363', '999478', '2016-06-30 03:48:56', '2016-06-30 03:48:57', '2016-06-30 11:15:48', '048baf79-dc84-48d6-9194-1d47463e0739'),
 ('40', '1', '3', 'Ll2PBJLiPS8.jpg', 'image', '700', '489', '37317', '2016-06-30 02:28:50', '2016-06-30 11:15:44', '2016-06-30 11:15:44', '0191aad5-f786-4fe9-b613-7c7fd6eb1817'),
 ('41', '1', '3', '8nG3Ot93T_g.jpg', 'image', '800', '538', '82908', '2016-06-30 02:28:45', '2016-06-30 11:15:44', '2016-06-30 11:15:44', '591d84af-ce5e-4080-b405-fdc232c12d7e'),
 ('42', '1', '3', 'M3bbYsTT9gw.jpg', 'image', '1024', '683', '277682', '2016-06-30 03:30:00', '2016-06-30 11:15:44', '2016-06-30 11:15:44', '3f2b90b5-85e4-4f29-bd23-ab4e535039da'),
 ('43', '1', '3', 'V8fVR-9TTbg.jpg', 'image', '800', '600', '89613', '2016-06-30 02:28:50', '2016-06-30 11:15:44', '2016-06-30 11:15:44', '44784f6a-102a-4fb1-a309-02bb60e01046'),
 ('44', '1', '3', 'bernskiy-zennenhund-sobaka.jpg', 'image', '800', '480', '84153', '2016-06-30 03:48:56', '2016-06-30 11:15:45', '2016-06-30 11:15:45', 'f241c104-a397-48cb-b407-f4dcdc418bb7'),
 ('45', '1', '3', 'alla-studiya-kreslo-boke.jpg', 'image', '2048', '1363', '999478', '2016-06-30 03:48:56', '2016-06-30 11:15:45', '2016-06-30 11:15:45', 'e44db159-ae17-4bc3-87de-1d60f50bdcd9'),
 ('46', '1', '3', 'fNY3nfF4Sb4.jpg', 'image', '800', '534', '61517', '2016-06-30 02:28:50', '2016-06-30 11:15:45', '2016-06-30 11:15:45', '00a3f33d-43b2-48f7-80af-f2285173294a'),
 ('47', '1', '3', 'chevrolet-chevelle-1966-szadi.jpg', 'image', '2048', '1317', '497819', '2016-06-30 03:30:49', '2016-06-30 11:15:45', '2016-06-30 11:15:45', '65a71224-4b82-4a90-9dbc-6d2b199c66b3'),
 ('48', '1', '3', 'gerbery-korzina-vinograd.jpg', 'image', '800', '480', '84091', '2016-06-30 03:48:55', '2016-06-30 11:15:46', '2016-06-30 11:15:46', 'acfa941e-2e9e-4545-a3a4-97893cbbb266'),
 ('49', '1', '3', 'noch-nebo-zvezdy-pleyada-761.jpg', 'image', '1680', '1050', '279269', '2016-06-30 03:48:55', '2016-06-30 11:15:46', '2016-06-30 11:15:46', '053d1060-357f-4beb-a331-f143bcb068c2'),
 ('50', '1', '3', 'norwegian-army-soldat-armiya-3824.jpg', 'image', '800', '480', '102311', '2016-06-30 03:48:55', '2016-06-30 11:15:46', '2016-06-30 11:15:46', '88bf9326-26e5-44ae-9677-0f0f7adae51a'),
 ('51', '1', '3', 'qn0RcE5iEHo.jpg', 'image', '800', '462', '68198', '2016-06-30 02:28:50', '2016-06-30 11:15:46', '2016-06-30 11:15:46', '6baa5a66-f41c-48a0-b1e3-ebd8fd706447'),
 ('52', '1', '3', 'pticy-utki-priroda-980.jpg', 'image', '2048', '1366', '1055220', '2016-06-30 03:48:54', '2016-06-30 11:15:46', '2016-06-30 11:15:47', 'c245fbbb-6d4d-48e2-b7d3-b12523485558'),
 ('53', '1', '3', 'zMHfZN0j_mU.jpg', 'image', '800', '534', '71276', '2016-06-30 02:28:51', '2016-06-30 11:15:47', '2016-06-30 11:15:47', 'c0ad512d-0fca-476e-b141-2b641c6a37f0'),
 ('54', '1', '3', 'sobaka-vzglyad-drug-7094.jpg', 'image', '800', '480', '96189', '2016-06-30 03:48:53', '2016-06-30 11:15:47', '2016-06-30 11:15:47', '11f200df-0683-4b95-ba00-0c39dd500d8d'),
 ('56', '1', '1', 'main-background.png', 'image', '1367', '990', '1187717', '2016-06-30 13:45:49', '2016-06-30 13:45:49', '2016-06-30 13:45:49', '3f275d87-1d30-4d37-a743-7e0a65ac410e'),
 ('89', '2', '2', 'picture-3-big.png', 'image', '501', '329', '150663', '2016-07-01 07:26:00', '2016-07-01 07:26:00', '2016-07-01 07:26:00', '5bfcfc69-e81b-4a5b-8b8e-ca2001c9be34');



DROP TABLE IF EXISTS `craft_assetfolders`;


--
-- Schema for table `craft_assetfolders`
--
CREATE TABLE `craft_assetfolders` (
  `id` int(11) NOT NULL AUTO_INCREMENT,
  `parentId` int(11) DEFAULT NULL,
  `sourceId` int(11) DEFAULT NULL,
  `name` varchar(255) COLLATE utf8_unicode_ci NOT NULL,
  `path` varchar(255) COLLATE utf8_unicode_ci DEFAULT NULL,
  `dateCreated` datetime NOT NULL,
  `dateUpdated` datetime NOT NULL,
  `uid` char(36) COLLATE utf8_unicode_ci NOT NULL DEFAULT '0',
  PRIMARY KEY (`id`),
  UNIQUE KEY `craft_assetfolders_name_parentId_sourceId_unq_idx` (`name`,`parentId`,`sourceId`),
  KEY `craft_assetfolders_parentId_fk` (`parentId`),
  KEY `craft_assetfolders_sourceId_fk` (`sourceId`)
) ENGINE=InnoDB AUTO_INCREMENT=4 DEFAULT CHARSET=utf8 COLLATE=utf8_unicode_ci;

--
-- Data for table `craft_assetfolders`
--

INSERT INTO `craft_assetfolders` (`id`, `parentId`, `sourceId`, `name`, `path`, `dateCreated`, `dateUpdated`, `uid`) VALUES
 ('1', NULL, '1', 'Фотографии', '', '2016-06-27 12:00:56', '2016-06-27 12:00:56', 'c6b7c761-88b1-40f2-ad15-a1d1816ab4b7'),
 ('2', NULL, '2', 'Галерея', '', '2016-06-30 02:28:05', '2016-06-30 02:28:05', '3b7a33a0-fd2a-4347-810f-3f357f8d79dc'),
 ('3', '1', '1', 'gallery', 'gallery/', '2016-06-30 11:15:42', '2016-06-30 11:15:42', 'b91c4d93-d8c0-40b2-b27a-71a69a2b7bba');



DROP TABLE IF EXISTS `craft_assetindexdata`;


--
-- Schema for table `craft_assetindexdata`
--
CREATE TABLE `craft_assetindexdata` (
  `id` int(11) NOT NULL AUTO_INCREMENT,
  `sessionId` varchar(36) COLLATE utf8_unicode_ci NOT NULL DEFAULT '',
  `sourceId` int(10) NOT NULL,
  `offset` int(10) NOT NULL,
  `uri` varchar(255) COLLATE utf8_unicode_ci DEFAULT NULL,
  `size` varchar(255) COLLATE utf8_unicode_ci DEFAULT NULL,
  `recordId` int(10) DEFAULT NULL,
  `dateCreated` datetime NOT NULL,
  `dateUpdated` datetime NOT NULL,
  `uid` char(36) COLLATE utf8_unicode_ci NOT NULL DEFAULT '0',
  PRIMARY KEY (`id`),
  UNIQUE KEY `craft_assetindexdata_sessionId_sourceId_offset_unq_idx` (`sessionId`,`sourceId`,`offset`),
  KEY `craft_assetindexdata_sourceId_fk` (`sourceId`)
) ENGINE=InnoDB DEFAULT CHARSET=utf8 COLLATE=utf8_unicode_ci;

DROP TABLE IF EXISTS `craft_assetsources`;


--
-- Schema for table `craft_assetsources`
--
CREATE TABLE `craft_assetsources` (
  `id` int(11) NOT NULL AUTO_INCREMENT,
  `name` varchar(255) COLLATE utf8_unicode_ci NOT NULL,
  `handle` varchar(255) COLLATE utf8_unicode_ci NOT NULL,
  `type` varchar(150) COLLATE utf8_unicode_ci NOT NULL,
  `settings` text COLLATE utf8_unicode_ci,
  `sortOrder` smallint(6) unsigned DEFAULT NULL,
  `fieldLayoutId` int(10) DEFAULT NULL,
  `dateCreated` datetime NOT NULL,
  `dateUpdated` datetime NOT NULL,
  `uid` char(36) COLLATE utf8_unicode_ci NOT NULL DEFAULT '0',
  PRIMARY KEY (`id`),
  UNIQUE KEY `craft_assetsources_name_unq_idx` (`name`),
  UNIQUE KEY `craft_assetsources_handle_unq_idx` (`handle`),
  KEY `craft_assetsources_fieldLayoutId_fk` (`fieldLayoutId`)
) ENGINE=InnoDB AUTO_INCREMENT=3 DEFAULT CHARSET=utf8 COLLATE=utf8_unicode_ci;

--
-- Data for table `craft_assetsources`
--

INSERT INTO `craft_assetsources` (`id`, `name`, `handle`, `type`, `settings`, `sortOrder`, `fieldLayoutId`, `dateCreated`, `dateUpdated`, `uid`) VALUES
 ('1', 'Фотографии', 'photos', 'Local', '{\"path\":\"uploads\\/\",\"publicURLs\":\"1\",\"url\":\"\\/uploads\\/\"}', '1', '32', '2016-06-27 12:00:56', '2016-06-27 12:12:21', '9c7fb585-ad39-49d1-bce0-4e7d6a90cf44'),
 ('2', 'Галерея', 'gallery', 'Local', '{\"path\":\"uploads\\/gallery\\/\",\"publicURLs\":\"1\",\"url\":\"\\/uploads\\/gallery\\/\"}', '2', '45', '2016-06-30 02:28:05', '2016-06-30 02:28:05', 'c8a909ee-c59a-4086-918e-1e0917694319');



DROP TABLE IF EXISTS `craft_assettransformindex`;


--
-- Schema for table `craft_assettransformindex`
--
CREATE TABLE `craft_assettransformindex` (
  `id` int(11) NOT NULL AUTO_INCREMENT,
  `fileId` int(11) NOT NULL,
  `filename` varchar(255) COLLATE utf8_unicode_ci DEFAULT NULL,
  `format` varchar(255) COLLATE utf8_unicode_ci DEFAULT NULL,
  `location` varchar(255) COLLATE utf8_unicode_ci NOT NULL,
  `sourceId` int(11) DEFAULT NULL,
  `fileExists` tinyint(1) DEFAULT NULL,
  `inProgress` tinyint(1) DEFAULT NULL,
  `dateIndexed` datetime DEFAULT NULL,
  `dateCreated` datetime NOT NULL,
  `dateUpdated` datetime NOT NULL,
  `uid` char(36) COLLATE utf8_unicode_ci NOT NULL DEFAULT '0',
  PRIMARY KEY (`id`),
  KEY `craft_assettransformindex_sourceId_fileId_location_idx` (`sourceId`,`fileId`,`location`)
) ENGINE=InnoDB AUTO_INCREMENT=33 DEFAULT CHARSET=utf8 COLLATE=utf8_unicode_ci;

DROP TABLE IF EXISTS `craft_assettransforms`;


--
-- Schema for table `craft_assettransforms`
--
CREATE TABLE `craft_assettransforms` (
  `id` int(11) NOT NULL AUTO_INCREMENT,
  `name` varchar(255) COLLATE utf8_unicode_ci NOT NULL,
  `handle` varchar(255) COLLATE utf8_unicode_ci NOT NULL,
  `mode` enum('stretch','fit','crop') COLLATE utf8_unicode_ci NOT NULL DEFAULT 'crop',
  `position` enum('top-left','top-center','top-right','center-left','center-center','center-right','bottom-left','bottom-center','bottom-right') COLLATE utf8_unicode_ci NOT NULL DEFAULT 'center-center',
  `height` int(10) DEFAULT NULL,
  `width` int(10) DEFAULT NULL,
  `format` varchar(255) COLLATE utf8_unicode_ci DEFAULT NULL,
  `quality` int(10) DEFAULT NULL,
  `dimensionChangeTime` datetime DEFAULT NULL,
  `dateCreated` datetime NOT NULL,
  `dateUpdated` datetime NOT NULL,
  `uid` char(36) COLLATE utf8_unicode_ci NOT NULL DEFAULT '0',
  PRIMARY KEY (`id`),
  UNIQUE KEY `craft_assettransforms_name_unq_idx` (`name`),
  UNIQUE KEY `craft_assettransforms_handle_unq_idx` (`handle`)
) ENGINE=InnoDB AUTO_INCREMENT=3 DEFAULT CHARSET=utf8 COLLATE=utf8_unicode_ci;

--
-- Data for table `craft_assettransforms`
--

INSERT INTO `craft_assettransforms` (`id`, `name`, `handle`, `mode`, `position`, `height`, `width`, `format`, `quality`, `dimensionChangeTime`, `dateCreated`, `dateUpdated`, `uid`) VALUES
 ('1', 'Маленький размер', 'small', 'fit', 'center-center', NULL, '300', 'jpg', '60', '2016-06-27 12:45:09', '2016-06-27 12:26:25', '2016-06-27 12:45:09', '7451a010-e053-400b-9d05-28b0719072a9'),
 ('2', 'Полный размер', 'full', 'fit', 'center-center', NULL, '1024', 'jpg', '60', '2016-06-30 04:08:02', '2016-06-30 04:08:02', '2016-06-30 04:08:02', 'b92d7bcd-b364-4738-b9c0-210e59693175');



DROP TABLE IF EXISTS `craft_categories`;


--
-- Schema for table `craft_categories`
--
CREATE TABLE `craft_categories` (
  `id` int(11) NOT NULL,
  `groupId` int(11) NOT NULL,
  `dateCreated` datetime NOT NULL,
  `dateUpdated` datetime NOT NULL,
  `uid` char(36) COLLATE utf8_unicode_ci NOT NULL DEFAULT '0',
  PRIMARY KEY (`id`),
  KEY `craft_categories_groupId_fk` (`groupId`)
) ENGINE=InnoDB DEFAULT CHARSET=utf8 COLLATE=utf8_unicode_ci;

DROP TABLE IF EXISTS `craft_categorygroups`;


--
-- Schema for table `craft_categorygroups`
--
CREATE TABLE `craft_categorygroups` (
  `id` int(11) NOT NULL AUTO_INCREMENT,
  `structureId` int(11) NOT NULL,
  `fieldLayoutId` int(11) DEFAULT NULL,
  `name` varchar(255) COLLATE utf8_unicode_ci NOT NULL,
  `handle` varchar(255) COLLATE utf8_unicode_ci NOT NULL,
  `hasUrls` tinyint(1) unsigned NOT NULL DEFAULT '1',
  `template` varchar(500) COLLATE utf8_unicode_ci DEFAULT NULL,
  `dateCreated` datetime NOT NULL,
  `dateUpdated` datetime NOT NULL,
  `uid` char(36) COLLATE utf8_unicode_ci NOT NULL DEFAULT '0',
  PRIMARY KEY (`id`),
  UNIQUE KEY `craft_categorygroups_name_unq_idx` (`name`),
  UNIQUE KEY `craft_categorygroups_handle_unq_idx` (`handle`),
  KEY `craft_categorygroups_structureId_fk` (`structureId`),
  KEY `craft_categorygroups_fieldLayoutId_fk` (`fieldLayoutId`)
) ENGINE=InnoDB DEFAULT CHARSET=utf8 COLLATE=utf8_unicode_ci;

DROP TABLE IF EXISTS `craft_categorygroups_i18n`;


--
-- Schema for table `craft_categorygroups_i18n`
--
CREATE TABLE `craft_categorygroups_i18n` (
  `id` int(11) NOT NULL AUTO_INCREMENT,
  `groupId` int(11) NOT NULL,
  `locale` char(12) COLLATE utf8_unicode_ci NOT NULL,
  `urlFormat` text COLLATE utf8_unicode_ci,
  `nestedUrlFormat` text COLLATE utf8_unicode_ci,
  `dateCreated` datetime NOT NULL,
  `dateUpdated` datetime NOT NULL,
  `uid` char(36) COLLATE utf8_unicode_ci NOT NULL DEFAULT '0',
  PRIMARY KEY (`id`),
  UNIQUE KEY `craft_categorygroups_i18n_groupId_locale_unq_idx` (`groupId`,`locale`),
  KEY `craft_categorygroups_i18n_locale_fk` (`locale`)
) ENGINE=InnoDB DEFAULT CHARSET=utf8 COLLATE=utf8_unicode_ci;

DROP TABLE IF EXISTS `craft_content`;


--
-- Schema for table `craft_content`
--
CREATE TABLE `craft_content` (
  `id` int(11) NOT NULL AUTO_INCREMENT,
  `elementId` int(11) NOT NULL,
  `locale` char(12) COLLATE utf8_unicode_ci NOT NULL,
  `title` varchar(255) COLLATE utf8_unicode_ci DEFAULT NULL,
  `field_body` text COLLATE utf8_unicode_ci,
  `field_hyperlink` text COLLATE utf8_unicode_ci,
  `field_date` datetime DEFAULT NULL,
  `field_nodeTitle` text COLLATE utf8_unicode_ci,
  `field_articleHeading` text COLLATE utf8_unicode_ci,
  `field_shortDescription` text COLLATE utf8_unicode_ci,
  `dateCreated` datetime NOT NULL,
  `dateUpdated` datetime NOT NULL,
  `uid` char(36) COLLATE utf8_unicode_ci NOT NULL DEFAULT '0',
  PRIMARY KEY (`id`),
  UNIQUE KEY `craft_content_elementId_locale_unq_idx` (`elementId`,`locale`),
  KEY `craft_content_title_idx` (`title`),
  KEY `craft_content_locale_fk` (`locale`)
) ENGINE=InnoDB AUTO_INCREMENT=72 DEFAULT CHARSET=utf8 COLLATE=utf8_unicode_ci;

--
-- Data for table `craft_content`
--

INSERT INTO `craft_content` (`id`, `elementId`, `locale`, `title`, `field_body`, `field_hyperlink`, `field_date`, `field_nodeTitle`, `field_articleHeading`, `field_shortDescription`, `dateCreated`, `dateUpdated`, `uid`) VALUES
 ('1', '1', 'ru', NULL, NULL, NULL, NULL, NULL, NULL, NULL, '2016-06-27 11:32:37', '2016-06-27 11:32:37', '9e4192a0-32ea-4502-a63d-9989570c348d'),
 ('2', '2', 'ru', 'Главная страница', '<p>It’s true, this site doesn’t have a whole lot of content yet, but don’t worry. Our web developers have just installed the CMS, and they’re setting things up for the content editors this very moment. Soon Northmarathon.io will be an oasis of fresh perspectives, sharp analyses, and astute opinions that will keep you coming back again and again.</p>', NULL, NULL, NULL, NULL, NULL, '2016-06-27 11:32:39', '2016-06-30 11:15:18', 'bc72692a-113f-447b-bed4-ee419290d3e0'),
 ('3', '3', 'ru', 'Мы просто установили Craft CMS!', '<p>Craft is the CMS that’s powering Northmarathon.io. It’s beautiful, powerful, flexible, and easy-to-use, and it’s made by Pixel &amp; Tonic. We can’t wait to dive in and see what it’s capable of!</p><!--pagebreak--><p>This is even more captivating content, which you couldn’t see on the News index page because it was entered after a Page Break, and the News index template only likes to show the content on the first page.</p><p>Craft: a nice alternative to Word, if you’re making a website.</p>', NULL, NULL, NULL, NULL, '<p><strong>Lorem ipsum</strong> dolor sit amet, consectetur adipiscing elit, sed do eiusmod tempor incididunt ut labore et dolore magna aliqua. <em>Ut enim ad minim veniam</em>, quis nostrud exercitation ullamco laboris nisi ut aliquip ex ea commodo consequat. Duis aute irure dolor in reprehenderit in voluptate velit esse cillum dolore eu fugiat nulla pariatur.</p>', '2016-06-27 11:32:40', '2016-07-01 05:48:12', 'fbc8e4de-e890-4fdd-9bfe-b1a83f6c0854'),
 ('4', '4', 'ru', NULL, NULL, 'http://vk.com', NULL, 'vk', NULL, NULL, '2016-06-27 11:37:43', '2016-06-30 13:32:19', '33e58fd2-980b-4cee-b619-73fc957147d7'),
 ('5', '5', 'ru', NULL, NULL, 'http://twitter.com', NULL, 'twitter', NULL, NULL, '2016-06-27 11:46:49', '2016-06-30 13:32:15', 'f89845c8-ea84-4e9e-8c6f-bfb0cba5b473'),
 ('6', '6', 'ru', NULL, NULL, 'http://facebook.com', NULL, 'facebook', NULL, NULL, '2016-06-27 11:47:04', '2016-06-30 13:32:05', '7ed2aab4-37de-46ab-bf22-f3befc971509'),
 ('7', '7', 'ru', NULL, NULL, 'http://instagram.com', NULL, 'instagram', NULL, NULL, '2016-06-27 11:47:18', '2016-06-30 13:32:10', '7c0e8f71-a720-47b9-adac-72af2924ac02'),
 ('10', '10', 'ru', 'Banner', NULL, NULL, NULL, NULL, NULL, NULL, '2016-06-27 12:12:28', '2016-06-30 11:15:44', 'fc2d16b7-58b9-4ec9-83ef-e648359856bf'),
 ('11', '11', 'ru', 'СВФУ', NULL, 'http://s-vfu.ru', NULL, NULL, NULL, NULL, '2016-06-27 12:13:00', '2016-06-27 12:13:00', 'c1fad65b-8e7e-45c8-a317-095e8436d987'),
 ('12', '12', 'ru', 'О марафоне', NULL, NULL, NULL, NULL, NULL, NULL, '2016-06-27 12:13:46', '2016-06-30 12:11:15', 'b41930dc-25e2-4626-b4eb-9e4bdce6e590'),
 ('13', '13', 'ru', 'Новости', NULL, NULL, NULL, NULL, NULL, NULL, '2016-06-27 12:14:18', '2016-06-30 12:11:15', '5b3326be-6130-43d7-9035-40f348f177ca'),
 ('14', '14', 'ru', 'Форум', NULL, NULL, NULL, NULL, NULL, NULL, '2016-06-27 12:14:33', '2016-06-30 14:44:58', 'e6fad799-b557-412f-be13-cf27d6d5a54e'),
 ('15', '15', 'ru', 'Галерея', NULL, NULL, NULL, NULL, NULL, NULL, '2016-06-27 12:14:47', '2016-06-30 12:11:15', '6e1827dc-c3c6-4164-9844-6a1f5fbd3b1d'),
 ('16', '16', 'ru', 'Контакты', NULL, NULL, NULL, NULL, NULL, NULL, '2016-06-27 12:14:58', '2016-06-30 14:46:58', 'd618505c-ec4f-46b2-a113-8d2903cf0f41'),
 ('17', '17', 'ru', NULL, NULL, NULL, '2016-07-29 15:00:00', NULL, NULL, NULL, '2016-06-27 12:22:05', '2016-07-01 06:57:42', '033ffcf0-1cb0-4f12-899c-046043356483'),
 ('18', '18', 'ru', 'Picture 2 Big', NULL, NULL, NULL, NULL, NULL, NULL, '2016-06-27 12:26:53', '2016-06-30 11:15:47', 'ebeb2c28-8e81-491d-985e-281463234cd5'),
 ('19', '20', 'ru', 'Контакты', '<p>Тут текст...</p>', NULL, NULL, NULL, 'Станьте участниками марафона!', NULL, '2016-06-27 12:48:11', '2016-06-30 13:53:43', '82eb1414-cd06-45cf-910e-e0009a1ec856'),
 ('20', '21', 'ru', 'Форум', NULL, NULL, NULL, NULL, NULL, NULL, '2016-06-27 12:54:06', '2016-06-27 12:54:06', '3be0c7cc-435d-46ce-a79e-1ee6d9debd27'),
 ('21', '22', 'ru', 'О марафоне', NULL, NULL, NULL, NULL, NULL, NULL, '2016-06-27 12:55:21', '2016-07-01 05:54:16', 'b7b8b1b4-3ae4-401e-971a-2a509739ac39'),
 ('22', '23', 'ru', 'Пример фотогалереи', NULL, NULL, NULL, NULL, NULL, NULL, '2016-06-30 02:27:23', '2016-06-30 03:30:56', '482a520b-8177-4134-b77e-63e67960a118'),
 ('23', '24', 'ru', '8N G3 Ot93 T G', NULL, NULL, NULL, NULL, NULL, NULL, '2016-06-30 02:28:45', '2016-06-30 11:15:47', '3059c2df-b391-4659-b9a1-d4352b60fb5f'),
 ('24', '25', 'ru', 'dsadasd', NULL, NULL, NULL, NULL, NULL, NULL, '2016-06-30 02:28:50', '2016-06-30 11:15:49', '1f89b889-d43a-4f2c-b7f0-8ba4cc88fb38'),
 ('25', '26', 'ru', 'Ll2 Pbjli Ps8', NULL, NULL, NULL, NULL, NULL, NULL, '2016-06-30 02:28:50', '2016-06-30 11:15:48', '603fdae7-8c38-4997-86ed-8a96bdc0ac96'),
 ('26', '27', 'ru', 'Qn0 Rc E5I Eho', NULL, NULL, NULL, NULL, NULL, NULL, '2016-06-30 02:28:50', '2016-06-30 11:15:49', 'd81fa580-f6e4-447f-ab75-167d1ea97f61'),
 ('27', '28', 'ru', 'V8F Vr 9 Ttbg', NULL, NULL, NULL, NULL, NULL, NULL, '2016-06-30 02:28:50', '2016-06-30 11:15:48', 'a67fa3e2-9345-49d0-ac7f-a1dc6c8d1a42'),
 ('28', '29', 'ru', 'Z Mhf Zn0J M U', NULL, NULL, NULL, NULL, NULL, NULL, '2016-06-30 02:28:51', '2016-06-30 11:15:50', 'a687c9e3-f10f-4554-a7df-6e7882a48119'),
 ('29', '30', 'ru', 'M3Bb Ys Tt9Gw', NULL, NULL, NULL, NULL, NULL, NULL, '2016-06-30 03:30:00', '2016-06-30 11:15:48', '45cf5c70-742e-423c-a948-d38bf078a147'),
 ('30', '31', 'ru', 'Chevrolet Chevelle 1966 Szadi', NULL, NULL, NULL, NULL, NULL, NULL, '2016-06-30 03:30:49', '2016-06-30 11:15:48', '6db27c47-0072-47b7-b397-1294f635a801'),
 ('31', '32', 'ru', 'Sobaka Vzglyad Drug 7094', NULL, NULL, NULL, NULL, NULL, NULL, '2016-06-30 03:48:53', '2016-06-30 11:15:49', '1b8e17b1-2640-4a42-b02c-4d17f89c0cf5'),
 ('32', '33', 'ru', 'Pticy Utki Priroda 980', NULL, NULL, NULL, NULL, NULL, NULL, '2016-06-30 03:48:55', '2016-06-30 11:15:49', '9cd4ceaf-88a1-4226-9c79-f3a9c8ec513c'),
 ('33', '34', 'ru', 'Norwegian Army Soldat Armiya 3824', NULL, NULL, NULL, NULL, NULL, NULL, '2016-06-30 03:48:55', '2016-06-30 11:15:49', '18500a1f-b6a3-4923-ada3-4202a98684b8'),
 ('34', '35', 'ru', 'Noch Nebo Zvezdy Pleyada 761', NULL, NULL, NULL, NULL, NULL, NULL, '2016-06-30 03:48:55', '2016-06-30 11:15:49', '0cf955f5-6ae7-4d81-a3b4-4e74c11429ce'),
 ('35', '36', 'ru', 'Gerbery Korzina Vinograd', NULL, NULL, NULL, NULL, NULL, NULL, '2016-06-30 03:48:55', '2016-06-30 11:15:49', 'f667b75c-2e98-433e-862b-04027ea5a78c'),
 ('36', '37', 'ru', 'Bernskiy Zennenhund Sobaka', NULL, NULL, NULL, NULL, NULL, NULL, '2016-06-30 03:48:56', '2016-06-30 11:15:48', '641c83f5-bd90-4161-b24f-c239edd1614a'),
 ('37', '38', 'ru', 'Alla Studiya Kreslo Boke', NULL, NULL, NULL, NULL, NULL, NULL, '2016-06-30 03:48:57', '2016-06-30 11:15:48', '92b3ec02-2c87-4d4b-8cf1-dd27123f2fc7'),
 ('38', '39', 'ru', 'Пример второй галереи ', NULL, NULL, NULL, NULL, NULL, NULL, '2016-06-30 03:49:06', '2016-06-30 04:09:06', 'ebac22b2-33e0-4cd2-a1b7-afb9c3af4b7f'),
 ('39', '40', 'ru', 'Ll2 Pbjli Ps8', NULL, NULL, NULL, NULL, NULL, NULL, '2016-06-30 11:15:44', '2016-06-30 11:15:44', 'f483d3ba-be76-49c5-bf7b-80e1c781e61f'),
 ('40', '41', 'ru', '8N G3 Ot93 T G', NULL, NULL, NULL, NULL, NULL, NULL, '2016-06-30 11:15:44', '2016-06-30 11:15:44', '1994de33-7214-4a5e-b8db-01d70c6b063e'),
 ('41', '42', 'ru', 'M3Bb Ys Tt9Gw', NULL, NULL, NULL, NULL, NULL, NULL, '2016-06-30 11:15:44', '2016-06-30 11:15:44', 'ebd70bba-3317-4a31-a68f-ab758c2c7e39'),
 ('42', '43', 'ru', 'V8F Vr 9 Ttbg', NULL, NULL, NULL, NULL, NULL, NULL, '2016-06-30 11:15:44', '2016-06-30 11:15:44', 'ce178e40-f6d6-43d8-93ed-cea44203d953'),
 ('43', '44', 'ru', 'Bernskiy Zennenhund Sobaka', NULL, NULL, NULL, NULL, NULL, NULL, '2016-06-30 11:15:45', '2016-06-30 11:15:45', '55165cc1-581b-46a7-beb6-e8fc4a1308fb'),
 ('44', '45', 'ru', 'Alla Studiya Kreslo Boke', NULL, NULL, NULL, NULL, NULL, NULL, '2016-06-30 11:15:45', '2016-06-30 11:15:45', '15063e54-852c-49be-a93e-b6e58984b8a0'),
 ('45', '46', 'ru', 'F Ny3Nf F4 Sb4', NULL, NULL, NULL, NULL, NULL, NULL, '2016-06-30 11:15:45', '2016-06-30 11:15:45', 'a1ea98ae-a086-414c-973a-411cdd2a5e95'),
 ('46', '47', 'ru', 'Chevrolet Chevelle 1966 Szadi', NULL, NULL, NULL, NULL, NULL, NULL, '2016-06-30 11:15:45', '2016-06-30 11:15:45', '610f62df-8453-44d5-8390-9a1dcd3ff66f'),
 ('47', '48', 'ru', 'Gerbery Korzina Vinograd', NULL, NULL, NULL, NULL, NULL, NULL, '2016-06-30 11:15:46', '2016-06-30 11:15:46', 'a3bce243-d7a0-4b23-ada1-da38bacab629'),
 ('48', '49', 'ru', 'Noch Nebo Zvezdy Pleyada 761', NULL, NULL, NULL, NULL, NULL, NULL, '2016-06-30 11:15:46', '2016-06-30 11:15:46', 'c979f1f9-ef5c-4783-b0ae-6968a1e4040d'),
 ('49', '50', 'ru', 'Norwegian Army Soldat Armiya 3824', NULL, NULL, NULL, NULL, NULL, NULL, '2016-06-30 11:15:46', '2016-06-30 11:15:46', '54afd454-3374-4ad2-8d99-4ad6bac9bfbb'),
 ('50', '51', 'ru', 'Qn0 Rc E5I Eho', NULL, NULL, NULL, NULL, NULL, NULL, '2016-06-30 11:15:46', '2016-06-30 11:15:46', '2173904a-7097-4c67-a8fc-f4765a5fc3dd'),
 ('51', '52', 'ru', 'Pticy Utki Priroda 980', NULL, NULL, NULL, NULL, NULL, NULL, '2016-06-30 11:15:46', '2016-06-30 11:15:47', '07639b6c-cc8a-4d51-ac88-8c74255826e3'),
 ('52', '53', 'ru', 'Z Mhf Zn0J M U', NULL, NULL, NULL, NULL, NULL, NULL, '2016-06-30 11:15:47', '2016-06-30 11:15:47', '0db23da8-9d3f-4751-803a-773e9ae3bdc4'),
 ('53', '54', 'ru', 'Sobaka Vzglyad Drug 7094', NULL, NULL, NULL, NULL, NULL, NULL, '2016-06-30 11:15:47', '2016-06-30 11:15:47', 'c5da50b0-d107-403c-a2a0-757732301b14'),
 ('54', '55', 'ru', NULL, NULL, 'http://example.com', NULL, 'Стать участником', NULL, NULL, '2016-06-30 11:35:43', '2016-06-30 11:56:36', '9f40d60d-0a00-47a0-9aca-c35c32f17d2a'),
 ('55', '56', 'ru', 'Main Background', NULL, NULL, NULL, NULL, NULL, NULL, '2016-06-30 13:45:49', '2016-06-30 13:45:49', '445f83ad-6db1-4e2b-8570-4ddea0938813'),
 ('56', '57', 'ru', 'Спонсор', NULL, '', NULL, NULL, NULL, NULL, '2016-06-30 14:56:05', '2016-06-30 14:56:05', '778d34b8-6bc6-4b7d-a1ac-930eb302df76'),
 ('57', '58', 'ru', 'Еще спонсор', NULL, '', NULL, NULL, NULL, NULL, '2016-06-30 14:56:17', '2016-06-30 14:56:17', 'afb217e0-2bc1-46be-9cf0-feb3f3e345e1'),
 ('58', '61', 'ru', 'Новая запись это счастье!', NULL, NULL, NULL, NULL, NULL, '<p>Sed ut perspiciatis unde omnis iste natus error sit voluptatem accusantium doloremque laudantium, totam rem aperiam, eaque ipsa quae ab illo inventore veritatis et quasi architecto beatae vitae dicta sunt explicabo. Nemo enim ipsam voluptatem quia voluptas sit aspernatur aut odit aut fugit, sed quia consequuntur magni dolores eos qui ratione voluptatem sequi nesciunt. Neque porro quisquam est, qui dolorem ipsum quia dolor sit amet, consectetur, adipisci velit, sed quia non numquam eius modi tempora.</p>', '2016-06-30 16:23:13', '2016-07-01 05:53:53', '9fcca0fe-d4f8-4dad-96fd-71f66bd335bd'),
 ('59', '70', 'ru', 'Новость №3', NULL, NULL, NULL, NULL, NULL, '<p><strong>Lorem Ipsum</strong> - это текст-\"рыба\", часто используемый в печати и вэб-дизайне. Lorem Ipsum является стандартной \"рыбой\" для текстов на латинице с начала XVI века. В то время некий безымянный печатник создал большую коллекцию размеров и форм шрифтов, используя Lorem Ipsum для распечатки образцов. Lorem Ipsum не только успешно пережил без заметных изменений пять веков, но и перешагнул в электронный дизайн. </p>', '2016-07-01 06:14:38', '2016-07-01 06:17:43', '68381666-6f86-45ea-86c1-71f9aa8e9ecb'),
 ('60', '71', 'ru', 'Новость №4', NULL, NULL, NULL, NULL, NULL, '<p><strong>Lorem Ipsum</strong> - это текст-\"рыба\", часто используемый в печати и вэб-дизайне. Lorem Ipsum является стандартной \"рыбой\" для текстов на латинице с начала XVI века. В то время некий безымянный печатник создал большую коллекцию размеров и форм шрифтов, используя Lorem Ipsum для распечатки образцов. Lorem Ipsum не только успешно пережил без заметных изменений пять веков, но и перешагнул в электронный дизайн. </p>', '2016-07-01 06:14:46', '2016-07-01 06:17:48', '6669f1ac-c787-4602-83af-d5a13968ea25'),
 ('61', '72', 'ru', 'Новость №5', NULL, NULL, NULL, NULL, NULL, '<p><strong>Lorem Ipsum</strong> - это текст-\"рыба\", часто используемый в печати и вэб-дизайне. Lorem Ipsum является стандартной \"рыбой\" для текстов на латинице с начала XVI века. В то время некий безымянный печатник создал большую коллекцию размеров и форм шрифтов, используя Lorem Ipsum для распечатки образцов. Lorem Ipsum не только успешно пережил без заметных изменений пять веков, но и перешагнул в электронный дизайн. </p>', '2016-07-01 06:14:50', '2016-07-01 06:17:52', '8dced892-240b-4a8e-9524-cdcfdf5b2e20'),
 ('62', '73', 'ru', 'Новость №6', NULL, NULL, NULL, NULL, NULL, '<p><strong>Lorem Ipsum</strong> - это текст-\"рыба\", часто используемый в печати и вэб-дизайне. Lorem Ipsum является стандартной \"рыбой\" для текстов на латинице с начала XVI века. В то время некий безымянный печатник создал большую коллекцию размеров и форм шрифтов, используя Lorem Ipsum для распечатки образцов. Lorem Ipsum не только успешно пережил без заметных изменений пять веков, но и перешагнул в электронный дизайн. </p>', '2016-07-01 06:14:56', '2016-07-01 06:18:06', '801bf591-33d2-426e-a650-c1cdbbe9c029'),
 ('63', '74', 'ru', 'If length is given and is positive, then the sequence will have up to that many elements in it', NULL, NULL, NULL, NULL, NULL, '<p><strong>Lorem Ipsum</strong> - это текст-\"рыба\", часто используемый в печати и вэб-дизайне. Lorem Ipsum является стандартной \"рыбой\" для текстов на латинице с начала XVI века. В то время некий безымянный печатник создал большую коллекцию размеров и форм шрифтов, используя Lorem Ipsum для распечатки образцов. Lorem Ipsum не только успешно пережил без заметных изменений пять веков, но и перешагнул в электронный дизайн. </p>', '2016-07-01 06:15:01', '2016-07-01 07:03:33', '8962e193-6816-44ee-866d-aa1c412f90f5'),
 ('64', '75', 'ru', 'Новость №8', NULL, NULL, NULL, NULL, NULL, '<p><strong>Lorem Ipsum</strong> - это текст-\"рыба\", часто используемый в печати и вэб-дизайне. Lorem Ipsum является стандартной \"рыбой\" для текстов на латинице с начала XVI века. В то время некий безымянный печатник создал большую коллекцию размеров и форм шрифтов, используя Lorem Ipsum для распечатки образцов. Lorem Ipsum не только успешно пережил без заметных изменений пять веков, но и перешагнул в электронный дизайн. </p>', '2016-07-01 06:15:06', '2016-07-01 06:57:26', 'b1bc6405-fc64-4f42-8ac3-2f6a569a9a82'),
 ('65', '76', 'ru', 'Новость №9', NULL, NULL, NULL, NULL, NULL, '<p><strong>Lorem Ipsum</strong> - это текст-\"рыба\", часто используемый в печати и вэб-дизайне. Lorem Ipsum является стандартной \"рыбой\" для текстов на латинице с начала XVI века. В то время некий безымянный печатник создал большую коллекцию размеров и форм шрифтов, используя Lorem Ipsum для распечатки образцов. Lorem Ipsum не только успешно пережил без заметных изменений пять веков, но и перешагнул в электронный дизайн. Lorem Ipsum не только успешно пережил без заметных изменений пять веков, но и перешагнул в электронный дизайн. </p>', '2016-07-01 06:15:10', '2016-07-01 06:52:21', '99555b37-ec93-40ca-8e62-5243fee4242f'),
 ('66', '77', 'ru', 'Новость №10', NULL, NULL, NULL, NULL, NULL, '<p><strong>Lorem Ipsum</strong> - это текст-\"рыба\", часто используемый в печати и вэб-дизайне. Lorem Ipsum является стандартной \"рыбой\" для текстов на латинице с начала XVI века. В то время некий безымянный печатник создал большую коллекцию размеров и форм шрифтов, используя Lorem Ipsum для распечатки образцов. Lorem Ipsum не только успешно пережил без заметных изменений пять веков, но и перешагнул в электронный дизайн. </p>', '2016-07-01 06:15:15', '2016-07-01 06:19:43', 'b4978451-9929-4b84-ae74-1c81f40a87da'),
 ('67', '78', 'ru', 'Новость №11', NULL, NULL, NULL, NULL, NULL, '<p><strong>Lorem Ipsum</strong> - это текст-\"рыба\", часто используемый в печати и вэб-дизайне. Lorem Ipsum является стандартной \"рыбой\" для текстов на латинице с начала XVI века. В то время некий безымянный печатник создал большую коллекцию размеров и форм шрифтов, используя Lorem Ipsum для распечатки образцов. Lorem Ipsum не только успешно пережил без заметных изменений пять веков, но и перешагнул в электронный дизайн. </p>', '2016-07-01 06:15:20', '2016-07-01 06:17:15', 'd1a5b221-20e5-443d-948c-7947e39549e5'),
 ('68', '79', 'ru', 'Новость №12', NULL, NULL, NULL, NULL, NULL, '<p><strong>Lorem Ipsum</strong> - это текст-\"рыба\", часто используемый в печати и вэб-дизайне. Lorem Ipsum является стандартной \"рыбой\" для текстов на латинице с начала XVI века. В то время некий безымянный печатник создал большую коллекцию размеров и форм шрифтов, используя Lorem Ipsum для распечатки образцов. Lorem Ipsum не только успешно пережил без заметных изменений пять веков, но и перешагнул в электронный дизайн. </p>', '2016-07-01 06:15:24', '2016-07-01 06:40:24', 'be89314b-5156-45f9-a9dc-e26405ea8145'),
 ('69', '85', 'ru', 'О марафоне', NULL, NULL, NULL, NULL, NULL, '<p>Многие думают, что Lorem Ipsum - взятый с потолка псевдо-латинский набор слов, но это не совсем так. Его корни уходят в один фрагмент классической латыни 45 года н.э., то есть более двух тысячелетий назад. Ричард МакКлинток, профессор латыни из колледжа Hampden-Sydney, штат Вирджиния, взял одно из самых странных слов в Lorem Ipsum, \"consectetur\", и занялся его поисками в классической латинской литературе. В результате он нашёл неоспоримый первоисточник Lorem Ipsum в разделах 1.10.32 и 1.10.33 книги \"de Finibus Bonorum et Malorum\" (\"О пределах добра и зла\"), написанной Цицероном в 45 году н.э. Этот трактат по теории этики был очень популярен в эпоху Возрождения. Первая строка Lorem Ipsum, \"Lorem ipsum dolor sit amet..\", происходит от одной из строк в разделе 1.10.32</p>\n\n<p>Классический текст Lorem Ipsum, используемый с XVI века, приведён ниже. Также даны разделы 1.10.32 и 1.10.33 \"de Finibus Bonorum et Malorum\" Цицерона и их английский перевод, сделанный H. Rackham, 1914 год.</p>', '2016-07-01 07:14:16', '2016-07-01 07:31:46', '68f78082-dc97-42ed-8dc4-98b8593a6527'),
 ('70', '89', 'ru', 'Picture 3 Big', NULL, NULL, NULL, NULL, NULL, NULL, '2016-07-01 07:26:00', '2016-07-01 07:26:00', '90e890c7-9479-4058-a089-f8e2163e6f33'),
 ('71', '90', 'ru', 'Это тестовая страница', NULL, NULL, NULL, NULL, NULL, NULL, '2016-07-01 08:16:43', '2016-07-01 08:16:43', 'e414eaf1-7b9c-4dea-8ecc-3b2b8418baf3');



DROP TABLE IF EXISTS `craft_deprecationerrors`;


--
-- Schema for table `craft_deprecationerrors`
--
CREATE TABLE `craft_deprecationerrors` (
  `id` int(11) NOT NULL AUTO_INCREMENT,
  `key` varchar(255) COLLATE utf8_unicode_ci NOT NULL,
  `fingerprint` varchar(255) COLLATE utf8_unicode_ci NOT NULL,
  `lastOccurrence` datetime NOT NULL,
  `file` varchar(255) COLLATE utf8_unicode_ci NOT NULL,
  `line` smallint(6) unsigned NOT NULL,
  `class` varchar(255) COLLATE utf8_unicode_ci DEFAULT NULL,
  `method` varchar(255) COLLATE utf8_unicode_ci DEFAULT NULL,
  `template` varchar(255) COLLATE utf8_unicode_ci DEFAULT NULL,
  `templateLine` smallint(6) unsigned DEFAULT NULL,
  `message` varchar(255) COLLATE utf8_unicode_ci DEFAULT NULL,
  `traces` text COLLATE utf8_unicode_ci,
  `dateCreated` datetime NOT NULL,
  `dateUpdated` datetime NOT NULL,
  `uid` char(36) COLLATE utf8_unicode_ci NOT NULL DEFAULT '0',
  PRIMARY KEY (`id`),
  UNIQUE KEY `craft_deprecationerrors_key_fingerprint_unq_idx` (`key`,`fingerprint`)
) ENGINE=InnoDB DEFAULT CHARSET=utf8 COLLATE=utf8_unicode_ci;

DROP TABLE IF EXISTS `craft_elementindexsettings`;


--
-- Schema for table `craft_elementindexsettings`
--
CREATE TABLE `craft_elementindexsettings` (
  `id` int(11) NOT NULL AUTO_INCREMENT,
  `type` varchar(150) COLLATE utf8_unicode_ci NOT NULL,
  `settings` text COLLATE utf8_unicode_ci,
  `dateCreated` datetime NOT NULL,
  `dateUpdated` datetime NOT NULL,
  `uid` char(36) COLLATE utf8_unicode_ci NOT NULL DEFAULT '0',
  PRIMARY KEY (`id`),
  UNIQUE KEY `craft_elementindexsettings_type_unq_idx` (`type`)
) ENGINE=InnoDB AUTO_INCREMENT=2 DEFAULT CHARSET=utf8 COLLATE=utf8_unicode_ci;

--
-- Data for table `craft_elementindexsettings`
--

INSERT INTO `craft_elementindexsettings` (`id`, `type`, `settings`, `dateCreated`, `dateUpdated`, `uid`) VALUES
 ('1', 'Entry', '{\"sources\":{\"section:5\":{\"tableAttributes\":{\"1\":\"field:10\",\"2\":\"field:11\"}}}}', '2016-06-27 12:13:17', '2016-06-27 12:13:17', '7c4f3b58-96a4-4767-87bb-c0181f36c4c5');



DROP TABLE IF EXISTS `craft_elements`;


--
-- Schema for table `craft_elements`
--
CREATE TABLE `craft_elements` (
  `id` int(11) NOT NULL AUTO_INCREMENT,
  `type` varchar(150) COLLATE utf8_unicode_ci NOT NULL,
  `enabled` tinyint(1) unsigned NOT NULL DEFAULT '1',
  `archived` tinyint(1) unsigned NOT NULL DEFAULT '0',
  `dateCreated` datetime NOT NULL,
  `dateUpdated` datetime NOT NULL,
  `uid` char(36) COLLATE utf8_unicode_ci NOT NULL DEFAULT '0',
  PRIMARY KEY (`id`),
  KEY `craft_elements_type_idx` (`type`),
  KEY `craft_elements_enabled_idx` (`enabled`),
  KEY `craft_elements_archived_dateCreated_idx` (`archived`,`dateCreated`)
) ENGINE=InnoDB AUTO_INCREMENT=92 DEFAULT CHARSET=utf8 COLLATE=utf8_unicode_ci;

--
-- Data for table `craft_elements`
--

INSERT INTO `craft_elements` (`id`, `type`, `enabled`, `archived`, `dateCreated`, `dateUpdated`, `uid`) VALUES
 ('1', 'User', '1', '0', '2016-06-27 11:32:37', '2016-06-27 11:32:37', 'f911b5c8-7ba4-4993-8d42-cf1768ca9132'),
 ('2', 'Entry', '1', '0', '2016-06-27 11:32:39', '2016-06-30 11:15:18', '469bb5de-5e76-4f10-b3a7-e7c140ab108b'),
 ('3', 'Entry', '1', '0', '2016-06-27 11:32:40', '2016-07-01 05:48:12', 'f5d27316-ae99-4639-a177-e4c57d6eb1f4'),
 ('4', 'GlobalSet', '1', '0', '2016-06-27 11:37:43', '2016-06-30 13:32:19', '3ec81e43-a698-4fab-8eea-b6b7b4be645c'),
 ('5', 'GlobalSet', '1', '0', '2016-06-27 11:46:49', '2016-06-30 13:32:15', '50145a50-1dc1-4595-a212-610876b06fdf'),
 ('6', 'GlobalSet', '1', '0', '2016-06-27 11:47:04', '2016-06-30 13:32:05', '77f4d039-556d-497a-abc3-b5ffdf222eb6'),
 ('7', 'GlobalSet', '1', '0', '2016-06-27 11:47:18', '2016-06-30 13:32:09', 'c3000a0d-7af0-46e6-9c2f-96950c5bc2e6'),
 ('10', 'Asset', '1', '0', '2016-06-27 12:12:28', '2016-06-30 11:15:44', '86d72579-aaa9-4d0c-8494-a626acb08eb3'),
 ('11', 'Entry', '1', '0', '2016-06-27 12:13:00', '2016-06-27 12:13:00', '1c692d02-7b84-4c09-a0c6-301520f595da'),
 ('12', 'Entry', '1', '0', '2016-06-27 12:13:46', '2016-06-30 12:11:15', '4c7156a9-4c64-460d-926a-c6b76d476109'),
 ('13', 'Entry', '1', '0', '2016-06-27 12:14:18', '2016-06-30 12:11:15', 'a20fc5d0-9aee-4ebf-807b-0a686a51829d'),
 ('14', 'Entry', '1', '0', '2016-06-27 12:14:33', '2016-06-30 14:44:58', 'bedfc182-c3a0-403e-9538-f7c564faee09'),
 ('15', 'Entry', '1', '0', '2016-06-27 12:14:47', '2016-06-30 12:11:15', 'd09c26d5-da8d-42f2-8913-3047c566824a'),
 ('16', 'Entry', '1', '0', '2016-06-27 12:14:57', '2016-06-30 14:46:58', 'fb52591a-0be3-4674-a8a1-6dd83dbbc8b7'),
 ('17', 'GlobalSet', '1', '0', '2016-06-27 12:22:05', '2016-07-01 06:57:42', '6655beff-b45b-402f-bc54-2c955b3f03ce'),
 ('18', 'Asset', '1', '0', '2016-06-27 12:26:53', '2016-06-30 11:15:47', '2f39aaf3-b341-4ebe-9d0c-636d231e0fa8'),
 ('20', 'Entry', '1', '0', '2016-06-27 12:48:11', '2016-06-30 13:53:43', '37e6dade-3b00-43e7-a64a-5da339eab51d'),
 ('21', 'Entry', '1', '0', '2016-06-27 12:54:06', '2016-06-27 12:54:06', '148bc31b-89b5-4e67-a099-db0441e3d391'),
 ('22', 'Entry', '0', '0', '2016-06-27 12:55:21', '2016-07-01 07:15:10', '43f59587-19c0-405e-a167-5672ae82284b'),
 ('23', 'Entry', '1', '0', '2016-06-30 02:27:23', '2016-06-30 03:30:56', '2959dcf1-4082-4988-bc3f-3224da3047f5'),
 ('24', 'Asset', '1', '0', '2016-06-30 02:28:45', '2016-06-30 11:15:47', '5ed736b7-a0ea-4b29-bbe8-ac4692f5080f'),
 ('25', 'Asset', '1', '0', '2016-06-30 02:28:50', '2016-06-30 11:15:49', '07d73419-c6bd-4a7e-8021-3f0088b6a623'),
 ('26', 'Asset', '1', '0', '2016-06-30 02:28:50', '2016-06-30 11:15:48', '502a9f72-3cfc-4dfe-9459-66dc6337c2bb'),
 ('27', 'Asset', '1', '0', '2016-06-30 02:28:50', '2016-06-30 11:15:49', '303bfa79-6f64-49c0-8579-55c623a04de0'),
 ('28', 'Asset', '1', '0', '2016-06-30 02:28:50', '2016-06-30 11:15:48', 'cd985236-726b-49a6-b564-0fd70a7b1816'),
 ('29', 'Asset', '1', '0', '2016-06-30 02:28:51', '2016-06-30 11:15:50', 'a7b5bd97-e253-49e2-ae54-ec81c803f857'),
 ('30', 'Asset', '1', '0', '2016-06-30 03:30:00', '2016-06-30 11:15:48', '0b7152ae-0a79-4239-9917-98f4c00c038c'),
 ('31', 'Asset', '1', '0', '2016-06-30 03:30:49', '2016-06-30 11:15:48', 'f3aa41ef-6b40-4967-91f9-128ca123e3bd'),
 ('32', 'Asset', '1', '0', '2016-06-30 03:48:53', '2016-06-30 11:15:49', '149ea964-a0a1-4656-a7dd-5bbb65a8bed9'),
 ('33', 'Asset', '1', '0', '2016-06-30 03:48:55', '2016-06-30 11:15:49', '45feca4a-46cf-4286-9fac-9018b23a62ab'),
 ('34', 'Asset', '1', '0', '2016-06-30 03:48:55', '2016-06-30 11:15:49', 'ec87da63-dfe2-488d-aa66-4f3ca7a4fd3e'),
 ('35', 'Asset', '1', '0', '2016-06-30 03:48:55', '2016-06-30 11:15:49', '461cdb46-04ad-4102-889d-c06754c30110'),
 ('36', 'Asset', '1', '0', '2016-06-30 03:48:55', '2016-06-30 11:15:49', '4d9b3456-f682-40e5-a9e3-e4a9792ec91f'),
 ('37', 'Asset', '1', '0', '2016-06-30 03:48:56', '2016-06-30 11:15:48', '3c1f6922-e281-47b4-9a03-e0c36016b3ac'),
 ('38', 'Asset', '1', '0', '2016-06-30 03:48:57', '2016-06-30 11:15:48', 'b1e1e4a6-2e5a-4e30-8c1b-e1c345d040f9'),
 ('39', 'Entry', '1', '0', '2016-06-30 03:49:06', '2016-06-30 04:09:06', '2b0f320a-a6ee-49df-b8e3-124f2f33d1b1'),
 ('40', 'Asset', '1', '0', '2016-06-30 11:15:44', '2016-06-30 11:15:44', 'a1ecb7ea-eb01-4a63-8443-5ef1d4c3cb99'),
 ('41', 'Asset', '1', '0', '2016-06-30 11:15:44', '2016-06-30 11:15:44', '2d3c51fa-e735-46c6-97a7-07bfe393a9b5'),
 ('42', 'Asset', '1', '0', '2016-06-30 11:15:44', '2016-06-30 11:15:44', '5b011009-b36d-48c5-aa3e-b87505ca690a'),
 ('43', 'Asset', '1', '0', '2016-06-30 11:15:44', '2016-06-30 11:15:44', '8acff628-b687-49b1-86df-43115635656a'),
 ('44', 'Asset', '1', '0', '2016-06-30 11:15:45', '2016-06-30 11:15:45', '193b5bd9-ec8c-4ed0-a81c-15695d3f50f7'),
 ('45', 'Asset', '1', '0', '2016-06-30 11:15:45', '2016-06-30 11:15:45', '1a2dc373-1d02-480f-8c5f-a4d15a463db4'),
 ('46', 'Asset', '1', '0', '2016-06-30 11:15:45', '2016-06-30 11:15:45', '24eed5ff-c8dc-43ec-a44b-d90cc0dc54a2'),
 ('47', 'Asset', '1', '0', '2016-06-30 11:15:45', '2016-06-30 11:15:45', 'a1f2351a-449c-4ca5-8148-dc7efc717b84'),
 ('48', 'Asset', '1', '0', '2016-06-30 11:15:46', '2016-06-30 11:15:46', '0332dcee-28c8-49ed-bd42-9a27f4df5b04'),
 ('49', 'Asset', '1', '0', '2016-06-30 11:15:46', '2016-06-30 11:15:46', '51c02f4f-39d8-4121-a8f4-466f33b217f0'),
 ('50', 'Asset', '1', '0', '2016-06-30 11:15:46', '2016-06-30 11:15:46', 'dca7c43c-249e-44e3-b214-eb40bbe51c94'),
 ('51', 'Asset', '1', '0', '2016-06-30 11:15:46', '2016-06-30 11:15:46', 'd808f969-152f-48a8-9d22-8c0124ed7133'),
 ('52', 'Asset', '1', '0', '2016-06-30 11:15:46', '2016-06-30 11:15:47', '9e3465ee-62da-4aa5-a66a-ebff62a1bec1'),
 ('53', 'Asset', '1', '0', '2016-06-30 11:15:47', '2016-06-30 11:15:47', '1200248d-bbd9-47a4-88a0-ff61f25f06bb'),
 ('54', 'Asset', '1', '0', '2016-06-30 11:15:47', '2016-06-30 11:15:47', 'b9e4d472-c827-41e3-b347-df11d50071d4'),
 ('55', 'GlobalSet', '1', '0', '2016-06-30 11:35:43', '2016-06-30 11:56:36', '626fd63d-6906-4f07-bd62-848dde0f5b23'),
 ('56', 'Asset', '1', '0', '2016-06-30 13:45:49', '2016-06-30 13:45:49', '11dbc9ae-7f70-4256-9799-5bda20199e95'),
 ('57', 'Entry', '1', '0', '2016-06-30 14:56:05', '2016-06-30 14:56:05', '645eae35-f00f-46b2-bb9a-d410cadded86'),
 ('58', 'Entry', '1', '0', '2016-06-30 14:56:17', '2016-06-30 14:56:17', 'cdac4421-c625-40a7-98d8-e8f00fee482c'),
 ('59', 'MatrixBlock', '1', '0', '2016-06-30 16:03:18', '2016-07-01 05:48:12', '2aa7710f-2c8b-4f2d-9aad-10d6d06a042b'),
 ('60', 'MatrixBlock', '1', '0', '2016-06-30 16:15:16', '2016-07-01 05:48:12', '29b6f61e-b829-49c9-9705-b0b673a14541'),
 ('61', 'Entry', '1', '0', '2016-06-30 16:23:13', '2016-07-01 05:53:53', '76849ca2-b5a3-4c05-aa09-47ef36d94a8f'),
 ('62', 'MatrixBlock', '1', '0', '2016-06-30 16:23:13', '2016-07-01 05:53:53', '74b2e8a3-b7ee-4e2d-ad12-289538cf4cfc'),
 ('63', 'MatrixBlock', '1', '0', '2016-06-30 16:23:13', '2016-07-01 05:53:53', 'e0ffe144-9dd7-455f-82b2-397a71f1c9dc'),
 ('64', 'MatrixBlock', '1', '0', '2016-07-01 05:24:15', '2016-07-01 05:54:16', 'f7692070-3d0d-4d2d-ad1c-a8d1d9807550'),
 ('65', 'MatrixBlock', '1', '0', '2016-07-01 05:34:06', '2016-07-01 05:54:16', 'cb55653f-f1b3-4d26-b899-2efe6512e89f'),
 ('66', 'MatrixBlock', '1', '0', '2016-07-01 05:38:32', '2016-07-01 05:54:16', 'c7a4b47c-d6ec-4e73-a463-6f50d76033e9'),
 ('67', 'MatrixBlock', '1', '0', '2016-07-01 05:48:12', '2016-07-01 05:48:12', 'a3607a43-6c17-4253-a652-27192f45b427'),
 ('68', 'MatrixBlock', '1', '0', '2016-07-01 05:50:22', '2016-07-01 05:53:53', '8f6ebb57-3263-4ad3-a5a8-c6fea2dd82d2'),
 ('69', 'MatrixBlock', '1', '0', '2016-07-01 05:53:11', '2016-07-01 05:53:53', '13903d65-8fbf-425e-861c-a740e34a0057'),
 ('70', 'Entry', '1', '0', '2016-07-01 06:14:38', '2016-07-01 06:17:43', 'c5783b25-bfc2-411b-ac71-4d5236002ff2'),
 ('71', 'Entry', '1', '0', '2016-07-01 06:14:46', '2016-07-01 06:17:48', '0636b1a0-c584-45c7-8ef8-53d7e1e42d8c'),
 ('72', 'Entry', '1', '0', '2016-07-01 06:14:50', '2016-07-01 06:17:52', '74157b53-9fe1-4251-8d94-61d49ed7b3ae'),
 ('73', 'Entry', '1', '0', '2016-07-01 06:14:56', '2016-07-01 06:18:06', 'e19f1d81-73fc-46e2-810b-3c1ba415ff06'),
 ('74', 'Entry', '1', '0', '2016-07-01 06:15:01', '2016-07-01 07:03:33', '3d1b2518-7702-4043-979b-eada7ca3ecce'),
 ('75', 'Entry', '1', '0', '2016-07-01 06:15:06', '2016-07-01 06:57:26', '26bc1f6a-bd3a-4ede-b83c-a22be78782be'),
 ('76', 'Entry', '1', '0', '2016-07-01 06:15:10', '2016-07-01 06:52:21', '32455943-b4d8-4b2d-9485-182a23ea20e4'),
 ('77', 'Entry', '1', '0', '2016-07-01 06:15:15', '2016-07-01 06:19:43', 'd79c3cd5-c2a8-475d-9c35-fbf64c8b98f8'),
 ('78', 'Entry', '1', '0', '2016-07-01 06:15:20', '2016-07-01 06:17:15', 'a22a9630-1122-4ea1-b96c-0399a00fc3d8'),
 ('79', 'Entry', '1', '0', '2016-07-01 06:15:24', '2016-07-01 06:40:24', 'e918367d-d444-41f6-8325-590c8379d1a3'),
 ('80', 'MatrixBlock', '1', '0', '2016-07-01 06:59:01', '2016-07-01 07:03:33', '1d8fed46-ee9a-44e2-a73b-a5ee1f02f22d'),
 ('81', 'MatrixBlock', '1', '0', '2016-07-01 06:59:01', '2016-07-01 07:03:33', 'ed38fe96-d221-4db8-af25-b881017ff0de'),
 ('82', 'MatrixBlock', '1', '0', '2016-07-01 06:59:36', '2016-07-01 07:03:33', '5861f52b-b42d-48b9-93ee-5540a4371f58'),
 ('83', 'MatrixBlock', '1', '0', '2016-07-01 06:59:36', '2016-07-01 07:03:33', 'eb3cc7c0-2cba-43cb-b44e-5d4e852008a6'),
 ('84', 'MatrixBlock', '1', '0', '2016-07-01 06:59:36', '2016-07-01 07:03:33', '35f81e12-0df1-47e7-a62d-af3782f3f366'),
 ('85', 'Entry', '1', '0', '2016-07-01 07:14:16', '2016-07-01 07:31:46', '101ee9ea-58fc-4a24-a45f-9fc609981554'),
 ('86', 'MatrixBlock', '1', '0', '2016-07-01 07:23:06', '2016-07-01 07:31:46', '206a8a1b-f0f7-47a0-bc73-aefe12acf454'),
 ('87', 'MatrixBlock', '1', '0', '2016-07-01 07:23:06', '2016-07-01 07:31:46', 'ff472a99-335f-49b7-b458-0c6dc81fd85e'),
 ('88', 'MatrixBlock', '1', '0', '2016-07-01 07:23:06', '2016-07-01 07:31:46', '0d384dc0-e303-4382-bddb-8fe4022e60dd'),
 ('89', 'Asset', '1', '0', '2016-07-01 07:26:00', '2016-07-01 07:26:00', 'a8d82929-284f-4f87-aa8a-2850a1e0c4d3'),
 ('90', 'Entry', '1', '0', '2016-07-01 08:16:43', '2016-07-01 08:16:43', '59220c4d-bd73-407e-93db-2d4697980b7d'),
 ('91', 'MatrixBlock', '1', '0', '2016-07-01 08:16:43', '2016-07-01 08:16:43', '7d49716b-0c0b-420a-8bd0-5f3951444270');



DROP TABLE IF EXISTS `craft_elements_i18n`;


--
-- Schema for table `craft_elements_i18n`
--
CREATE TABLE `craft_elements_i18n` (
  `id` int(11) NOT NULL AUTO_INCREMENT,
  `elementId` int(11) NOT NULL,
  `locale` char(12) COLLATE utf8_unicode_ci NOT NULL,
  `slug` varchar(255) COLLATE utf8_unicode_ci DEFAULT NULL,
  `uri` varchar(255) COLLATE utf8_unicode_ci DEFAULT NULL,
  `enabled` tinyint(1) unsigned NOT NULL DEFAULT '1',
  `dateCreated` datetime NOT NULL,
  `dateUpdated` datetime NOT NULL,
  `uid` char(36) COLLATE utf8_unicode_ci NOT NULL DEFAULT '0',
  PRIMARY KEY (`id`),
  UNIQUE KEY `craft_elements_i18n_elementId_locale_unq_idx` (`elementId`,`locale`),
  UNIQUE KEY `craft_elements_i18n_uri_locale_unq_idx` (`uri`,`locale`),
  KEY `craft_elements_i18n_slug_locale_idx` (`slug`,`locale`),
  KEY `craft_elements_i18n_enabled_idx` (`enabled`),
  KEY `craft_elements_i18n_locale_fk` (`locale`)
) ENGINE=InnoDB AUTO_INCREMENT=92 DEFAULT CHARSET=utf8 COLLATE=utf8_unicode_ci;

--
-- Data for table `craft_elements_i18n`
--

INSERT INTO `craft_elements_i18n` (`id`, `elementId`, `locale`, `slug`, `uri`, `enabled`, `dateCreated`, `dateUpdated`, `uid`) VALUES
 ('1', '1', 'ru', '', NULL, '1', '2016-06-27 11:32:37', '2016-06-27 11:32:37', '2b689f5f-a172-42ea-9af2-565416e25a52'),
 ('2', '2', 'ru', 'homepage', '__home__', '1', '2016-06-27 11:32:39', '2016-06-30 11:15:18', '304c4cf9-957e-4068-bbcd-50a6cd63d6b5'),
 ('3', '3', 'ru', 'we-just-installed-craft', 'news/3-we-just-installed-craft', '1', '2016-06-27 11:32:40', '2016-07-01 05:48:12', '99f25472-3b63-4cc8-9767-9f0fb0be3af1'),
 ('4', '4', 'ru', '', NULL, '1', '2016-06-27 11:37:43', '2016-06-30 13:32:19', '4c357f65-661d-494e-931e-84589ad7611a'),
 ('5', '5', 'ru', '', NULL, '1', '2016-06-27 11:46:49', '2016-06-30 13:32:15', '98047ab6-2323-4e7b-b198-ede4fe58b7c2'),
 ('6', '6', 'ru', '', NULL, '1', '2016-06-27 11:47:04', '2016-06-30 13:32:05', '3d7b255b-ee53-44d3-9c22-d20e405a8a15'),
 ('7', '7', 'ru', '', NULL, '1', '2016-06-27 11:47:18', '2016-06-30 13:32:10', 'ad54221e-99d2-4aaf-929f-cbed45d8e1d2'),
 ('10', '10', 'ru', 'banner', NULL, '1', '2016-06-27 12:12:28', '2016-06-30 11:15:44', '7e70e14a-899f-47f2-a972-96cd043d502a'),
 ('11', '11', 'ru', 'свфу', NULL, '1', '2016-06-27 12:13:00', '2016-06-27 12:13:00', '07689146-cfd5-4c45-8521-da9061c23251'),
 ('12', '12', 'ru', 'about', NULL, '1', '2016-06-27 12:13:46', '2016-06-30 12:11:15', '6db82b79-ee31-4960-9149-62c686b6d2e7'),
 ('13', '13', 'ru', 'news', NULL, '1', '2016-06-27 12:14:18', '2016-06-30 12:11:15', '2b282fec-928e-4f25-a45c-e69188f80a61'),
 ('14', '14', 'ru', 'forum', NULL, '1', '2016-06-27 12:14:33', '2016-06-30 14:44:58', '2b438cd9-3a9a-4427-a4ca-68d5818544ce'),
 ('15', '15', 'ru', 'gallery', NULL, '1', '2016-06-27 12:14:47', '2016-06-30 12:11:15', 'b5357f19-b239-4f67-9741-b19a9d45fe02'),
 ('16', '16', 'ru', 'contacts', NULL, '1', '2016-06-27 12:14:58', '2016-06-30 14:46:58', 'e7aa4b84-85d8-48a2-9266-f9b1cae6a8dc'),
 ('17', '17', 'ru', '', NULL, '1', '2016-06-27 12:22:05', '2016-07-01 06:57:42', 'f6ba60ed-da53-4f33-a94d-ac2b4c1535e2'),
 ('18', '18', 'ru', 'picture-2-big', NULL, '1', '2016-06-27 12:26:53', '2016-06-30 11:15:47', '87351360-1e91-4eb0-b623-9becd46433b9'),
 ('20', '20', 'ru', 'контакты', 'contacts', '1', '2016-06-27 12:48:11', '2016-06-30 13:53:43', '8ca8d775-fcb2-4b16-9497-9a6262ee4a02'),
 ('21', '21', 'ru', 'форум', 'forum/', '1', '2016-06-27 12:54:06', '2016-06-27 12:54:06', 'b0d35e7e-6901-41d1-84de-925cf9951120'),
 ('22', '22', 'ru', 'о-марафоне-2', 'о-марафоне-2', '1', '2016-06-27 12:55:21', '2016-07-01 05:54:16', 'dc407d96-3ae4-46c4-89a3-400d23a64aad'),
 ('23', '23', 'ru', 'пример-фотогалереи', 'gallery/пример-фотогалереи', '1', '2016-06-30 02:27:23', '2016-06-30 03:30:56', '285b353b-3d22-4fab-b41e-340a32efbaf8'),
 ('24', '24', 'ru', '8n-g3-ot93-t-g', NULL, '1', '2016-06-30 02:28:45', '2016-06-30 11:15:47', '7516a0d7-cb10-4818-a3e6-ec93a420da48'),
 ('25', '25', 'ru', 'f-ny3nf-f4-sb4', NULL, '1', '2016-06-30 02:28:50', '2016-06-30 11:15:49', 'a64836b6-1467-4224-9728-a74f281286eb'),
 ('26', '26', 'ru', 'll2-pbjli-ps8', NULL, '1', '2016-06-30 02:28:50', '2016-06-30 11:15:48', 'b4c93b8d-dcee-46ef-a00f-276173597e6a'),
 ('27', '27', 'ru', 'qn0-rc-e5i-eho', NULL, '1', '2016-06-30 02:28:50', '2016-06-30 11:15:49', '0edf11c7-0eed-49bb-8564-b69ecfe3a1b0'),
 ('28', '28', 'ru', 'v8f-vr-9-ttbg', NULL, '1', '2016-06-30 02:28:50', '2016-06-30 11:15:48', 'd429506e-126a-4b6a-a5dd-61aabfed1d5f'),
 ('29', '29', 'ru', 'z-mhf-zn0j-m-u', NULL, '1', '2016-06-30 02:28:51', '2016-06-30 11:15:50', '9f26879f-7a36-4c85-8c4d-dd4f5e775ae8'),
 ('30', '30', 'ru', 'm3bb-ys-tt9gw', NULL, '1', '2016-06-30 03:30:00', '2016-06-30 11:15:48', '40d9c85e-1337-45fe-8d9f-7738f546c30c'),
 ('31', '31', 'ru', 'chevrolet-chevelle-1966-szadi', NULL, '1', '2016-06-30 03:30:49', '2016-06-30 11:15:48', 'a61d86c5-463f-4373-a54e-d1fae9904afd'),
 ('32', '32', 'ru', 'sobaka-vzglyad-drug-7094', NULL, '1', '2016-06-30 03:48:53', '2016-06-30 11:15:49', '621ca8ac-2dbe-432f-973b-b6acd23cc31b'),
 ('33', '33', 'ru', 'pticy-utki-priroda-980', NULL, '1', '2016-06-30 03:48:55', '2016-06-30 11:15:49', 'f1367a73-f36b-4b8c-b4a5-84b79abc8e7e'),
 ('34', '34', 'ru', 'norwegian-army-soldat-armiya-3824', NULL, '1', '2016-06-30 03:48:55', '2016-06-30 11:15:49', '78f5020a-8633-4116-93e5-69eac54d22cc'),
 ('35', '35', 'ru', 'noch-nebo-zvezdy-pleyada-761', NULL, '1', '2016-06-30 03:48:55', '2016-06-30 11:15:49', 'f306da09-bc0d-473a-ac43-6345b1ad4d11'),
 ('36', '36', 'ru', 'gerbery-korzina-vinograd', NULL, '1', '2016-06-30 03:48:55', '2016-06-30 11:15:49', '2a472c3f-35af-4279-9029-3a7fea395f5a'),
 ('37', '37', 'ru', 'bernskiy-zennenhund-sobaka', NULL, '1', '2016-06-30 03:48:56', '2016-06-30 11:15:48', '3f9ee47b-dd64-4f07-9638-bce076905c90'),
 ('38', '38', 'ru', 'alla-studiya-kreslo-boke', NULL, '1', '2016-06-30 03:48:57', '2016-06-30 11:15:48', '7aaa1756-4707-4dd0-84a9-42b8154c2ce5'),
 ('39', '39', 'ru', 'пример-второй-галереи', 'gallery/пример-второй-галереи', '1', '2016-06-30 03:49:06', '2016-06-30 04:09:06', 'b872709c-ba29-429b-adb0-20a2be746935'),
 ('40', '40', 'ru', 'll2-pbjli-ps8', NULL, '1', '2016-06-30 11:15:44', '2016-06-30 11:15:44', '78fe9370-26dc-4ff3-9ae8-bd0c553be35e'),
 ('41', '41', 'ru', '8n-g3-ot93-t-g', NULL, '1', '2016-06-30 11:15:44', '2016-06-30 11:15:44', '01cd53d1-afe9-417c-83de-ae1b99afa6c8'),
 ('42', '42', 'ru', 'm3bb-ys-tt9gw', NULL, '1', '2016-06-30 11:15:44', '2016-06-30 11:15:44', '36eb1dfd-1655-47fb-b781-6f8317c4a22c'),
 ('43', '43', 'ru', 'v8f-vr-9-ttbg', NULL, '1', '2016-06-30 11:15:44', '2016-06-30 11:15:44', 'f6908751-62a1-4c7a-8ae9-c0e90486d210'),
 ('44', '44', 'ru', 'bernskiy-zennenhund-sobaka', NULL, '1', '2016-06-30 11:15:45', '2016-06-30 11:15:45', '24e2e283-61a3-4539-a0d9-58f41b426a83'),
 ('45', '45', 'ru', 'alla-studiya-kreslo-boke', NULL, '1', '2016-06-30 11:15:45', '2016-06-30 11:15:45', 'd32401ba-fef8-4be4-9109-daad5eb83751'),
 ('46', '46', 'ru', 'f-ny3nf-f4-sb4', NULL, '1', '2016-06-30 11:15:45', '2016-06-30 11:15:45', '9278820e-196a-41cb-9fb6-bb855b35fbbf'),
 ('47', '47', 'ru', 'chevrolet-chevelle-1966-szadi', NULL, '1', '2016-06-30 11:15:45', '2016-06-30 11:15:45', 'bf4668de-e489-48c9-8ecd-85682194682a'),
 ('48', '48', 'ru', 'gerbery-korzina-vinograd', NULL, '1', '2016-06-30 11:15:46', '2016-06-30 11:15:46', 'a1e5b957-0ba7-49cd-8696-70c116ab1228'),
 ('49', '49', 'ru', 'noch-nebo-zvezdy-pleyada-761', NULL, '1', '2016-06-30 11:15:46', '2016-06-30 11:15:46', '977a82b8-e769-40e4-8772-6c057cac987a'),
 ('50', '50', 'ru', 'norwegian-army-soldat-armiya-3824', NULL, '1', '2016-06-30 11:15:46', '2016-06-30 11:15:46', '80b596c6-5b5b-4638-8942-41acb1e991d5'),
 ('51', '51', 'ru', 'qn0-rc-e5i-eho', NULL, '1', '2016-06-30 11:15:46', '2016-06-30 11:15:46', '0f51ef8d-5d12-488d-84ad-f4babace7fd8'),
 ('52', '52', 'ru', 'pticy-utki-priroda-980', NULL, '1', '2016-06-30 11:15:46', '2016-06-30 11:15:47', 'f595f5ad-c855-4c92-928d-9331d30c4823'),
 ('53', '53', 'ru', 'z-mhf-zn0j-m-u', NULL, '1', '2016-06-30 11:15:47', '2016-06-30 11:15:47', '91bc9359-fbee-4d27-b7de-85cdbf0d8839'),
 ('54', '54', 'ru', 'sobaka-vzglyad-drug-7094', NULL, '1', '2016-06-30 11:15:47', '2016-06-30 11:15:47', 'e2ade976-0e8b-4ace-8dd0-8dc370e0da5d'),
 ('55', '55', 'ru', '', NULL, '1', '2016-06-30 11:35:43', '2016-06-30 11:56:36', 'e11f4281-19ae-4c31-b192-fca09a7b64c5'),
 ('56', '56', 'ru', 'main-background', NULL, '1', '2016-06-30 13:45:49', '2016-06-30 13:45:49', '7a4997f3-bbbc-4e21-a24d-d364bf8b50dd'),
 ('57', '57', 'ru', 'спонсор', NULL, '1', '2016-06-30 14:56:05', '2016-06-30 14:56:06', '88a64417-c866-4250-bfee-1fb782286063'),
 ('58', '58', 'ru', 'еще-спонсор', NULL, '1', '2016-06-30 14:56:17', '2016-06-30 14:56:18', '0ed3c703-f57c-4302-a0f0-2284d15e5e23'),
 ('59', '59', 'ru', '', NULL, '1', '2016-06-30 16:03:18', '2016-07-01 05:48:12', '6ad52e4f-da11-4f31-b3f5-3b81b8a45964'),
 ('60', '60', 'ru', '', NULL, '1', '2016-06-30 16:15:16', '2016-07-01 05:48:12', '78d51f3e-f981-47cc-81d7-e75428ac7b0f'),
 ('61', '61', 'ru', 'новая-запись-это-счастье', 'news/61-новая-запись-это-счастье', '1', '2016-06-30 16:23:13', '2016-07-01 05:53:53', '0ba1500d-e326-4b7c-9762-7ee0e564214c'),
 ('62', '62', 'ru', '', NULL, '1', '2016-06-30 16:23:13', '2016-07-01 05:53:53', 'a9672205-3664-49f3-b939-9e51bee0e94d'),
 ('63', '63', 'ru', '', NULL, '1', '2016-06-30 16:23:13', '2016-07-01 05:53:53', '7d6df3d6-a54f-4e5d-8ce5-744dd11fd81a'),
 ('64', '64', 'ru', '', NULL, '1', '2016-07-01 05:24:15', '2016-07-01 05:54:16', '152e40c2-f4f1-44e1-9e7b-be7b3719cb07'),
 ('65', '65', 'ru', '', NULL, '1', '2016-07-01 05:34:06', '2016-07-01 05:54:16', 'a7978687-2655-46cf-b1a5-d0d34b4da547'),
 ('66', '66', 'ru', '', NULL, '1', '2016-07-01 05:38:32', '2016-07-01 05:54:16', 'c14181a9-45c6-49e6-b531-18d9d4cce456'),
 ('67', '67', 'ru', '', NULL, '1', '2016-07-01 05:48:12', '2016-07-01 05:48:12', '2b054080-94d1-489b-80c8-32bf10660bac'),
 ('68', '68', 'ru', '', NULL, '1', '2016-07-01 05:50:22', '2016-07-01 05:53:53', 'f639fa99-7cd8-4fad-8670-0b9107fa2b5a'),
 ('69', '69', 'ru', '', NULL, '1', '2016-07-01 05:53:11', '2016-07-01 05:53:53', 'b9d411dc-ee83-4d4b-be90-0edaa774a6d3'),
 ('70', '70', 'ru', 'новость-3', 'news/70-новость-3', '1', '2016-07-01 06:14:38', '2016-07-01 06:17:43', 'f3c29294-9ad7-4208-a229-631cb1869360'),
 ('71', '71', 'ru', 'новость-4', 'news/71-новость-4', '1', '2016-07-01 06:14:46', '2016-07-01 06:17:48', 'a490253d-d9c3-4289-905b-fa35f58915fa'),
 ('72', '72', 'ru', 'новость-5', 'news/72-новость-5', '1', '2016-07-01 06:14:50', '2016-07-01 06:17:52', '2effba38-66f4-4443-a28e-4452cb357450'),
 ('73', '73', 'ru', 'новость-6', 'news/73-новость-6', '1', '2016-07-01 06:14:56', '2016-07-01 06:18:06', '9baa8bd5-3988-4abc-a15a-591baaa1b040'),
 ('74', '74', 'ru', 'новость-7', 'news/74-новость-7', '1', '2016-07-01 06:15:01', '2016-07-01 07:03:33', '31333e27-4a96-4cd1-89f5-50241ff37f2a'),
 ('75', '75', 'ru', 'новость-8', 'news/75-новость-8', '1', '2016-07-01 06:15:06', '2016-07-01 06:57:26', '2f994d5b-7d89-434a-abc1-0e5d7beedf4a'),
 ('76', '76', 'ru', 'новость-9', 'news/76-новость-9', '1', '2016-07-01 06:15:10', '2016-07-01 06:52:21', 'a57824d2-da76-4685-b70c-b0289169efc6'),
 ('77', '77', 'ru', 'новость-10', 'news/77-новость-10', '1', '2016-07-01 06:15:15', '2016-07-01 06:19:43', '71b028fd-5b74-44c5-9b54-3fdce10fa0f5'),
 ('78', '78', 'ru', 'новость-11', 'news/78-новость-11', '1', '2016-07-01 06:15:20', '2016-07-01 06:17:15', '5af8c86b-2023-4175-b856-be07c26f9577'),
 ('79', '79', 'ru', 'новость-12', 'news/79-новость-12', '1', '2016-07-01 06:15:24', '2016-07-01 06:40:24', '17f7a9ea-cbc8-4a9f-9c8a-c1839402ed89'),
 ('80', '80', 'ru', '', NULL, '1', '2016-07-01 06:59:01', '2016-07-01 07:03:33', '3c62aa3f-3976-4d43-815c-bbba3232b548'),
 ('81', '81', 'ru', '', NULL, '1', '2016-07-01 06:59:01', '2016-07-01 07:03:33', '1020dd3e-cbb7-4134-9ff0-0f6eb0d3e55d'),
 ('82', '82', 'ru', '', NULL, '1', '2016-07-01 06:59:36', '2016-07-01 07:03:33', '788c90b3-7f4d-4da0-8f6f-0d82ca5a1290'),
 ('83', '83', 'ru', '', NULL, '1', '2016-07-01 06:59:36', '2016-07-01 07:03:33', 'a1be741a-4020-4576-aea4-29fe2e64d512'),
 ('84', '84', 'ru', '', NULL, '1', '2016-07-01 06:59:36', '2016-07-01 07:03:33', '0689af54-2312-4d9a-a5e6-7784abe7a1cb'),
 ('85', '85', 'ru', 'о-марафоне', 'about', '1', '2016-07-01 07:14:16', '2016-07-01 07:31:46', 'a147b3cc-3fec-4141-b6fd-4b2038cf3c18'),
 ('86', '86', 'ru', '', NULL, '1', '2016-07-01 07:23:06', '2016-07-01 07:31:46', 'e80e4e53-4607-45dc-bb4a-9a1933719388'),
 ('87', '87', 'ru', '', NULL, '1', '2016-07-01 07:23:06', '2016-07-01 07:31:46', '8ac82c53-ddb8-4b4a-adcc-342c19883eae'),
 ('88', '88', 'ru', '', NULL, '1', '2016-07-01 07:23:06', '2016-07-01 07:31:46', '9047f0d6-6b8e-491d-b99e-8f2612e48e89'),
 ('89', '89', 'ru', 'picture-3-big', NULL, '1', '2016-07-01 07:26:00', '2016-07-01 07:26:00', 'eb8397e2-af1c-4fc9-9470-f5aeb8de4f18'),
 ('90', '90', 'ru', 'это-тестовая-страница', 'это-тестовая-страница', '1', '2016-07-01 08:16:43', '2016-07-01 08:16:44', '9f08f842-fb0b-4f0e-80c1-e35face6be9a'),
 ('91', '91', 'ru', '', NULL, '1', '2016-07-01 08:16:43', '2016-07-01 08:16:43', '404694b2-1d39-4641-bfdb-2768fa841d1d');



DROP TABLE IF EXISTS `craft_emailmessages`;


--
-- Schema for table `craft_emailmessages`
--
CREATE TABLE `craft_emailmessages` (
  `id` int(11) NOT NULL AUTO_INCREMENT,
  `key` char(150) COLLATE utf8_unicode_ci NOT NULL,
  `locale` char(12) COLLATE utf8_unicode_ci NOT NULL,
  `subject` varchar(1000) COLLATE utf8_unicode_ci NOT NULL,
  `body` text COLLATE utf8_unicode_ci NOT NULL,
  `dateCreated` datetime NOT NULL,
  `dateUpdated` datetime NOT NULL,
  `uid` char(36) COLLATE utf8_unicode_ci NOT NULL DEFAULT '0',
  PRIMARY KEY (`id`),
  UNIQUE KEY `craft_emailmessages_key_locale_unq_idx` (`key`,`locale`),
  KEY `craft_emailmessages_locale_fk` (`locale`)
) ENGINE=InnoDB DEFAULT CHARSET=utf8 COLLATE=utf8_unicode_ci;

DROP TABLE IF EXISTS `craft_entries`;


--
-- Schema for table `craft_entries`
--
CREATE TABLE `craft_entries` (
  `id` int(11) NOT NULL,
  `sectionId` int(11) NOT NULL,
  `typeId` int(11) DEFAULT NULL,
  `authorId` int(11) DEFAULT NULL,
  `postDate` datetime DEFAULT NULL,
  `expiryDate` datetime DEFAULT NULL,
  `dateCreated` datetime NOT NULL,
  `dateUpdated` datetime NOT NULL,
  `uid` char(36) COLLATE utf8_unicode_ci NOT NULL DEFAULT '0',
  PRIMARY KEY (`id`),
  KEY `craft_entries_sectionId_idx` (`sectionId`),
  KEY `craft_entries_typeId_idx` (`typeId`),
  KEY `craft_entries_postDate_idx` (`postDate`),
  KEY `craft_entries_expiryDate_idx` (`expiryDate`),
  KEY `craft_entries_authorId_fk` (`authorId`)
) ENGINE=InnoDB DEFAULT CHARSET=utf8 COLLATE=utf8_unicode_ci;

--
-- Data for table `craft_entries`
--

INSERT INTO `craft_entries` (`id`, `sectionId`, `typeId`, `authorId`, `postDate`, `expiryDate`, `dateCreated`, `dateUpdated`, `uid`) VALUES
 ('2', '1', NULL, NULL, '2016-06-27 11:32:39', NULL, '2016-06-27 11:32:39', '2016-06-30 11:15:18', '60a71ad4-c3a6-4da0-8de4-7eb9592de64a'),
 ('3', '2', '2', '1', '2016-06-27 11:32:00', NULL, '2016-06-27 11:32:40', '2016-07-01 05:48:12', '15399705-298a-46aa-9e0a-cb2bf32c7735'),
 ('11', '5', '5', '1', '2016-06-27 12:13:00', NULL, '2016-06-27 12:13:00', '2016-06-27 12:13:00', 'c6790b97-5e4d-4903-ae0d-d98b6ebe5099'),
 ('12', '3', '3', '1', '2016-06-27 12:13:00', NULL, '2016-06-27 12:13:46', '2016-06-27 12:55:24', 'f0d36473-6296-4731-a6c6-4ac6fbd6d6ad'),
 ('13', '3', '3', '1', '2016-06-27 12:14:18', NULL, '2016-06-27 12:14:18', '2016-06-27 12:14:18', '5fda4d82-ff07-4cd7-ad02-943db3ce0ef1'),
 ('14', '3', '3', '1', '2016-06-27 12:14:00', NULL, '2016-06-27 12:14:33', '2016-06-30 14:44:58', '6f49f42d-99c3-4ea5-9cd8-16c4ab56eb08'),
 ('15', '3', '3', '1', '2016-06-27 12:14:47', NULL, '2016-06-27 12:14:47', '2016-06-27 12:14:47', 'ac45562d-261d-42e3-909b-4509a8419d0e'),
 ('16', '3', '3', '1', '2016-06-27 12:14:00', NULL, '2016-06-27 12:14:58', '2016-06-30 14:46:58', 'd2418e32-61c4-4d52-baf4-bbfac4777042'),
 ('20', '6', NULL, NULL, '2016-06-27 12:48:11', NULL, '2016-06-27 12:48:11', '2016-06-30 13:53:43', '6fd4ac27-44e1-4efb-8a97-5d66ed88fc12'),
 ('21', '8', NULL, NULL, '2016-06-27 12:54:06', NULL, '2016-06-27 12:54:06', '2016-06-27 12:54:06', '2e508f1a-8421-46f3-9f77-78c6f31642a6'),
 ('22', '4', '4', '1', '2016-06-27 12:55:00', NULL, '2016-06-27 12:55:21', '2016-07-01 05:54:16', 'e0d7ca81-2e1b-47db-b0c9-af0c26a6f48c'),
 ('23', '7', '7', '1', '2016-06-30 02:27:00', NULL, '2016-06-30 02:27:23', '2016-06-30 03:30:56', '196c470d-40b1-49e3-b65b-88bfcb344cb9'),
 ('39', '7', '7', '1', '2016-06-30 03:49:00', NULL, '2016-06-30 03:49:06', '2016-06-30 04:09:06', '27cc3b23-bf2e-4288-8c19-2a75feed4da9'),
 ('57', '5', '5', '1', '2016-06-30 14:56:05', NULL, '2016-06-30 14:56:05', '2016-06-30 14:56:05', '2916d799-1712-4b26-8d55-e96e2863e474'),
 ('58', '5', '5', '1', '2016-06-30 14:56:17', NULL, '2016-06-30 14:56:17', '2016-06-30 14:56:17', '085bb022-a81f-4e35-bd52-cab8c0092e03'),
 ('61', '2', '2', '1', '2016-06-30 16:23:00', NULL, '2016-06-30 16:23:13', '2016-07-01 05:53:53', 'b0d26921-e151-4dde-9911-43a05f084b28'),
 ('70', '2', '2', '1', '2016-07-01 06:14:00', NULL, '2016-07-01 06:14:38', '2016-07-01 06:17:43', '1929227f-9b3f-43c6-b6af-7f452c2bed29'),
 ('71', '2', '2', '1', '2016-07-01 06:14:00', NULL, '2016-07-01 06:14:46', '2016-07-01 06:17:48', '0b0f8520-0944-40bc-a243-d9a557b19ca3'),
 ('72', '2', '2', '1', '2016-07-01 06:14:00', NULL, '2016-07-01 06:14:50', '2016-07-01 06:17:52', 'a722d6bf-ce29-4e6e-bf52-f8230f132bfb'),
 ('73', '2', '2', '1', '2016-07-01 06:14:00', NULL, '2016-07-01 06:14:56', '2016-07-01 06:18:06', 'b3ee32db-e701-47ba-930d-6dba9af9afe1'),
 ('74', '2', '2', '1', '2016-07-01 06:15:00', NULL, '2016-07-01 06:15:01', '2016-07-01 07:03:33', 'eecf8b45-d9b9-4a95-a76f-1621d811a7eb'),
 ('75', '2', '2', '1', '2016-07-01 06:15:00', NULL, '2016-07-01 06:15:06', '2016-07-01 06:57:26', 'e42fc257-2de8-4c73-a388-857ca3abce2f'),
 ('76', '2', '2', '1', '2016-07-01 06:15:00', NULL, '2016-07-01 06:15:10', '2016-07-01 06:52:21', '8979b63c-aa97-4d52-a9cd-93ffd5766931'),
 ('77', '2', '2', '1', '2016-07-01 06:15:00', NULL, '2016-07-01 06:15:15', '2016-07-01 06:19:43', 'a96a088c-281a-45ac-98d7-5a2d285f76de'),
 ('78', '2', '2', '1', '2016-07-01 06:15:00', NULL, '2016-07-01 06:15:20', '2016-07-01 06:17:15', '34d35749-ef76-43b3-85ca-7a6deb6f4014'),
 ('79', '2', '2', '1', '2016-07-01 06:15:00', NULL, '2016-07-01 06:15:24', '2016-07-01 06:40:24', '25476b76-e782-447d-97e9-ef84a9392f72'),
 ('85', '9', '9', NULL, '2016-07-01 07:24:24', NULL, '2016-07-01 07:14:16', '2016-07-01 07:31:46', '4d334f57-dc58-479e-a931-6d8b8f101afd'),
 ('90', '4', '4', '1', '2016-07-01 08:16:43', NULL, '2016-07-01 08:16:43', '2016-07-01 08:16:43', '6fc06005-8d32-470b-8608-98356194d2c7');



DROP TABLE IF EXISTS `craft_entrydrafts`;


--
-- Schema for table `craft_entrydrafts`
--
CREATE TABLE `craft_entrydrafts` (
  `id` int(11) NOT NULL AUTO_INCREMENT,
  `entryId` int(11) NOT NULL,
  `sectionId` int(11) NOT NULL,
  `creatorId` int(11) NOT NULL,
  `locale` char(12) COLLATE utf8_unicode_ci NOT NULL,
  `name` varchar(255) COLLATE utf8_unicode_ci NOT NULL,
  `notes` tinytext COLLATE utf8_unicode_ci,
  `data` mediumtext COLLATE utf8_unicode_ci NOT NULL,
  `dateCreated` datetime NOT NULL,
  `dateUpdated` datetime NOT NULL,
  `uid` char(36) COLLATE utf8_unicode_ci NOT NULL DEFAULT '0',
  PRIMARY KEY (`id`),
  KEY `craft_entrydrafts_entryId_locale_idx` (`entryId`,`locale`),
  KEY `craft_entrydrafts_sectionId_fk` (`sectionId`),
  KEY `craft_entrydrafts_creatorId_fk` (`creatorId`),
  KEY `craft_entrydrafts_locale_fk` (`locale`)
) ENGINE=InnoDB DEFAULT CHARSET=utf8 COLLATE=utf8_unicode_ci;

DROP TABLE IF EXISTS `craft_entrytypes`;


--
-- Schema for table `craft_entrytypes`
--
CREATE TABLE `craft_entrytypes` (
  `id` int(11) NOT NULL AUTO_INCREMENT,
  `sectionId` int(11) NOT NULL,
  `fieldLayoutId` int(11) DEFAULT NULL,
  `name` varchar(255) COLLATE utf8_unicode_ci NOT NULL,
  `handle` varchar(255) COLLATE utf8_unicode_ci NOT NULL,
  `hasTitleField` tinyint(1) unsigned NOT NULL DEFAULT '1',
  `titleLabel` varchar(255) COLLATE utf8_unicode_ci DEFAULT 'Title',
  `titleFormat` varchar(255) COLLATE utf8_unicode_ci DEFAULT NULL,
  `sortOrder` smallint(6) unsigned DEFAULT NULL,
  `dateCreated` datetime NOT NULL,
  `dateUpdated` datetime NOT NULL,
  `uid` char(36) COLLATE utf8_unicode_ci NOT NULL DEFAULT '0',
  PRIMARY KEY (`id`),
  UNIQUE KEY `craft_entrytypes_name_sectionId_unq_idx` (`name`,`sectionId`),
  UNIQUE KEY `craft_entrytypes_handle_sectionId_unq_idx` (`handle`,`sectionId`),
  KEY `craft_entrytypes_sectionId_fk` (`sectionId`),
  KEY `craft_entrytypes_fieldLayoutId_fk` (`fieldLayoutId`)
) ENGINE=InnoDB AUTO_INCREMENT=10 DEFAULT CHARSET=utf8 COLLATE=utf8_unicode_ci;

--
-- Data for table `craft_entrytypes`
--

INSERT INTO `craft_entrytypes` (`id`, `sectionId`, `fieldLayoutId`, `name`, `handle`, `hasTitleField`, `titleLabel`, `titleFormat`, `sortOrder`, `dateCreated`, `dateUpdated`, `uid`) VALUES
 ('1', '1', '49', 'Homepage', 'homepage', '1', '{section.name|raw}', NULL, NULL, '2016-06-27 11:32:39', '2016-06-30 11:23:54', '0a06fa12-ba5f-47e7-9aec-a71b2d7ab9bb'),
 ('2', '2', '71', 'News', 'news', '1', 'Название', NULL, NULL, '2016-06-27 11:32:39', '2016-07-01 05:45:09', '54f4d7d7-69eb-4442-9b64-1381ca2b091a'),
 ('3', '3', '17', 'Навигация', 'navigation', '1', 'Название', NULL, NULL, '2016-06-27 11:49:59', '2016-06-27 11:52:43', '445eadbc-959c-4df9-bf59-e0757a615095'),
 ('4', '4', '79', 'Страницы', 'pages', '1', 'Название', NULL, NULL, '2016-06-27 11:54:42', '2016-07-01 08:16:56', 'ae1ad426-cc09-4c54-a2a2-83cb38a399a1'),
 ('5', '5', '28', 'Спонсоры марафона', 'sponsors', '1', 'Название', NULL, NULL, '2016-06-27 12:07:31', '2016-06-27 12:08:58', '49cf2610-ea80-418e-8fa9-cb1550e56b7d'),
 ('6', '6', '69', 'Контакты', 'contacts', '1', 'title', NULL, NULL, '2016-06-27 12:48:11', '2016-06-30 13:53:20', '31888afc-0950-4f3d-a183-b7e1a6ea3044'),
 ('7', '7', '44', 'Галерея', 'gallery', '1', 'Название', NULL, NULL, '2016-06-27 12:52:48', '2016-06-30 02:24:08', 'd124855f-105c-43ee-9e07-04eac44b6205'),
 ('8', '8', '43', 'Форум', 'forum', '0', NULL, '{section.name|raw}', NULL, '2016-06-27 12:54:06', '2016-06-27 12:54:06', 'abcda8d3-e6aa-47df-a390-017c7625b422'),
 ('9', '9', '77', 'О марафоне', 'about', '1', 'title', NULL, NULL, '2016-07-01 07:14:16', '2016-07-01 07:14:57', 'fbe1951e-ead1-4a89-9efa-d68546db9a10');



DROP TABLE IF EXISTS `craft_entryversions`;


--
-- Schema for table `craft_entryversions`
--
CREATE TABLE `craft_entryversions` (
  `id` int(11) NOT NULL AUTO_INCREMENT,
  `entryId` int(11) NOT NULL,
  `sectionId` int(11) NOT NULL,
  `creatorId` int(11) DEFAULT NULL,
  `locale` char(12) COLLATE utf8_unicode_ci NOT NULL,
  `num` smallint(6) unsigned NOT NULL,
  `notes` tinytext COLLATE utf8_unicode_ci,
  `data` mediumtext COLLATE utf8_unicode_ci NOT NULL,
  `dateCreated` datetime NOT NULL,
  `dateUpdated` datetime NOT NULL,
  `uid` char(36) COLLATE utf8_unicode_ci NOT NULL DEFAULT '0',
  PRIMARY KEY (`id`),
  KEY `craft_entryversions_entryId_locale_idx` (`entryId`,`locale`),
  KEY `craft_entryversions_sectionId_fk` (`sectionId`),
  KEY `craft_entryversions_creatorId_fk` (`creatorId`),
  KEY `craft_entryversions_locale_fk` (`locale`)
) ENGINE=InnoDB AUTO_INCREMENT=92 DEFAULT CHARSET=utf8 COLLATE=utf8_unicode_ci;

--
-- Data for table `craft_entryversions`
--

INSERT INTO `craft_entryversions` (`id`, `entryId`, `sectionId`, `creatorId`, `locale`, `num`, `notes`, `data`, `dateCreated`, `dateUpdated`, `uid`) VALUES
 ('1', '2', '1', '1', 'ru', '1', NULL, '{\"typeId\":\"1\",\"authorId\":null,\"title\":\"Homepage\",\"slug\":\"homepage\",\"postDate\":1467027159,\"expiryDate\":null,\"enabled\":1,\"parentId\":null,\"fields\":[]}', '2016-06-27 11:32:39', '2016-06-27 11:32:39', 'b0356acd-e07d-4192-a781-ef5d380965a1'),
 ('2', '2', '1', '1', 'ru', '2', NULL, '{\"typeId\":null,\"authorId\":null,\"title\":\"Welcome to Northmarathon.io!\",\"slug\":\"homepage\",\"postDate\":1467027159,\"expiryDate\":null,\"enabled\":\"1\",\"parentId\":null,\"fields\":{\"1\":\"<p>It\\u2019s true, this site doesn\\u2019t have a whole lot of content yet, but don\\u2019t worry. Our web developers have just installed the CMS, and they\\u2019re setting things up for the content editors this very moment. Soon Northmarathon.io will be an oasis of fresh perspectives, sharp analyses, and astute opinions that will keep you coming back again and again.<\\/p>\"}}', '2016-06-27 11:32:39', '2016-06-27 11:32:39', '9d27f42d-7a94-4362-90b2-ea45f07702a5'),
 ('3', '3', '2', '1', 'ru', '1', NULL, '{\"typeId\":\"2\",\"authorId\":\"1\",\"title\":\"We just installed Craft!\",\"slug\":\"we-just-installed-craft\",\"postDate\":1467027160,\"expiryDate\":null,\"enabled\":1,\"parentId\":null,\"fields\":[]}', '2016-06-27 11:32:40', '2016-06-27 11:32:40', 'e7e7d6bc-bd5c-442c-99db-f3f5dde0a759'),
 ('4', '11', '5', '1', 'ru', '1', '', '{\"typeId\":null,\"authorId\":\"1\",\"title\":\"\\u0421\\u0412\\u0424\\u0423\",\"slug\":\"\\u0441\\u0432\\u0444\\u0443\",\"postDate\":1467029580,\"expiryDate\":null,\"enabled\":1,\"parentId\":null,\"fields\":{\"10\":[\"10\"],\"11\":\"http:\\/\\/s-vfu.ru\"}}', '2016-06-27 12:13:00', '2016-06-27 12:13:00', '73d9179b-f255-4f32-bd84-a7f9e247d661'),
 ('5', '12', '3', '1', 'ru', '1', '', '{\"typeId\":null,\"authorId\":\"1\",\"title\":\"\\u041e \\u043c\\u0430\\u0440\\u0430\\u0444\\u043e\\u043d\\u0435\",\"slug\":\"\\u043e-\\u043c\\u0430\\u0440\\u0430\\u0444\\u043e\\u043d\\u0435\",\"postDate\":1467029626,\"expiryDate\":null,\"enabled\":1,\"parentId\":null,\"fields\":{\"6\":\"\"}}', '2016-06-27 12:13:46', '2016-06-27 12:13:46', '989fa945-db4b-457b-a07f-f569c8f534fc'),
 ('6', '13', '3', '1', 'ru', '1', '', '{\"typeId\":null,\"authorId\":\"1\",\"title\":\"\\u041d\\u043e\\u0432\\u043e\\u0441\\u0442\\u0438\",\"slug\":\"news\",\"postDate\":1467029658,\"expiryDate\":null,\"enabled\":1,\"parentId\":null,\"fields\":{\"6\":\"\"}}', '2016-06-27 12:14:18', '2016-06-27 12:14:18', '38ecd600-394d-4f77-8d87-3c62cdb5fe85'),
 ('7', '14', '3', '1', 'ru', '1', '', '{\"typeId\":null,\"authorId\":\"1\",\"title\":\"\\u0424\\u043e\\u0440\\u0443\\u043c\",\"slug\":\"forum\",\"postDate\":1467029673,\"expiryDate\":null,\"enabled\":1,\"parentId\":null,\"fields\":{\"6\":\"\"}}', '2016-06-27 12:14:33', '2016-06-27 12:14:33', 'eebed8e3-1346-4a74-9506-8eacd1d31975'),
 ('8', '15', '3', '1', 'ru', '1', '', '{\"typeId\":null,\"authorId\":\"1\",\"title\":\"\\u0413\\u0430\\u043b\\u0435\\u0440\\u0435\\u044f\",\"slug\":\"gallery\",\"postDate\":1467029687,\"expiryDate\":null,\"enabled\":1,\"parentId\":null,\"fields\":{\"6\":\"\"}}', '2016-06-27 12:14:47', '2016-06-27 12:14:47', 'fb19473d-cd14-424f-82d6-7d40c9836f4a'),
 ('9', '16', '3', '1', 'ru', '1', '', '{\"typeId\":null,\"authorId\":\"1\",\"title\":\"\\u041a\\u043e\\u043d\\u0442\\u0430\\u043a\\u0442\\u044b\",\"slug\":\"contacts\",\"postDate\":1467029697,\"expiryDate\":null,\"enabled\":1,\"parentId\":null,\"fields\":{\"6\":\"\"}}', '2016-06-27 12:14:58', '2016-06-27 12:14:58', '12577087-1cd8-4c76-a698-197132db4e79'),
 ('10', '12', '3', '1', 'ru', '2', '', '{\"typeId\":\"3\",\"authorId\":\"1\",\"title\":\"\\u041e \\u043c\\u0430\\u0440\\u0430\\u0444\\u043e\\u043d\\u0435\",\"slug\":\"about\",\"postDate\":1467029580,\"expiryDate\":null,\"enabled\":1,\"parentId\":null,\"fields\":{\"6\":\"\"}}', '2016-06-27 12:15:04', '2016-06-27 12:15:04', 'c971e180-5061-4c3a-90a4-0c2bd180cdc3'),
 ('11', '3', '2', '1', 'ru', '2', '', '{\"typeId\":\"2\",\"authorId\":\"1\",\"title\":\"We just installed Craft!\",\"slug\":\"we-just-installed-craft\",\"postDate\":1467027120,\"expiryDate\":null,\"enabled\":1,\"parentId\":null,\"fields\":{\"10\":\"\",\"7\":{\"new1\":{\"type\":\"gallery\",\"enabled\":\"1\",\"fields\":{\"gallery\":[\"18\"]}}}}}', '2016-06-27 12:31:36', '2016-06-27 12:31:36', '9b8e2ccb-e9d5-4fad-976a-2d89d7bc74f7'),
 ('12', '3', '2', '1', 'ru', '3', '', '{\"typeId\":\"2\",\"authorId\":\"1\",\"title\":\"We just installed Craft!\",\"slug\":\"we-just-installed-craft\",\"postDate\":1467027120,\"expiryDate\":null,\"enabled\":1,\"parentId\":null,\"fields\":{\"10\":[\"18\"],\"7\":\"\"}}', '2016-06-27 12:36:51', '2016-06-27 12:36:51', '7fa7b55b-448e-4906-9d09-128ed2cdb1c3'),
 ('13', '20', '6', '1', 'ru', '1', NULL, '{\"typeId\":\"6\",\"authorId\":null,\"title\":\"\\u041a\\u043e\\u043d\\u0442\\u0430\\u043a\\u0442\\u044b\",\"slug\":\"\\u043a\\u043e\\u043d\\u0442\\u0430\\u043a\\u0442\\u044b\",\"postDate\":1467031691,\"expiryDate\":null,\"enabled\":1,\"parentId\":null,\"fields\":[]}', '2016-06-27 12:48:11', '2016-06-27 12:48:11', '9fc6aefe-b5c1-42b7-8ed9-7b2a089ddac6'),
 ('14', '16', '3', '1', 'ru', '2', '', '{\"typeId\":\"3\",\"authorId\":\"1\",\"title\":\"\\u041a\\u043e\\u043d\\u0442\\u0430\\u043a\\u0442\\u044b\",\"slug\":\"contacts\",\"postDate\":1467029640,\"expiryDate\":null,\"enabled\":1,\"parentId\":null,\"fields\":{\"6\":[\"20\"]}}', '2016-06-27 12:54:51', '2016-06-27 12:54:51', '51002b38-e71e-458e-b672-a1c23fcf80e0'),
 ('15', '14', '3', '1', 'ru', '2', '', '{\"typeId\":\"3\",\"authorId\":\"1\",\"title\":\"\\u0424\\u043e\\u0440\\u0443\\u043c\",\"slug\":\"forum\",\"postDate\":1467029640,\"expiryDate\":null,\"enabled\":1,\"parentId\":null,\"fields\":{\"6\":[\"21\"]}}', '2016-06-27 12:54:59', '2016-06-27 12:54:59', 'c775d34c-ebf8-4e30-903c-ae32ff46da14'),
 ('16', '22', '4', '1', 'ru', '1', NULL, '{\"typeId\":null,\"authorId\":\"1\",\"title\":\"\\u041e \\u043c\\u0430\\u0440\\u0430\\u0444\\u043e\\u043d\\u0435\",\"slug\":\"\\u043e-\\u043c\\u0430\\u0440\\u0430\\u0444\\u043e\\u043d\\u0435\",\"postDate\":1467032121,\"expiryDate\":null,\"enabled\":1,\"parentId\":null,\"fields\":{\"10\":\"\",\"7\":\"\"}}', '2016-06-27 12:55:21', '2016-06-27 12:55:21', '4ebdf9da-995f-40d9-9a30-605799e918ef'),
 ('17', '12', '3', '1', 'ru', '3', '', '{\"typeId\":\"3\",\"authorId\":\"1\",\"title\":\"\\u041e \\u043c\\u0430\\u0440\\u0430\\u0444\\u043e\\u043d\\u0435\",\"slug\":\"about\",\"postDate\":1467029580,\"expiryDate\":null,\"enabled\":1,\"parentId\":null,\"fields\":{\"6\":[\"22\"]}}', '2016-06-27 12:55:24', '2016-06-27 12:55:24', 'a4e69fb3-12b8-4c41-986e-34787a57515a'),
 ('18', '23', '7', '1', 'ru', '1', '', '{\"typeId\":null,\"authorId\":\"1\",\"title\":\"\\u041f\\u0440\\u0438\\u043c\\u0435\\u0440 \\u0444\\u043e\\u0442\\u043e\\u0433\\u0430\\u043b\\u0435\\u0440\\u0435\\u0438\",\"slug\":\"\\u043f\\u0440\\u0438\\u043c\\u0435\\u0440-\\u0444\\u043e\\u0442\\u043e\\u0433\\u0430\\u043b\\u0435\\u0440\\u0435\\u0438\",\"postDate\":1467253643,\"expiryDate\":null,\"enabled\":1,\"parentId\":null,\"fields\":{\"10\":\"\",\"14\":\"\"}}', '2016-06-30 02:27:23', '2016-06-30 02:27:23', '4f0b2bd5-3bb3-4cb8-a946-2d2231dfb594'),
 ('19', '23', '7', '1', 'ru', '2', '', '{\"typeId\":\"7\",\"authorId\":\"1\",\"title\":\"\\u041f\\u0440\\u0438\\u043c\\u0435\\u0440 \\u0444\\u043e\\u0442\\u043e\\u0433\\u0430\\u043b\\u0435\\u0440\\u0435\\u0438\",\"slug\":\"\\u043f\\u0440\\u0438\\u043c\\u0435\\u0440-\\u0444\\u043e\\u0442\\u043e\\u0433\\u0430\\u043b\\u0435\\u0440\\u0435\\u0438\",\"postDate\":1467253620,\"expiryDate\":null,\"enabled\":1,\"parentId\":null,\"fields\":{\"10\":[\"28\"],\"14\":[\"25\",\"26\",\"27\",\"28\",\"29\"]}}', '2016-06-30 02:29:22', '2016-06-30 02:29:22', '1bf2385c-269a-407e-b8b0-7b511281ebd7'),
 ('20', '23', '7', '1', 'ru', '3', '', '{\"typeId\":\"7\",\"authorId\":\"1\",\"title\":\"\\u041f\\u0440\\u0438\\u043c\\u0435\\u0440 \\u0444\\u043e\\u0442\\u043e\\u0433\\u0430\\u043b\\u0435\\u0440\\u0435\\u0438\",\"slug\":\"\\u043f\\u0440\\u0438\\u043c\\u0435\\u0440-\\u0444\\u043e\\u0442\\u043e\\u0433\\u0430\\u043b\\u0435\\u0440\\u0435\\u0438\",\"postDate\":1467253620,\"expiryDate\":null,\"enabled\":1,\"parentId\":null,\"fields\":{\"10\":[\"28\"],\"14\":[\"25\",\"26\",\"27\",\"28\",\"29\",\"24\",\"30\"]}}', '2016-06-30 03:30:03', '2016-06-30 03:30:03', '66b4f474-0c8f-4d6a-8663-246a812adf67'),
 ('21', '23', '7', '1', 'ru', '4', '', '{\"typeId\":\"7\",\"authorId\":\"1\",\"title\":\"\\u041f\\u0440\\u0438\\u043c\\u0435\\u0440 \\u0444\\u043e\\u0442\\u043e\\u0433\\u0430\\u043b\\u0435\\u0440\\u0435\\u0438\",\"slug\":\"\\u043f\\u0440\\u0438\\u043c\\u0435\\u0440-\\u0444\\u043e\\u0442\\u043e\\u0433\\u0430\\u043b\\u0435\\u0440\\u0435\\u0438\",\"postDate\":1467253620,\"expiryDate\":null,\"enabled\":1,\"parentId\":null,\"fields\":{\"10\":[\"28\"],\"14\":[\"25\",\"26\",\"27\",\"28\",\"29\",\"24\",\"30\",\"31\"]}}', '2016-06-30 03:30:56', '2016-06-30 03:30:56', 'de8e7575-6f95-4144-ba4e-0f8e46c6d9f0'),
 ('22', '39', '7', '1', 'ru', '1', '', '{\"typeId\":null,\"authorId\":\"1\",\"title\":\"\\u041f\\u0440\\u0438\\u043c\\u0435\\u0440 \\u0432\\u0442\\u043e\\u0440\\u043e\\u0439 \\u0433\\u0430\\u043b\\u0435\\u0440\\u0435\\u0438\",\"slug\":\"\\u043f\\u0440\\u0438\\u043c\\u0435\\u0440-\\u0432\\u0442\\u043e\\u0440\\u043e\\u0439-\\u0433\\u0430\\u043b\\u0435\\u0440\\u0435\\u0438\",\"postDate\":1467258546,\"expiryDate\":null,\"enabled\":1,\"parentId\":null,\"fields\":{\"10\":[\"29\"],\"14\":[\"38\",\"37\",\"36\",\"35\",\"34\",\"33\",\"32\"]}}', '2016-06-30 03:49:06', '2016-06-30 03:49:06', '88e6715c-94c4-4a0a-98f9-149b55e25393'),
 ('23', '39', '7', '1', 'ru', '2', '', '{\"typeId\":\"7\",\"authorId\":\"1\",\"title\":\"\\u041f\\u0440\\u0438\\u043c\\u0435\\u0440 \\u0432\\u0442\\u043e\\u0440\\u043e\\u0439 \\u0433\\u0430\\u043b\\u0435\\u0440\\u0435\\u0438\",\"slug\":\"\\u043f\\u0440\\u0438\\u043c\\u0435\\u0440-\\u0432\\u0442\\u043e\\u0440\\u043e\\u0439-\\u0433\\u0430\\u043b\\u0435\\u0440\\u0435\\u0438\",\"postDate\":1467258540,\"expiryDate\":null,\"enabled\":1,\"parentId\":null,\"fields\":{\"10\":[\"29\"],\"14\":[\"38\",\"37\",\"36\",\"35\",\"34\",\"33\",\"32\",\"30\"]}}', '2016-06-30 03:49:44', '2016-06-30 03:49:44', '844f78d4-110e-4af8-b4fb-395e4bf7c3a1'),
 ('24', '39', '7', '1', 'ru', '3', '', '{\"typeId\":\"7\",\"authorId\":\"1\",\"title\":\"\\u041f\\u0440\\u0438\\u043c\\u0435\\u0440 \\u0432\\u0442\\u043e\\u0440\\u043e\\u0439 \\u0433\\u0430\\u043b\\u0435\\u0440\\u0435\\u0438 \",\"slug\":\"\\u043f\\u0440\\u0438\\u043c\\u0435\\u0440-\\u0432\\u0442\\u043e\\u0440\\u043e\\u0439-\\u0433\\u0430\\u043b\\u0435\\u0440\\u0435\\u0438\",\"postDate\":1467258540,\"expiryDate\":null,\"enabled\":1,\"parentId\":null,\"fields\":{\"10\":[\"29\"],\"14\":[\"38\",\"37\",\"36\",\"35\",\"34\",\"33\",\"32\",\"30\"]}}', '2016-06-30 04:09:06', '2016-06-30 04:09:06', '7017a42f-0e33-478f-88da-bba3129421d0'),
 ('25', '2', '1', '1', 'ru', '3', '', '{\"typeId\":null,\"authorId\":null,\"title\":\"\\u0413\\u043b\\u0430\\u0432\\u043d\\u0430\\u044f \\u0441\\u0442\\u0440\\u0430\\u043d\\u0438\\u0446\\u0430\",\"slug\":\"homepage\",\"postDate\":1467027159,\"expiryDate\":null,\"enabled\":1,\"parentId\":null,\"fields\":{\"1\":\"<p>It\\u2019s true, this site doesn\\u2019t have a whole lot of content yet, but don\\u2019t worry. Our web developers have just installed the CMS, and they\\u2019re setting things up for the content editors this very moment. Soon Northmarathon.io will be an oasis of fresh perspectives, sharp analyses, and astute opinions that will keep you coming back again and again.<\\/p>\"}}', '2016-06-30 11:15:18', '2016-06-30 11:15:18', 'af0b1ebe-2b49-43ce-8afe-878cfc538ca9'),
 ('26', '20', '6', '1', 'ru', '2', '', '{\"typeId\":null,\"authorId\":null,\"title\":\"\\u041a\\u043e\\u043d\\u0442\\u0430\\u043a\\u0442\\u044b\",\"slug\":\"\\u043a\\u043e\\u043d\\u0442\\u0430\\u043a\\u0442\\u044b\",\"postDate\":1467031691,\"expiryDate\":null,\"enabled\":1,\"parentId\":null,\"fields\":{\"1\":\"<p>\\u0422\\u0443\\u0442 \\u0442\\u0435\\u043a\\u0441\\u0442...<\\/p>\",\"16\":\"\\u0421\\u0442\\u0430\\u043d\\u044c\\u0442\\u0435 \\u0443\\u0447\\u0430\\u0441\\u0442\\u043d\\u0438\\u043a\\u0430\\u043c\\u0438 \\u043c\\u0430\\u0440\\u0430\\u0444\\u043e\\u043d\\u0430!\",\"10\":\"\"}}', '2016-06-30 13:53:43', '2016-06-30 13:53:43', '08032d06-6123-4001-beb8-bc1cc4f75be3'),
 ('27', '22', '4', '1', 'ru', '2', '', '{\"typeId\":\"4\",\"authorId\":\"1\",\"title\":\"\\u041e \\u043c\\u0430\\u0440\\u0430\\u0444\\u043e\\u043d\\u0435 2\",\"slug\":\"\\u043e-\\u043c\\u0430\\u0440\\u0430\\u0444\\u043e\\u043d\\u0435\",\"postDate\":1467032100,\"expiryDate\":null,\"enabled\":1,\"parentId\":\"\",\"fields\":{\"10\":\"\",\"7\":\"\"}}', '2016-06-30 14:28:22', '2016-06-30 14:28:22', '65f3d33b-87ce-4585-9fbc-a3b343c438c9'),
 ('28', '22', '4', '1', 'ru', '3', '', '{\"typeId\":\"4\",\"authorId\":\"1\",\"title\":\"\\u041e \\u043c\\u0430\\u0440\\u0430\\u0444\\u043e\\u043d\\u0435 2\",\"slug\":\"\\u043e-\\u043c\\u0430\\u0440\\u0430\\u0444\\u043e\\u043d\\u0435-2\",\"postDate\":1467032100,\"expiryDate\":null,\"enabled\":1,\"parentId\":\"\",\"fields\":{\"10\":\"\",\"7\":\"\"}}', '2016-06-30 14:28:55', '2016-06-30 14:28:55', '30d7a017-f670-47d1-878a-1fa73b47af78'),
 ('29', '14', '3', '1', 'ru', '3', '', '{\"typeId\":\"3\",\"authorId\":\"1\",\"title\":\"\\u0424\\u043e\\u0440\\u0443\\u043c\",\"slug\":\"forum\",\"postDate\":1467029640,\"expiryDate\":null,\"enabled\":1,\"parentId\":\"\",\"fields\":{\"6\":\"\"}}', '2016-06-30 14:44:58', '2016-06-30 14:44:58', '2883b27a-eed1-477a-ac22-bdadad4c7190'),
 ('30', '16', '3', '1', 'ru', '3', '', '{\"typeId\":\"3\",\"authorId\":\"1\",\"title\":\"\\u041a\\u043e\\u043d\\u0442\\u0430\\u043a\\u0442\\u044b\",\"slug\":\"contacts\",\"postDate\":1467029640,\"expiryDate\":null,\"enabled\":1,\"parentId\":\"\",\"fields\":{\"6\":\"\"}}', '2016-06-30 14:46:58', '2016-06-30 14:46:58', 'f738680e-555c-48a3-a3fc-9c02bd85ea58'),
 ('31', '57', '5', '1', 'ru', '1', '', '{\"typeId\":null,\"authorId\":\"1\",\"title\":\"\\u0421\\u043f\\u043e\\u043d\\u0441\\u043e\\u0440\",\"slug\":\"\\u0441\\u043f\\u043e\\u043d\\u0441\\u043e\\u0440\",\"postDate\":1467298565,\"expiryDate\":null,\"enabled\":1,\"parentId\":null,\"fields\":{\"10\":[\"10\"],\"11\":\"\"}}', '2016-06-30 14:56:05', '2016-06-30 14:56:05', '801bdd2f-0fff-4e48-b7eb-e5766c7f6066'),
 ('32', '58', '5', '1', 'ru', '1', '', '{\"typeId\":null,\"authorId\":\"1\",\"title\":\"\\u0415\\u0449\\u0435 \\u0441\\u043f\\u043e\\u043d\\u0441\\u043e\\u0440\",\"slug\":\"\\u0435\\u0449\\u0435-\\u0441\\u043f\\u043e\\u043d\\u0441\\u043e\\u0440\",\"postDate\":1467298577,\"expiryDate\":null,\"enabled\":1,\"parentId\":null,\"fields\":{\"10\":[\"10\"],\"11\":\"\"}}', '2016-06-30 14:56:17', '2016-06-30 14:56:17', '004ac04e-f301-4d80-b486-0c36636c385e'),
 ('33', '3', '2', '1', 'ru', '4', '', '{\"typeId\":\"2\",\"authorId\":\"1\",\"title\":\"We just installed Craft!\",\"slug\":\"we-just-installed-craft\",\"postDate\":1467027120,\"expiryDate\":null,\"enabled\":1,\"parentId\":null,\"fields\":{\"10\":[\"18\"],\"7\":{\"new1\":{\"type\":\"text\",\"enabled\":\"1\",\"fields\":{\"text\":\"<p>asdasdasd<\\/p>\"}}}}}', '2016-06-30 16:03:18', '2016-06-30 16:03:18', 'fd231669-06a0-4fac-b7bc-99116553cba2'),
 ('34', '3', '2', '1', 'ru', '5', '', '{\"typeId\":\"2\",\"authorId\":\"1\",\"title\":\"We just installed Craft!\",\"slug\":\"we-just-installed-craft\",\"postDate\":1467027120,\"expiryDate\":null,\"enabled\":1,\"parentId\":null,\"fields\":{\"10\":[\"18\"],\"7\":{\"59\":{\"type\":\"text\",\"enabled\":\"1\",\"fields\":{\"text\":\"<p>asdasdasd<\\/p>\"}},\"new1\":{\"type\":\"gallery\",\"enabled\":\"1\",\"fields\":{\"gallery\":[\"38\",\"37\",\"31\"]}}}}}', '2016-06-30 16:15:16', '2016-06-30 16:15:16', '93ad9fe5-c7c2-439f-805c-70319c36bd12'),
 ('35', '3', '2', '1', 'ru', '6', '', '{\"typeId\":\"2\",\"authorId\":\"1\",\"title\":\"We just installed Craft!\",\"slug\":\"we-just-installed-craft\",\"postDate\":1467027120,\"expiryDate\":null,\"enabled\":1,\"parentId\":null,\"fields\":{\"10\":[\"18\"],\"7\":{\"60\":{\"type\":\"gallery\",\"enabled\":\"1\",\"fields\":{\"gallery\":[\"38\",\"37\",\"31\"]}},\"59\":{\"type\":\"text\",\"enabled\":\"1\",\"fields\":{\"text\":\"<p>asdasdasd<\\/p>\"}}}}}', '2016-06-30 16:20:06', '2016-06-30 16:20:06', '9e2d9d1f-6f5d-4bd9-8dc8-99763c94b50f'),
 ('36', '3', '2', '1', 'ru', '7', '', '{\"typeId\":\"2\",\"authorId\":\"1\",\"title\":\"\\u041c\\u044b \\u043f\\u0440\\u043e\\u0441\\u0442\\u043e \\u0443\\u0441\\u0442\\u0430\\u043d\\u043e\\u0432\\u0438\\u043b\\u0438 Craft CMS!\",\"slug\":\"we-just-installed-craft\",\"postDate\":1467027120,\"expiryDate\":null,\"enabled\":1,\"parentId\":null,\"fields\":{\"10\":[\"18\"],\"7\":{\"60\":{\"type\":\"gallery\",\"enabled\":\"1\",\"fields\":{\"gallery\":[\"38\",\"37\",\"31\"]}},\"59\":{\"type\":\"text\",\"enabled\":\"1\",\"fields\":{\"text\":\"<p>asdasdasd<\\/p>\"}}}}}', '2016-06-30 16:22:21', '2016-06-30 16:22:21', '3c4f20e1-933d-40de-abb2-2cf5a22e9093'),
 ('37', '61', '2', '1', 'ru', '1', '', '{\"typeId\":null,\"authorId\":\"1\",\"title\":\"\\u041d\\u043e\\u0432\\u0430\\u044f \\u0437\\u0430\\u043f\\u0438\\u0441\\u044c \\u044d\\u0442\\u043e \\u0441\\u0447\\u0430\\u0441\\u0442\\u044c\\u0435!\",\"slug\":\"\\u043d\\u043e\\u0432\\u0430\\u044f-\\u0437\\u0430\\u043f\\u0438\\u0441\\u044c-\\u044d\\u0442\\u043e-\\u0441\\u0447\\u0430\\u0441\\u0442\\u044c\\u0435\",\"postDate\":1467303793,\"expiryDate\":null,\"enabled\":1,\"parentId\":null,\"fields\":{\"10\":[\"31\"],\"7\":{\"new1\":{\"type\":\"text\",\"enabled\":\"1\",\"fields\":{\"text\":\"<p>\\u0414\\u0430 \\u044d\\u0442\\u043e \\u0442\\u0430\\u043a -&nbsp;<a href=\\\"http:\\/\\/northmarathon.io\\/index.php\\/forum#entry:21\\\">\\u0424\\u043e\\u0440\\u0443\\u043c<\\/a><span><\\/span><span><\\/span><\\/p>\"}},\"new2\":{\"type\":\"gallery\",\"enabled\":\"1\",\"fields\":{\"gallery\":[\"30\",\"35\",\"34\"]}}}}}', '2016-06-30 16:23:13', '2016-06-30 16:23:13', '3148afd1-fead-40c5-b4b5-b25486500501'),
 ('38', '22', '4', '1', 'ru', '4', '', '{\"typeId\":\"4\",\"authorId\":\"1\",\"title\":\"\\u041e \\u043c\\u0430\\u0440\\u0430\\u0444\\u043e\\u043d\\u0435 2\",\"slug\":\"\\u043e-\\u043c\\u0430\\u0440\\u0430\\u0444\\u043e\\u043d\\u0435-2\",\"postDate\":1467032100,\"expiryDate\":null,\"enabled\":1,\"parentId\":\"\",\"fields\":{\"10\":\"\",\"7\":{\"new1\":{\"type\":\"text\",\"enabled\":\"1\",\"fields\":{\"text\":\"<p>asdasd<\\/p>\"}}}}}', '2016-07-01 05:24:15', '2016-07-01 05:24:15', 'dc6b23a5-163a-4ca9-baa6-6141972eaf05'),
 ('39', '22', '4', '1', 'ru', '5', '', '{\"typeId\":\"4\",\"authorId\":\"1\",\"title\":\"\\u041e \\u043c\\u0430\\u0440\\u0430\\u0444\\u043e\\u043d\\u0435 2\",\"slug\":\"\\u043e-\\u043c\\u0430\\u0440\\u0430\\u0444\\u043e\\u043d\\u0435-2\",\"postDate\":1467032100,\"expiryDate\":null,\"enabled\":1,\"parentId\":\"\",\"fields\":{\"10\":\"\",\"7\":{\"64\":{\"type\":\"text\",\"enabled\":\"1\",\"fields\":{\"text\":\"<p>asdasd<\\/p>\"}},\"new1\":{\"type\":\"gallery\",\"enabled\":\"1\",\"fields\":{\"gallery\":[\"31\",\"25\",\"36\",\"26\",\"30\"]}}}}}', '2016-07-01 05:34:06', '2016-07-01 05:34:06', '82bb6b78-ec1b-43d7-b56a-2634c8cbe718'),
 ('40', '22', '4', '1', 'ru', '6', '', '{\"typeId\":\"4\",\"authorId\":\"1\",\"title\":\"\\u041e \\u043c\\u0430\\u0440\\u0430\\u0444\\u043e\\u043d\\u0435\",\"slug\":\"\\u043e-\\u043c\\u0430\\u0440\\u0430\\u0444\\u043e\\u043d\\u0435-2\",\"postDate\":1467032100,\"expiryDate\":null,\"enabled\":1,\"parentId\":\"\",\"fields\":{\"10\":\"\",\"7\":{\"64\":{\"type\":\"text\",\"enabled\":\"1\",\"fields\":{\"text\":\"<h3>Lorem ipsum&nbsp;<\\/h3><p>dolor sit amet, consectetur adipiscing elit, sed do eiusmod tempor incididunt ut labore et dolore magna aliqua. Ut enim ad minim veniam, quis nostrud exercitation ullamco laboris nisi ut aliquip ex ea commodo consequat. Duis aute irure dolor in reprehenderit in voluptate velit esse cillum dolore eu fugiat nulla pariatur. Excepteur sint occaecat cupidatat non proident, sunt in culpa qui officia deserunt mollit anim id est laborum.<\\/p><p>Sed ut perspiciatis unde omnis iste natus error sit voluptatem accusantium doloremque laudantium, totam rem aperiam, eaque ipsa quae ab illo inventore veritatis et quasi architecto beatae vitae dicta sunt explicabo. Nemo enim ipsam voluptatem quia voluptas sit aspernatur aut odit aut fugit, sed quia consequuntur magni dolores eos qui ratione voluptatem sequi nesciunt.&nbsp;<\\/p><p>Neque porro quisquam est, qui dolorem ipsum quia dolor sit amet, consectetur, adipisci velit, sed quia non numquam eius modi tempora incidunt ut labore et dolore magnam aliquam quaerat voluptatem. Ut enim ad minima veniam, quis nostrum exercitationem ullam corporis suscipit laboriosam, nisi ut aliquid ex ea commodi consequatur? Quis autem vel eum iure reprehenderit qui in ea voluptate velit esse quam nihil molestiae consequatur, vel illum qui dolorem eum fugiat quo voluptas nulla pariatur?<\\/p>\"}},\"65\":{\"type\":\"gallery\",\"enabled\":\"1\",\"fields\":{\"gallery\":[\"31\",\"25\",\"36\",\"26\",\"30\"]}},\"new1\":{\"type\":\"text\",\"enabled\":\"1\",\"fields\":{\"text\":\"<h3>Sed ut perspiciatis&nbsp;<\\/h3><p>unde omnis iste natus error sit voluptatem accusantium doloremque laudantium, totam rem aperiam, eaque ipsa quae ab illo inventore veritatis et quasi architecto beatae vitae dicta sunt explicabo. Nemo enim ipsam voluptatem quia voluptas sit aspernatur aut odit aut fugit, sed quia consequuntur magni dolores eos qui ratione voluptatem sequi nesciunt.&nbsp;<\\/p>\\r\\n\\r\\n<h4>Neque porro&nbsp;<\\/h4><p>quisquam est, qui dolorem ipsum quia dolor sit amet, consectetur, adipisci velit, sed quia non numquam eius modi tempora incidunt ut labore et dolore magnam aliquam quaerat voluptatem. Ut enim ad minima veniam, quis nostrum exercitationem ullam corporis suscipit laboriosam, nisi ut aliquid ex ea commodi consequatur? Quis autem vel eum iure reprehenderit qui in ea voluptate velit esse quam nihil molestiae consequatur, vel illum qui dolorem eum fugiat quo voluptas nulla pariatur?<\\/p>\"}}}}}', '2016-07-01 05:38:32', '2016-07-01 05:38:32', 'fbb1367c-3c24-4978-9196-c969dbc37f77'),
 ('41', '22', '4', '1', 'ru', '7', '', '{\"typeId\":\"4\",\"authorId\":\"1\",\"title\":\"\\u041e \\u043c\\u0430\\u0440\\u0430\\u0444\\u043e\\u043d\\u0435\",\"slug\":\"\\u043e-\\u043c\\u0430\\u0440\\u0430\\u0444\\u043e\\u043d\\u0435-2\",\"postDate\":1467032100,\"expiryDate\":null,\"enabled\":1,\"parentId\":\"\",\"fields\":{\"10\":\"\",\"7\":{\"64\":{\"type\":\"text\",\"enabled\":\"1\",\"fields\":{\"text\":\"<h3>Lorem ipsum&nbsp;<\\/h3>\\r\\n\\r\\n<p>dolor sit amet, consectetur adipiscing elit, sed do eiusmod tempor incididunt ut labore et dolore magna aliqua. Ut enim ad minim veniam, quis nostrud exercitation ullamco laboris nisi ut aliquip ex ea commodo consequat. Duis aute irure dolor in reprehenderit in voluptate velit esse cillum dolore eu fugiat nulla pariatur. Excepteur sint occaecat cupidatat non proident, sunt in culpa qui officia deserunt mollit anim id est laborum.<\\/p>\\r\\n\\r\\n<p><a href=\\\"\\/uploads\\/gallery\\/_small\\/alla-studiya-kreslo-boke.jpg#asset:38\\\">Alla Studiya Kreslo Boke<\\/a>Sed ut perspiciatis unde omnis iste natus error sit voluptatem accusantium doloremque laudantium, totam rem aperiam, eaque ipsa quae ab illo inventore veritatis et quasi architecto beatae vitae dicta sunt explicabo. Nemo enim ipsam voluptatem quia voluptas sit aspernatur aut odit aut fugit, sed quia consequuntur magni dolores eos qui ratione voluptatem sequi nesciunt.&nbsp;<\\/p>\\r\\n\\r\\n<p>Neque porro quisquam est, qui dolorem ipsum quia dolor sit amet, consectetur, adipisci velit, sed quia non numquam eius modi tempora incidunt ut labore et dolore magnam aliquam quaerat voluptatem. Ut enim ad minima veniam, quis nostrum exercitationem ullam corporis suscipit laboriosam, nisi ut aliquid ex ea commodi consequatur? Quis autem vel eum iure reprehenderit qui in ea voluptate velit esse quam nihil molestiae consequatur, vel illum qui dolorem eum fugiat quo voluptas nulla pariatur?<\\/p>\"}},\"65\":{\"type\":\"gallery\",\"enabled\":\"1\",\"fields\":{\"gallery\":[\"31\",\"25\",\"36\",\"26\",\"30\"]}},\"66\":{\"type\":\"text\",\"enabled\":\"1\",\"fields\":{\"text\":\"<h3>Sed ut perspiciatis&nbsp;<\\/h3>\\r\\n\\r\\n<p>unde omnis iste natus error sit voluptatem accusantium doloremque laudantium, totam rem aperiam, eaque ipsa quae ab illo inventore veritatis et quasi architecto beatae vitae dicta sunt explicabo. Nemo enim ipsam voluptatem quia voluptas sit aspernatur aut odit aut fugit, sed quia consequuntur magni dolores eos qui ratione voluptatem sequi nesciunt.&nbsp;<\\/p>\\r\\n\\r\\n<h4>Neque porro&nbsp;<\\/h4>\\r\\n\\r\\n<p>quisquam est, qui dolorem ipsum quia dolor sit amet, consectetur, adipisci velit, sed quia non numquam eius modi tempora incidunt ut labore et dolore magnam aliquam quaerat voluptatem. Ut enim ad minima veniam, quis nostrum exercitationem ullam corporis suscipit laboriosam, nisi ut aliquid ex ea commodi consequatur? Quis autem vel eum iure reprehenderit qui in ea voluptate velit esse quam nihil molestiae consequatur, vel illum qui dolorem eum fugiat quo voluptas nulla pariatur?<\\/p>\"}}}}}', '2016-07-01 05:39:11', '2016-07-01 05:39:11', '27cda485-e8b4-4c7e-9e61-57c345e9b530'),
 ('42', '22', '4', '1', 'ru', '8', '', '{\"typeId\":\"4\",\"authorId\":\"1\",\"title\":\"\\u041e \\u043c\\u0430\\u0440\\u0430\\u0444\\u043e\\u043d\\u0435\",\"slug\":\"\\u043e-\\u043c\\u0430\\u0440\\u0430\\u0444\\u043e\\u043d\\u0435-2\",\"postDate\":1467032100,\"expiryDate\":null,\"enabled\":1,\"parentId\":\"\",\"fields\":{\"10\":\"\",\"7\":{\"64\":{\"type\":\"text\",\"enabled\":\"1\",\"fields\":{\"text\":\"<h3>Lorem ipsum&nbsp;<\\/h3>\\r\\n\\r\\n<p>dolor sit amet, consectetur adipiscing elit, sed do eiusmod tempor incididunt ut labore et dolore magna aliqua. Ut enim ad minim veniam, quis nostrud exercitation ullamco laboris nisi ut aliquip ex ea commodo consequat. Duis aute irure dolor in reprehenderit in voluptate velit esse cillum dolore eu fugiat nulla pariatur. Excepteur sint occaecat cupidatat non proident, sunt in culpa qui officia deserunt mollit anim id est laborum.<\\/p>\\r\\n\\r\\n\\r\\n\\r\\n<p>Sed ut perspiciatis unde omnis iste natus error sit voluptatem accusantium doloremque laudantium, totam rem aperiam, eaque ipsa quae ab illo inventore veritatis et quasi architecto beatae vitae dicta sunt explicabo. Nemo enim ipsam voluptatem quia voluptas sit aspernatur aut odit aut fugit, sed quia consequuntur magni dolores eos qui ratione voluptatem sequi nesciunt.&nbsp;<\\/p>\\r\\n\\r\\n\\r\\n\\r\\n<p>Neque porro quisquam est, qui dolorem ipsum quia dolor sit amet, consectetur, adipisci velit, sed quia non numquam eius modi tempora incidunt ut labore et dolore magnam aliquam quaerat voluptatem. Ut enim ad minima veniam, quis nostrum exercitationem ullam corporis suscipit laboriosam, nisi ut aliquid ex ea commodi consequatur? Quis autem vel eum iure reprehenderit qui in ea voluptate velit esse quam nihil molestiae consequatur, vel illum qui dolorem eum fugiat quo voluptas nulla pariatur?<\\/p>\"}},\"65\":{\"type\":\"gallery\",\"enabled\":\"1\",\"fields\":{\"gallery\":[\"31\",\"25\",\"36\",\"26\",\"30\"]}},\"66\":{\"type\":\"text\",\"enabled\":\"1\",\"fields\":{\"text\":\"<h3>Sed ut perspiciatis&nbsp;<\\/h3>\\r\\n\\r\\n<p>unde omnis iste natus error sit voluptatem accusantium doloremque laudantium, totam rem aperiam, eaque ipsa quae ab illo inventore veritatis et quasi architecto beatae vitae dicta sunt explicabo. Nemo enim ipsam voluptatem quia voluptas sit aspernatur aut odit aut fugit, sed quia consequuntur magni dolores eos qui ratione voluptatem sequi nesciunt.&nbsp;<\\/p>\\r\\n\\r\\n\\r\\n\\r\\n<h4>Neque porro&nbsp;<\\/h4>\\r\\n\\r\\n\\r\\n\\r\\n<p>quisquam est, qui dolorem ipsum quia dolor sit amet, consectetur, adipisci velit, sed quia non numquam eius modi tempora incidunt ut labore et dolore magnam aliquam quaerat voluptatem. Ut enim ad minima veniam, quis nostrum exercitationem ullam corporis suscipit laboriosam, nisi ut aliquid ex ea commodi consequatur? Quis autem vel eum iure reprehenderit qui in ea voluptate velit esse quam nihil molestiae consequatur, vel illum qui dolorem eum fugiat quo voluptas nulla pariatur?<\\/p>\"}}}}}', '2016-07-01 05:39:25', '2016-07-01 05:39:25', '4ed2b704-0408-4e57-9719-1ab4b4b90f45'),
 ('43', '61', '2', '1', 'ru', '2', '', '{\"typeId\":\"2\",\"authorId\":\"1\",\"title\":\"\\u041d\\u043e\\u0432\\u0430\\u044f \\u0437\\u0430\\u043f\\u0438\\u0441\\u044c \\u044d\\u0442\\u043e \\u0441\\u0447\\u0430\\u0441\\u0442\\u044c\\u0435!\",\"slug\":\"\\u043d\\u043e\\u0432\\u0430\\u044f-\\u0437\\u0430\\u043f\\u0438\\u0441\\u044c-\\u044d\\u0442\\u043e-\\u0441\\u0447\\u0430\\u0441\\u0442\\u044c\\u0435\",\"postDate\":1467303780,\"expiryDate\":null,\"enabled\":1,\"parentId\":null,\"fields\":{\"10\":[\"31\"],\"7\":{\"62\":{\"type\":\"text\",\"enabled\":\"1\",\"fields\":{\"text\":\"<p>\\u0414\\u0430 \\u044d\\u0442\\u043e \\u0442\\u0430\\u043a -&nbsp;<a href=\\\"http:\\/\\/northmarathon.io\\/index.php\\/forum#entry:21:url\\\">\\u0424\\u043e\\u0440\\u0443\\u043c<\\/a><\\/p>\"}},\"63\":{\"type\":\"gallery\",\"enabled\":\"1\",\"fields\":{\"gallery\":[\"30\",\"35\",\"34\"]}}},\"17\":\"<p>Sed ut perspiciatis unde omnis iste natus error sit voluptatem accusantium doloremque laudantium, totam rem aperiam, eaque ipsa quae ab illo inventore veritatis et quasi architecto beatae vitae dicta sunt explicabo. Nemo enim ipsam voluptatem quia voluptas sit aspernatur aut odit aut fugit, sed quia consequuntur magni dolores eos qui ratione voluptatem sequi nesciunt. Neque porro quisquam est, qui dolorem ipsum quia dolor sit amet, consectetur, adipisci velit, sed quia non numquam eius modi tempora.<\\/p>\"}}', '2016-07-01 05:45:40', '2016-07-01 05:45:40', 'e5d81045-3e7b-4e69-98b8-3a200bd82390'),
 ('44', '3', '2', '1', 'ru', '8', '', '{\"typeId\":\"2\",\"authorId\":\"1\",\"title\":\"\\u041c\\u044b \\u043f\\u0440\\u043e\\u0441\\u0442\\u043e \\u0443\\u0441\\u0442\\u0430\\u043d\\u043e\\u0432\\u0438\\u043b\\u0438 Craft CMS!\",\"slug\":\"we-just-installed-craft\",\"postDate\":1467027120,\"expiryDate\":null,\"enabled\":1,\"parentId\":null,\"fields\":{\"10\":[\"18\"],\"7\":{\"60\":{\"type\":\"gallery\",\"enabled\":\"1\",\"fields\":{\"gallery\":[\"38\",\"37\",\"31\"]}},\"59\":{\"type\":\"text\",\"enabled\":\"1\",\"fields\":{\"text\":\"<p>asdasdasd<\\/p>\"}}},\"17\":\"<p><strong>Lorem ipsum<\\/strong> dolor sit amet, consectetur adipiscing elit, sed do eiusmod tempor incididunt ut labore et dolore magna aliqua. <em>Ut enim ad minim veniam<\\/em>, quis nostrud exercitation ullamco laboris nisi ut aliquip ex ea commodo consequat. Duis aute irure dolor in reprehenderit in voluptate velit esse cillum dolore eu fugiat nulla pariatur.<\\/p>\"}}', '2016-07-01 05:46:23', '2016-07-01 05:46:23', 'ed0ecf67-7c8c-4498-9bf9-abebc558d7a5'),
 ('45', '3', '2', '1', 'ru', '9', '', '{\"typeId\":\"2\",\"authorId\":\"1\",\"title\":\"\\u041c\\u044b \\u043f\\u0440\\u043e\\u0441\\u0442\\u043e \\u0443\\u0441\\u0442\\u0430\\u043d\\u043e\\u0432\\u0438\\u043b\\u0438 Craft CMS!\",\"slug\":\"we-just-installed-craft\",\"postDate\":1467027120,\"expiryDate\":null,\"enabled\":1,\"parentId\":null,\"fields\":{\"10\":[\"18\"],\"7\":{\"new1\":{\"type\":\"text\",\"enabled\":\"1\",\"fields\":{\"text\":\"<p>Lorem ipsum dolor sit amet, consectetur adipiscing elit, sed do eiusmod tempor incididunt ut labore et dolore magna aliqua.<strong> Ut enim ad minim veniam, quis nostrud exercitation ullamco laboris nisi ut aliquip ex ea commodo <\\/strong>consequat. Duis aute irure dolor in reprehenderit in voluptate velit esse cillum dolore eu fugiat nulla pariatur. Excepteur sint occaecat cupidatat non proident, sunt in culpa qui officia deserunt mollit anim id est laborum.<\\/p><p>But I must explain to you how all this mistaken idea of denouncing pleasure and praising pain was born and I will give you a complete account of the system, and expound the actual teachings of the great explorer of the truth, the master-builder of human happiness. <strong class=\\\"redactor-inline-converted\\\">No one rejects<\\/strong>, dislikes, or avoids pleasure itself, because it is pleasure, but because those who do not know how to pursue pleasure rationally encounter consequences that are extremely painful.&nbsp;<\\/p><p>Nor again is there anyone who loves or pursues or desires to obtain pain of itself, because it is pain, but because occasionally circumstances occur in which toil and pain can procure him some great pleasure. To take a trivial example, which of us ever undertakes laborious physical exercise, except to obtain some advantage from it? But who has any right to find fault with a man who chooses to enjoy a pleasure that has no annoying consequences, or one who avoids a pain that produces no resultant pleasure?<br><\\/p>\"}},\"60\":{\"type\":\"gallery\",\"enabled\":\"1\",\"fields\":{\"gallery\":[\"38\",\"37\",\"31\"]}},\"59\":{\"type\":\"text\",\"enabled\":\"1\",\"fields\":{\"text\":\"<p>asdasdasd<\\/p>\"}}},\"17\":\"<p><strong>Lorem ipsum<\\/strong> dolor sit amet, consectetur adipiscing elit, sed do eiusmod tempor incididunt ut labore et dolore magna aliqua. <em>Ut enim ad minim veniam<\\/em>, quis nostrud exercitation ullamco laboris nisi ut aliquip ex ea commodo consequat. Duis aute irure dolor in reprehenderit in voluptate velit esse cillum dolore eu fugiat nulla pariatur.<\\/p>\"}}', '2016-07-01 05:48:12', '2016-07-01 05:48:12', 'ac4b272e-fa9c-415f-8bd7-0fbc65da8f09'),
 ('46', '61', '2', '1', 'ru', '3', '', '{\"typeId\":\"2\",\"authorId\":\"1\",\"title\":\"\\u041d\\u043e\\u0432\\u0430\\u044f \\u0437\\u0430\\u043f\\u0438\\u0441\\u044c \\u044d\\u0442\\u043e \\u0441\\u0447\\u0430\\u0441\\u0442\\u044c\\u0435!\",\"slug\":\"\\u043d\\u043e\\u0432\\u0430\\u044f-\\u0437\\u0430\\u043f\\u0438\\u0441\\u044c-\\u044d\\u0442\\u043e-\\u0441\\u0447\\u0430\\u0441\\u0442\\u044c\\u0435\",\"postDate\":1467303780,\"expiryDate\":null,\"enabled\":1,\"parentId\":null,\"fields\":{\"10\":[\"31\"],\"7\":{\"62\":{\"type\":\"text\",\"enabled\":\"1\",\"fields\":{\"text\":\"<p>\\u0414\\u0430 \\u044d\\u0442\\u043e \\u0442\\u0430\\u043a -&nbsp;<a href=\\\"http:\\/\\/northmarathon.io\\/index.php\\/forum#entry:21:url\\\">\\u0424\\u043e\\u0440\\u0443\\u043c<\\/a><\\/p>\"}},\"63\":{\"type\":\"gallery\",\"enabled\":\"1\",\"fields\":{\"gallery\":[\"30\"]}}},\"17\":\"<p>Sed ut perspiciatis unde omnis iste natus error sit voluptatem accusantium doloremque laudantium, totam rem aperiam, eaque ipsa quae ab illo inventore veritatis et quasi architecto beatae vitae dicta sunt explicabo. Nemo enim ipsam voluptatem quia voluptas sit aspernatur aut odit aut fugit, sed quia consequuntur magni dolores eos qui ratione voluptatem sequi nesciunt. Neque porro quisquam est, qui dolorem ipsum quia dolor sit amet, consectetur, adipisci velit, sed quia non numquam eius modi tempora.<\\/p>\"}}', '2016-07-01 05:48:49', '2016-07-01 05:48:49', '2163dfea-f530-40db-92da-4d1aa7bbd268'),
 ('47', '61', '2', '1', 'ru', '4', '', '{\"typeId\":\"2\",\"authorId\":\"1\",\"title\":\"\\u041d\\u043e\\u0432\\u0430\\u044f \\u0437\\u0430\\u043f\\u0438\\u0441\\u044c \\u044d\\u0442\\u043e \\u0441\\u0447\\u0430\\u0441\\u0442\\u044c\\u0435!\",\"slug\":\"\\u043d\\u043e\\u0432\\u0430\\u044f-\\u0437\\u0430\\u043f\\u0438\\u0441\\u044c-\\u044d\\u0442\\u043e-\\u0441\\u0447\\u0430\\u0441\\u0442\\u044c\\u0435\",\"postDate\":1467303780,\"expiryDate\":null,\"enabled\":1,\"parentId\":null,\"fields\":{\"10\":[\"31\"],\"7\":{\"new1\":{\"type\":\"image\",\"enabled\":\"1\",\"fields\":{\"image\":[\"38\"]}},\"62\":{\"type\":\"text\",\"enabled\":\"1\",\"fields\":{\"text\":\"<p>\\u0414\\u0430 \\u044d\\u0442\\u043e \\u0442\\u0430\\u043a -&nbsp;<a href=\\\"http:\\/\\/northmarathon.io\\/index.php\\/forum#entry:21:url\\\">\\u0424\\u043e\\u0440\\u0443\\u043c<\\/a><\\/p>\"}},\"63\":{\"type\":\"gallery\",\"enabled\":\"1\",\"fields\":{\"gallery\":[\"30\"]}}},\"17\":\"<p>Sed ut perspiciatis unde omnis iste natus error sit voluptatem accusantium doloremque laudantium, totam rem aperiam, eaque ipsa quae ab illo inventore veritatis et quasi architecto beatae vitae dicta sunt explicabo. Nemo enim ipsam voluptatem quia voluptas sit aspernatur aut odit aut fugit, sed quia consequuntur magni dolores eos qui ratione voluptatem sequi nesciunt. Neque porro quisquam est, qui dolorem ipsum quia dolor sit amet, consectetur, adipisci velit, sed quia non numquam eius modi tempora.<\\/p>\"}}', '2016-07-01 05:50:22', '2016-07-01 05:50:22', 'e5c8d5b1-70ef-465f-ae5b-e1ed8a478bae'),
 ('48', '61', '2', '1', 'ru', '5', '', '{\"typeId\":\"2\",\"authorId\":\"1\",\"title\":\"\\u041d\\u043e\\u0432\\u0430\\u044f \\u0437\\u0430\\u043f\\u0438\\u0441\\u044c \\u044d\\u0442\\u043e \\u0441\\u0447\\u0430\\u0441\\u0442\\u044c\\u0435!\",\"slug\":\"\\u043d\\u043e\\u0432\\u0430\\u044f-\\u0437\\u0430\\u043f\\u0438\\u0441\\u044c-\\u044d\\u0442\\u043e-\\u0441\\u0447\\u0430\\u0441\\u0442\\u044c\\u0435\",\"postDate\":1467303780,\"expiryDate\":null,\"enabled\":1,\"parentId\":null,\"fields\":{\"10\":[\"31\"],\"7\":{\"new1\":{\"type\":\"text\",\"enabled\":\"1\",\"fields\":{\"text\":\"<h3>At vero eos&nbsp;<\\/h3><p>et accusamus et iusto odio dignissimos ducimus qui blanditiis praesentium voluptatum deleniti atque corrupti quos dolores et quas molestias <strong>excepturi<\\/strong> sint occaecati cupiditate non provident, similique sunt in culpa qui officia deserunt mollitia animi, id est laborum et dolorum fuga.&nbsp;<\\/p>\"}},\"68\":{\"type\":\"image\",\"enabled\":\"1\",\"fields\":{\"image\":[\"38\"]}},\"62\":{\"type\":\"text\",\"enabled\":\"1\",\"fields\":{\"text\":\"<p>\\u0414\\u0430 \\u044d\\u0442\\u043e \\u0442\\u0430\\u043a -&nbsp;<a href=\\\"http:\\/\\/northmarathon.io\\/index.php\\/forum#entry:21:url\\\">\\u0424\\u043e\\u0440\\u0443\\u043c<\\/a><\\/p>\"}},\"63\":{\"type\":\"gallery\",\"enabled\":\"1\",\"fields\":{\"gallery\":[\"30\"]}}},\"17\":\"<p>Sed ut perspiciatis unde omnis iste natus error sit voluptatem accusantium doloremque laudantium, totam rem aperiam, eaque ipsa quae ab illo inventore veritatis et quasi architecto beatae vitae dicta sunt explicabo. Nemo enim ipsam voluptatem quia voluptas sit aspernatur aut odit aut fugit, sed quia consequuntur magni dolores eos qui ratione voluptatem sequi nesciunt. Neque porro quisquam est, qui dolorem ipsum quia dolor sit amet, consectetur, adipisci velit, sed quia non numquam eius modi tempora.<\\/p>\"}}', '2016-07-01 05:53:11', '2016-07-01 05:53:11', 'd3edcadf-2009-4eeb-8f07-0fea8f8ece41'),
 ('49', '61', '2', '1', 'ru', '6', '', '{\"typeId\":\"2\",\"authorId\":\"1\",\"title\":\"\\u041d\\u043e\\u0432\\u0430\\u044f \\u0437\\u0430\\u043f\\u0438\\u0441\\u044c \\u044d\\u0442\\u043e \\u0441\\u0447\\u0430\\u0441\\u0442\\u044c\\u0435!\",\"slug\":\"\\u043d\\u043e\\u0432\\u0430\\u044f-\\u0437\\u0430\\u043f\\u0438\\u0441\\u044c-\\u044d\\u0442\\u043e-\\u0441\\u0447\\u0430\\u0441\\u0442\\u044c\\u0435\",\"postDate\":1467303780,\"expiryDate\":null,\"enabled\":1,\"parentId\":null,\"fields\":{\"10\":[\"31\"],\"7\":{\"69\":{\"type\":\"text\",\"enabled\":\"1\",\"fields\":{\"text\":\"<p>Et accusamus et iusto odio dignissimos ducimus qui blanditiis praesentium voluptatum deleniti atque corrupti quos dolores et quas molestias <strong>excepturi<\\/strong> sint occaecati cupiditate non provident, similique sunt in culpa qui officia deserunt mollitia animi, id est laborum et dolorum fuga.&nbsp;<br><\\/p>\"}},\"68\":{\"type\":\"image\",\"enabled\":\"1\",\"fields\":{\"image\":[\"38\"]}},\"62\":{\"type\":\"text\",\"enabled\":\"1\",\"fields\":{\"text\":\"<p>\\u0414\\u0430 \\u044d\\u0442\\u043e \\u0442\\u0430\\u043a -&nbsp;<a href=\\\"http:\\/\\/northmarathon.io\\/index.php\\/forum#entry:21:url\\\">\\u0424\\u043e\\u0440\\u0443\\u043c<\\/a><\\/p>\"}},\"63\":{\"type\":\"gallery\",\"enabled\":\"1\",\"fields\":{\"gallery\":[\"30\"]}}},\"17\":\"<p>Sed ut perspiciatis unde omnis iste natus error sit voluptatem accusantium doloremque laudantium, totam rem aperiam, eaque ipsa quae ab illo inventore veritatis et quasi architecto beatae vitae dicta sunt explicabo. Nemo enim ipsam voluptatem quia voluptas sit aspernatur aut odit aut fugit, sed quia consequuntur magni dolores eos qui ratione voluptatem sequi nesciunt. Neque porro quisquam est, qui dolorem ipsum quia dolor sit amet, consectetur, adipisci velit, sed quia non numquam eius modi tempora.<\\/p>\"}}', '2016-07-01 05:53:26', '2016-07-01 05:53:26', 'b119b7af-570d-4e92-b9e8-19a43921c371'),
 ('50', '61', '2', '1', 'ru', '7', '', '{\"typeId\":\"2\",\"authorId\":\"1\",\"title\":\"\\u041d\\u043e\\u0432\\u0430\\u044f \\u0437\\u0430\\u043f\\u0438\\u0441\\u044c \\u044d\\u0442\\u043e \\u0441\\u0447\\u0430\\u0441\\u0442\\u044c\\u0435!\",\"slug\":\"\\u043d\\u043e\\u0432\\u0430\\u044f-\\u0437\\u0430\\u043f\\u0438\\u0441\\u044c-\\u044d\\u0442\\u043e-\\u0441\\u0447\\u0430\\u0441\\u0442\\u044c\\u0435\",\"postDate\":1467303780,\"expiryDate\":null,\"enabled\":1,\"parentId\":null,\"fields\":{\"10\":[\"31\"],\"7\":{\"69\":{\"type\":\"text\",\"enabled\":\"1\",\"fields\":{\"text\":\"<p>Et accusamus et iusto odio dignissimos ducimus qui blanditiis praesentium voluptatum deleniti atque corrupti quos dolores et quas molestias <strong>excepturi<\\/strong> sint occaecati cupiditate non provident, similique sunt in culpa qui officia deserunt mollitia animi, id est laborum et dolorum fuga.&nbsp;<br><\\/p>\"}},\"68\":{\"type\":\"image\",\"enabled\":\"1\",\"fields\":{\"image\":[\"38\"]}},\"62\":{\"type\":\"text\",\"enabled\":\"1\",\"fields\":{\"text\":\"<p>On the other hand, we denounce with righteous indignation and dislike men who are so beguiled and demoralized by the charms of pleasure of the moment, so blinded by desire, that they cannot foresee the pain and trouble that are bound to ensue; and equal blame belongs to those who fail in their duty through weakness of will, which is the same as saying through shrinking from toil and pain.&nbsp;<\\/p><p>These cases are perfectly simple and easy to distinguish. In a free hour, when our power of choice is untrammelled and when nothing prevents our being able to do what we like best, every pleasure is to be welcomed and every pain avoided. But in certain circumstances and owing to the claims of duty or the obligations of business it will frequently occur that pleasures have to be repudiated and annoyances accepted. The wise man therefore always holds in these matters to this principle of selection: he rejects pleasures to secure other greater pleasures, or else he endures pains to avoid worse pains.<a href=\\\"http:\\/\\/northmarathon.io\\/index.php\\/forum#entry:21:url\\\"><\\/a><\\/p>\"}},\"63\":{\"type\":\"gallery\",\"enabled\":\"1\",\"fields\":{\"gallery\":[\"30\"]}}},\"17\":\"<p>Sed ut perspiciatis unde omnis iste natus error sit voluptatem accusantium doloremque laudantium, totam rem aperiam, eaque ipsa quae ab illo inventore veritatis et quasi architecto beatae vitae dicta sunt explicabo. Nemo enim ipsam voluptatem quia voluptas sit aspernatur aut odit aut fugit, sed quia consequuntur magni dolores eos qui ratione voluptatem sequi nesciunt. Neque porro quisquam est, qui dolorem ipsum quia dolor sit amet, consectetur, adipisci velit, sed quia non numquam eius modi tempora.<\\/p>\"}}', '2016-07-01 05:53:53', '2016-07-01 05:53:53', '983c5f8d-b904-425e-b59d-450c1be746a6'),
 ('51', '22', '4', '1', 'ru', '9', '', '{\"typeId\":\"4\",\"authorId\":\"1\",\"title\":\"\\u041e \\u043c\\u0430\\u0440\\u0430\\u0444\\u043e\\u043d\\u0435\",\"slug\":\"\\u043e-\\u043c\\u0430\\u0440\\u0430\\u0444\\u043e\\u043d\\u0435-2\",\"postDate\":1467032100,\"expiryDate\":null,\"enabled\":1,\"parentId\":\"\",\"fields\":{\"10\":\"\",\"7\":{\"64\":{\"type\":\"text\",\"enabled\":\"1\",\"fields\":{\"text\":\"<p>Dolor sit amet, consectetur adipiscing elit, sed do eiusmod tempor incididunt ut labore et dolore magna aliqua. Ut enim ad minim veniam, quis nostrud exercitation ullamco laboris nisi ut aliquip ex ea commodo consequat. Duis aute irure dolor in reprehenderit in voluptate velit esse cillum dolore eu fugiat nulla pariatur. Excepteur sint occaecat cupidatat non proident, sunt in culpa qui officia deserunt mollit anim id est laborum.<br><\\/p>\\r\\n\\r\\n\\r\\n\\r\\n\\r\\n\\r\\n<p>Sed ut perspiciatis unde omnis iste natus error sit voluptatem accusantium doloremque laudantium, totam rem aperiam, eaque ipsa quae ab illo inventore veritatis et quasi architecto beatae vitae dicta sunt explicabo. Nemo enim ipsam voluptatem quia voluptas sit aspernatur aut odit aut fugit, sed quia consequuntur magni dolores eos qui ratione voluptatem sequi nesciunt.&nbsp;<\\/p>\\r\\n\\r\\n\\r\\n\\r\\n\\r\\n\\r\\n<p>Neque porro quisquam est, qui dolorem ipsum quia dolor sit amet, consectetur, adipisci velit, sed quia non numquam eius modi tempora incidunt ut labore et dolore magnam aliquam quaerat voluptatem. Ut enim ad minima veniam, quis nostrum exercitationem ullam corporis suscipit laboriosam, nisi ut aliquid ex ea commodi consequatur? Quis autem vel eum iure reprehenderit qui in ea voluptate velit esse quam nihil molestiae consequatur, vel illum qui dolorem eum fugiat quo voluptas nulla pariatur?<\\/p>\"}},\"65\":{\"type\":\"gallery\",\"enabled\":\"1\",\"fields\":{\"gallery\":[\"31\",\"25\",\"36\",\"26\",\"30\"]}},\"66\":{\"type\":\"text\",\"enabled\":\"1\",\"fields\":{\"text\":\"<h3>Sed ut perspiciatis&nbsp;<\\/h3>\\r\\n\\r\\n<p>unde omnis iste natus error sit voluptatem accusantium doloremque laudantium, totam rem aperiam, eaque ipsa quae ab illo inventore veritatis et quasi architecto beatae vitae dicta sunt explicabo. Nemo enim ipsam voluptatem quia voluptas sit aspernatur aut odit aut fugit, sed quia consequuntur magni dolores eos qui ratione voluptatem sequi nesciunt.&nbsp;<\\/p>\\r\\n\\r\\n\\r\\n\\r\\n\\r\\n\\r\\n<h4>Neque porro&nbsp;<\\/h4>\\r\\n\\r\\n\\r\\n\\r\\n\\r\\n\\r\\n<p>quisquam est, qui dolorem ipsum quia dolor sit amet, consectetur, adipisci velit, sed quia non numquam eius modi tempora incidunt ut labore et dolore magnam aliquam quaerat voluptatem. Ut enim ad minima veniam, quis nostrum exercitationem ullam corporis suscipit laboriosam, nisi ut aliquid ex ea commodi consequatur? Quis autem vel eum iure reprehenderit qui in ea voluptate velit esse quam nihil molestiae consequatur, vel illum qui dolorem eum fugiat quo voluptas nulla pariatur?<\\/p>\"}}}}}', '2016-07-01 05:54:16', '2016-07-01 05:54:16', '630b204a-2d36-479f-abfa-e539170d55a1'),
 ('52', '70', '2', '1', 'ru', '1', '', '{\"typeId\":null,\"authorId\":\"1\",\"title\":\"\\u041d\\u043e\\u0432\\u043e\\u0441\\u0442\\u044c \\u21163\",\"slug\":\"\\u043d\\u043e\\u0432\\u043e\\u0441\\u0442\\u044c-3\",\"postDate\":1467353678,\"expiryDate\":null,\"enabled\":1,\"parentId\":null,\"fields\":{\"10\":\"\",\"7\":\"\",\"17\":\"\"}}', '2016-07-01 06:14:38', '2016-07-01 06:14:38', 'eae6ac4e-6b34-4dbd-9f99-456dfcfb2c7f'),
 ('53', '71', '2', '1', 'ru', '1', '', '{\"typeId\":null,\"authorId\":\"1\",\"title\":\"\\u041d\\u043e\\u0432\\u043e\\u0441\\u0442\\u044c \\u21164\",\"slug\":\"\\u043d\\u043e\\u0432\\u043e\\u0441\\u0442\\u044c-4\",\"postDate\":1467353686,\"expiryDate\":null,\"enabled\":1,\"parentId\":null,\"fields\":{\"10\":\"\",\"7\":\"\",\"17\":\"\"}}', '2016-07-01 06:14:46', '2016-07-01 06:14:46', '9bdeb89e-63a0-4335-a62a-8fa8fb223369'),
 ('54', '72', '2', '1', 'ru', '1', '', '{\"typeId\":null,\"authorId\":\"1\",\"title\":\"\\u041d\\u043e\\u0432\\u043e\\u0441\\u0442\\u044c \\u21165\",\"slug\":\"\\u043d\\u043e\\u0432\\u043e\\u0441\\u0442\\u044c-5\",\"postDate\":1467353690,\"expiryDate\":null,\"enabled\":1,\"parentId\":null,\"fields\":{\"10\":\"\",\"7\":\"\",\"17\":\"\"}}', '2016-07-01 06:14:50', '2016-07-01 06:14:50', 'b8b9a057-eaef-4ff9-ac3c-785d3fd74af8'),
 ('55', '73', '2', '1', 'ru', '1', '', '{\"typeId\":null,\"authorId\":\"1\",\"title\":\"\\u041d\\u043e\\u0432\\u043e\\u0441\\u0442\\u044c \\u21166\",\"slug\":\"\\u043d\\u043e\\u0432\\u043e\\u0441\\u0442\\u044c-6\",\"postDate\":1467353696,\"expiryDate\":null,\"enabled\":1,\"parentId\":null,\"fields\":{\"10\":\"\",\"7\":\"\",\"17\":\"\"}}', '2016-07-01 06:14:56', '2016-07-01 06:14:56', '0d0e3f4f-2231-4a7f-92b6-5a4d5ace424d'),
 ('56', '74', '2', '1', 'ru', '1', '', '{\"typeId\":null,\"authorId\":\"1\",\"title\":\"\\u041d\\u043e\\u0432\\u043e\\u0441\\u0442\\u044c \\u21167\",\"slug\":\"\\u043d\\u043e\\u0432\\u043e\\u0441\\u0442\\u044c-7\",\"postDate\":1467353701,\"expiryDate\":null,\"enabled\":1,\"parentId\":null,\"fields\":{\"10\":\"\",\"7\":\"\",\"17\":\"\"}}', '2016-07-01 06:15:01', '2016-07-01 06:15:01', '27c033e5-14ff-40d8-af48-e65d38885f37'),
 ('57', '75', '2', '1', 'ru', '1', '', '{\"typeId\":null,\"authorId\":\"1\",\"title\":\"\\u041d\\u043e\\u0432\\u043e\\u0441\\u0442\\u044c \\u21168\",\"slug\":\"\\u043d\\u043e\\u0432\\u043e\\u0441\\u0442\\u044c-8\",\"postDate\":1467353706,\"expiryDate\":null,\"enabled\":1,\"parentId\":null,\"fields\":{\"10\":\"\",\"7\":\"\",\"17\":\"\"}}', '2016-07-01 06:15:06', '2016-07-01 06:15:06', '76cb9d51-4ef8-4d81-9f2e-4d0b2925edda'),
 ('58', '76', '2', '1', 'ru', '1', '', '{\"typeId\":null,\"authorId\":\"1\",\"title\":\"\\u041d\\u043e\\u0432\\u043e\\u0441\\u0442\\u044c \\u21169\",\"slug\":\"\\u043d\\u043e\\u0432\\u043e\\u0441\\u0442\\u044c-9\",\"postDate\":1467353710,\"expiryDate\":null,\"enabled\":1,\"parentId\":null,\"fields\":{\"10\":\"\",\"7\":\"\",\"17\":\"\"}}', '2016-07-01 06:15:10', '2016-07-01 06:15:10', 'cf3e31ae-e9ae-4d02-8add-28748f5ce113'),
 ('59', '77', '2', '1', 'ru', '1', '', '{\"typeId\":null,\"authorId\":\"1\",\"title\":\"\\u041d\\u043e\\u0432\\u043e\\u0441\\u0442\\u044c \\u211610\",\"slug\":\"\\u043d\\u043e\\u0432\\u043e\\u0441\\u0442\\u044c-10\",\"postDate\":1467353715,\"expiryDate\":null,\"enabled\":1,\"parentId\":null,\"fields\":{\"10\":\"\",\"7\":\"\",\"17\":\"\"}}', '2016-07-01 06:15:15', '2016-07-01 06:15:15', 'b08ceef0-386c-4a97-95e1-7637a2ce0196'),
 ('60', '78', '2', '1', 'ru', '1', '', '{\"typeId\":null,\"authorId\":\"1\",\"title\":\"\\u041d\\u043e\\u0432\\u043e\\u0441\\u0442\\u044c \\u211611\",\"slug\":\"\\u043d\\u043e\\u0432\\u043e\\u0441\\u0442\\u044c-11\",\"postDate\":1467353720,\"expiryDate\":null,\"enabled\":1,\"parentId\":null,\"fields\":{\"10\":\"\",\"7\":\"\",\"17\":\"\"}}', '2016-07-01 06:15:20', '2016-07-01 06:15:20', '710b8cf6-ee6f-4e27-b38d-2f8638dfe6bc'),
 ('61', '79', '2', '1', 'ru', '1', '', '{\"typeId\":null,\"authorId\":\"1\",\"title\":\"\\u041d\\u043e\\u0432\\u043e\\u0441\\u0442\\u044c \\u211612\",\"slug\":\"\\u043d\\u043e\\u0432\\u043e\\u0441\\u0442\\u044c-12\",\"postDate\":1467353724,\"expiryDate\":null,\"enabled\":1,\"parentId\":null,\"fields\":{\"10\":\"\",\"7\":\"\",\"17\":\"\"}}', '2016-07-01 06:15:24', '2016-07-01 06:15:24', '0a55ac74-e873-485c-9bb1-d4f19e1e0055'),
 ('62', '79', '2', '1', 'ru', '2', '', '{\"typeId\":\"2\",\"authorId\":\"1\",\"title\":\"\\u041d\\u043e\\u0432\\u043e\\u0441\\u0442\\u044c \\u211612\",\"slug\":\"\\u043d\\u043e\\u0432\\u043e\\u0441\\u0442\\u044c-12\",\"postDate\":1467353700,\"expiryDate\":null,\"enabled\":1,\"parentId\":null,\"fields\":{\"10\":\"\",\"7\":\"\",\"17\":\"<p><strong>Lorem Ipsum<\\/strong>&nbsp;- \\u044d\\u0442\\u043e \\u0442\\u0435\\u043a\\u0441\\u0442-\\\"\\u0440\\u044b\\u0431\\u0430\\\", \\u0447\\u0430\\u0441\\u0442\\u043e \\u0438\\u0441\\u043f\\u043e\\u043b\\u044c\\u0437\\u0443\\u0435\\u043c\\u044b\\u0439 \\u0432 \\u043f\\u0435\\u0447\\u0430\\u0442\\u0438 \\u0438 \\u0432\\u044d\\u0431-\\u0434\\u0438\\u0437\\u0430\\u0439\\u043d\\u0435. Lorem Ipsum \\u044f\\u0432\\u043b\\u044f\\u0435\\u0442\\u0441\\u044f \\u0441\\u0442\\u0430\\u043d\\u0434\\u0430\\u0440\\u0442\\u043d\\u043e\\u0439 \\\"\\u0440\\u044b\\u0431\\u043e\\u0439\\\" \\u0434\\u043b\\u044f \\u0442\\u0435\\u043a\\u0441\\u0442\\u043e\\u0432 \\u043d\\u0430 \\u043b\\u0430\\u0442\\u0438\\u043d\\u0438\\u0446\\u0435 \\u0441 \\u043d\\u0430\\u0447\\u0430\\u043b\\u0430 XVI \\u0432\\u0435\\u043a\\u0430. \\u0412 \\u0442\\u043e \\u0432\\u0440\\u0435\\u043c\\u044f \\u043d\\u0435\\u043a\\u0438\\u0439 \\u0431\\u0435\\u0437\\u044b\\u043c\\u044f\\u043d\\u043d\\u044b\\u0439 \\u043f\\u0435\\u0447\\u0430\\u0442\\u043d\\u0438\\u043a \\u0441\\u043e\\u0437\\u0434\\u0430\\u043b \\u0431\\u043e\\u043b\\u044c\\u0448\\u0443\\u044e \\u043a\\u043e\\u043b\\u043b\\u0435\\u043a\\u0446\\u0438\\u044e \\u0440\\u0430\\u0437\\u043c\\u0435\\u0440\\u043e\\u0432 \\u0438 \\u0444\\u043e\\u0440\\u043c \\u0448\\u0440\\u0438\\u0444\\u0442\\u043e\\u0432, \\u0438\\u0441\\u043f\\u043e\\u043b\\u044c\\u0437\\u0443\\u044f Lorem Ipsum \\u0434\\u043b\\u044f \\u0440\\u0430\\u0441\\u043f\\u0435\\u0447\\u0430\\u0442\\u043a\\u0438 \\u043e\\u0431\\u0440\\u0430\\u0437\\u0446\\u043e\\u0432. Lorem Ipsum \\u043d\\u0435 \\u0442\\u043e\\u043b\\u044c\\u043a\\u043e \\u0443\\u0441\\u043f\\u0435\\u0448\\u043d\\u043e \\u043f\\u0435\\u0440\\u0435\\u0436\\u0438\\u043b \\u0431\\u0435\\u0437 \\u0437\\u0430\\u043c\\u0435\\u0442\\u043d\\u044b\\u0445 \\u0438\\u0437\\u043c\\u0435\\u043d\\u0435\\u043d\\u0438\\u0439 \\u043f\\u044f\\u0442\\u044c \\u0432\\u0435\\u043a\\u043e\\u0432, \\u043d\\u043e \\u0438 \\u043f\\u0435\\u0440\\u0435\\u0448\\u0430\\u0433\\u043d\\u0443\\u043b \\u0432 \\u044d\\u043b\\u0435\\u043a\\u0442\\u0440\\u043e\\u043d\\u043d\\u044b\\u0439 \\u0434\\u0438\\u0437\\u0430\\u0439\\u043d.&nbsp;<\\/p>\"}}', '2016-07-01 06:17:09', '2016-07-01 06:17:09', '8fb6993f-2987-4fcd-87ef-fcdfd8fce8c5'),
 ('63', '78', '2', '1', 'ru', '2', '', '{\"typeId\":\"2\",\"authorId\":\"1\",\"title\":\"\\u041d\\u043e\\u0432\\u043e\\u0441\\u0442\\u044c \\u211611\",\"slug\":\"\\u043d\\u043e\\u0432\\u043e\\u0441\\u0442\\u044c-11\",\"postDate\":1467353700,\"expiryDate\":null,\"enabled\":1,\"parentId\":null,\"fields\":{\"10\":\"\",\"7\":\"\",\"17\":\"<p><strong>Lorem Ipsum<\\/strong>&nbsp;- \\u044d\\u0442\\u043e \\u0442\\u0435\\u043a\\u0441\\u0442-\\\"\\u0440\\u044b\\u0431\\u0430\\\", \\u0447\\u0430\\u0441\\u0442\\u043e \\u0438\\u0441\\u043f\\u043e\\u043b\\u044c\\u0437\\u0443\\u0435\\u043c\\u044b\\u0439 \\u0432 \\u043f\\u0435\\u0447\\u0430\\u0442\\u0438 \\u0438 \\u0432\\u044d\\u0431-\\u0434\\u0438\\u0437\\u0430\\u0439\\u043d\\u0435. Lorem Ipsum \\u044f\\u0432\\u043b\\u044f\\u0435\\u0442\\u0441\\u044f \\u0441\\u0442\\u0430\\u043d\\u0434\\u0430\\u0440\\u0442\\u043d\\u043e\\u0439 \\\"\\u0440\\u044b\\u0431\\u043e\\u0439\\\" \\u0434\\u043b\\u044f \\u0442\\u0435\\u043a\\u0441\\u0442\\u043e\\u0432 \\u043d\\u0430 \\u043b\\u0430\\u0442\\u0438\\u043d\\u0438\\u0446\\u0435 \\u0441 \\u043d\\u0430\\u0447\\u0430\\u043b\\u0430 XVI \\u0432\\u0435\\u043a\\u0430. \\u0412 \\u0442\\u043e \\u0432\\u0440\\u0435\\u043c\\u044f \\u043d\\u0435\\u043a\\u0438\\u0439 \\u0431\\u0435\\u0437\\u044b\\u043c\\u044f\\u043d\\u043d\\u044b\\u0439 \\u043f\\u0435\\u0447\\u0430\\u0442\\u043d\\u0438\\u043a \\u0441\\u043e\\u0437\\u0434\\u0430\\u043b \\u0431\\u043e\\u043b\\u044c\\u0448\\u0443\\u044e \\u043a\\u043e\\u043b\\u043b\\u0435\\u043a\\u0446\\u0438\\u044e \\u0440\\u0430\\u0437\\u043c\\u0435\\u0440\\u043e\\u0432 \\u0438 \\u0444\\u043e\\u0440\\u043c \\u0448\\u0440\\u0438\\u0444\\u0442\\u043e\\u0432, \\u0438\\u0441\\u043f\\u043e\\u043b\\u044c\\u0437\\u0443\\u044f Lorem Ipsum \\u0434\\u043b\\u044f \\u0440\\u0430\\u0441\\u043f\\u0435\\u0447\\u0430\\u0442\\u043a\\u0438 \\u043e\\u0431\\u0440\\u0430\\u0437\\u0446\\u043e\\u0432. Lorem Ipsum \\u043d\\u0435 \\u0442\\u043e\\u043b\\u044c\\u043a\\u043e \\u0443\\u0441\\u043f\\u0435\\u0448\\u043d\\u043e \\u043f\\u0435\\u0440\\u0435\\u0436\\u0438\\u043b \\u0431\\u0435\\u0437 \\u0437\\u0430\\u043c\\u0435\\u0442\\u043d\\u044b\\u0445 \\u0438\\u0437\\u043c\\u0435\\u043d\\u0435\\u043d\\u0438\\u0439 \\u043f\\u044f\\u0442\\u044c \\u0432\\u0435\\u043a\\u043e\\u0432, \\u043d\\u043e \\u0438 \\u043f\\u0435\\u0440\\u0435\\u0448\\u0430\\u0433\\u043d\\u0443\\u043b \\u0432 \\u044d\\u043b\\u0435\\u043a\\u0442\\u0440\\u043e\\u043d\\u043d\\u044b\\u0439 \\u0434\\u0438\\u0437\\u0430\\u0439\\u043d.&nbsp;<\\/p>\"}}', '2016-07-01 06:17:15', '2016-07-01 06:17:15', '7340e21b-e376-4230-89d7-b6e9cafb9d17'),
 ('64', '77', '2', '1', 'ru', '2', '', '{\"typeId\":\"2\",\"authorId\":\"1\",\"title\":\"\\u041d\\u043e\\u0432\\u043e\\u0441\\u0442\\u044c \\u211610\",\"slug\":\"\\u043d\\u043e\\u0432\\u043e\\u0441\\u0442\\u044c-10\",\"postDate\":1467353700,\"expiryDate\":null,\"enabled\":1,\"parentId\":null,\"fields\":{\"10\":\"\",\"7\":\"\",\"17\":\"<p><strong>Lorem Ipsum<\\/strong>&nbsp;- \\u044d\\u0442\\u043e \\u0442\\u0435\\u043a\\u0441\\u0442-\\\"\\u0440\\u044b\\u0431\\u0430\\\", \\u0447\\u0430\\u0441\\u0442\\u043e \\u0438\\u0441\\u043f\\u043e\\u043b\\u044c\\u0437\\u0443\\u0435\\u043c\\u044b\\u0439 \\u0432 \\u043f\\u0435\\u0447\\u0430\\u0442\\u0438 \\u0438 \\u0432\\u044d\\u0431-\\u0434\\u0438\\u0437\\u0430\\u0439\\u043d\\u0435. Lorem Ipsum \\u044f\\u0432\\u043b\\u044f\\u0435\\u0442\\u0441\\u044f \\u0441\\u0442\\u0430\\u043d\\u0434\\u0430\\u0440\\u0442\\u043d\\u043e\\u0439 \\\"\\u0440\\u044b\\u0431\\u043e\\u0439\\\" \\u0434\\u043b\\u044f \\u0442\\u0435\\u043a\\u0441\\u0442\\u043e\\u0432 \\u043d\\u0430 \\u043b\\u0430\\u0442\\u0438\\u043d\\u0438\\u0446\\u0435 \\u0441 \\u043d\\u0430\\u0447\\u0430\\u043b\\u0430 XVI \\u0432\\u0435\\u043a\\u0430. \\u0412 \\u0442\\u043e \\u0432\\u0440\\u0435\\u043c\\u044f \\u043d\\u0435\\u043a\\u0438\\u0439 \\u0431\\u0435\\u0437\\u044b\\u043c\\u044f\\u043d\\u043d\\u044b\\u0439 \\u043f\\u0435\\u0447\\u0430\\u0442\\u043d\\u0438\\u043a \\u0441\\u043e\\u0437\\u0434\\u0430\\u043b \\u0431\\u043e\\u043b\\u044c\\u0448\\u0443\\u044e \\u043a\\u043e\\u043b\\u043b\\u0435\\u043a\\u0446\\u0438\\u044e \\u0440\\u0430\\u0437\\u043c\\u0435\\u0440\\u043e\\u0432 \\u0438 \\u0444\\u043e\\u0440\\u043c \\u0448\\u0440\\u0438\\u0444\\u0442\\u043e\\u0432, \\u0438\\u0441\\u043f\\u043e\\u043b\\u044c\\u0437\\u0443\\u044f Lorem Ipsum \\u0434\\u043b\\u044f \\u0440\\u0430\\u0441\\u043f\\u0435\\u0447\\u0430\\u0442\\u043a\\u0438 \\u043e\\u0431\\u0440\\u0430\\u0437\\u0446\\u043e\\u0432. Lorem Ipsum \\u043d\\u0435 \\u0442\\u043e\\u043b\\u044c\\u043a\\u043e \\u0443\\u0441\\u043f\\u0435\\u0448\\u043d\\u043e \\u043f\\u0435\\u0440\\u0435\\u0436\\u0438\\u043b \\u0431\\u0435\\u0437 \\u0437\\u0430\\u043c\\u0435\\u0442\\u043d\\u044b\\u0445 \\u0438\\u0437\\u043c\\u0435\\u043d\\u0435\\u043d\\u0438\\u0439 \\u043f\\u044f\\u0442\\u044c \\u0432\\u0435\\u043a\\u043e\\u0432, \\u043d\\u043e \\u0438 \\u043f\\u0435\\u0440\\u0435\\u0448\\u0430\\u0433\\u043d\\u0443\\u043b \\u0432 \\u044d\\u043b\\u0435\\u043a\\u0442\\u0440\\u043e\\u043d\\u043d\\u044b\\u0439 \\u0434\\u0438\\u0437\\u0430\\u0439\\u043d.&nbsp;<\\/p>\"}}', '2016-07-01 06:17:19', '2016-07-01 06:17:19', '2566ca04-7592-48c1-af16-320fef56814f'),
 ('65', '76', '2', '1', 'ru', '2', '', '{\"typeId\":\"2\",\"authorId\":\"1\",\"title\":\"\\u041d\\u043e\\u0432\\u043e\\u0441\\u0442\\u044c \\u21169\",\"slug\":\"\\u043d\\u043e\\u0432\\u043e\\u0441\\u0442\\u044c-9\",\"postDate\":1467353700,\"expiryDate\":null,\"enabled\":1,\"parentId\":null,\"fields\":{\"10\":\"\",\"7\":\"\",\"17\":\"<p><strong>Lorem Ipsum<\\/strong>&nbsp;- \\u044d\\u0442\\u043e \\u0442\\u0435\\u043a\\u0441\\u0442-\\\"\\u0440\\u044b\\u0431\\u0430\\\", \\u0447\\u0430\\u0441\\u0442\\u043e \\u0438\\u0441\\u043f\\u043e\\u043b\\u044c\\u0437\\u0443\\u0435\\u043c\\u044b\\u0439 \\u0432 \\u043f\\u0435\\u0447\\u0430\\u0442\\u0438 \\u0438 \\u0432\\u044d\\u0431-\\u0434\\u0438\\u0437\\u0430\\u0439\\u043d\\u0435. Lorem Ipsum \\u044f\\u0432\\u043b\\u044f\\u0435\\u0442\\u0441\\u044f \\u0441\\u0442\\u0430\\u043d\\u0434\\u0430\\u0440\\u0442\\u043d\\u043e\\u0439 \\\"\\u0440\\u044b\\u0431\\u043e\\u0439\\\" \\u0434\\u043b\\u044f \\u0442\\u0435\\u043a\\u0441\\u0442\\u043e\\u0432 \\u043d\\u0430 \\u043b\\u0430\\u0442\\u0438\\u043d\\u0438\\u0446\\u0435 \\u0441 \\u043d\\u0430\\u0447\\u0430\\u043b\\u0430 XVI \\u0432\\u0435\\u043a\\u0430. \\u0412 \\u0442\\u043e \\u0432\\u0440\\u0435\\u043c\\u044f \\u043d\\u0435\\u043a\\u0438\\u0439 \\u0431\\u0435\\u0437\\u044b\\u043c\\u044f\\u043d\\u043d\\u044b\\u0439 \\u043f\\u0435\\u0447\\u0430\\u0442\\u043d\\u0438\\u043a \\u0441\\u043e\\u0437\\u0434\\u0430\\u043b \\u0431\\u043e\\u043b\\u044c\\u0448\\u0443\\u044e \\u043a\\u043e\\u043b\\u043b\\u0435\\u043a\\u0446\\u0438\\u044e \\u0440\\u0430\\u0437\\u043c\\u0435\\u0440\\u043e\\u0432 \\u0438 \\u0444\\u043e\\u0440\\u043c \\u0448\\u0440\\u0438\\u0444\\u0442\\u043e\\u0432, \\u0438\\u0441\\u043f\\u043e\\u043b\\u044c\\u0437\\u0443\\u044f Lorem Ipsum \\u0434\\u043b\\u044f \\u0440\\u0430\\u0441\\u043f\\u0435\\u0447\\u0430\\u0442\\u043a\\u0438 \\u043e\\u0431\\u0440\\u0430\\u0437\\u0446\\u043e\\u0432. Lorem Ipsum \\u043d\\u0435 \\u0442\\u043e\\u043b\\u044c\\u043a\\u043e \\u0443\\u0441\\u043f\\u0435\\u0448\\u043d\\u043e \\u043f\\u0435\\u0440\\u0435\\u0436\\u0438\\u043b \\u0431\\u0435\\u0437 \\u0437\\u0430\\u043c\\u0435\\u0442\\u043d\\u044b\\u0445 \\u0438\\u0437\\u043c\\u0435\\u043d\\u0435\\u043d\\u0438\\u0439 \\u043f\\u044f\\u0442\\u044c \\u0432\\u0435\\u043a\\u043e\\u0432, \\u043d\\u043e \\u0438 \\u043f\\u0435\\u0440\\u0435\\u0448\\u0430\\u0433\\u043d\\u0443\\u043b \\u0432 \\u044d\\u043b\\u0435\\u043a\\u0442\\u0440\\u043e\\u043d\\u043d\\u044b\\u0439 \\u0434\\u0438\\u0437\\u0430\\u0439\\u043d.&nbsp;<\\/p>\"}}', '2016-07-01 06:17:24', '2016-07-01 06:17:24', '4a5ff585-ab0a-400a-a1f0-3614553bd20e'),
 ('66', '75', '2', '1', 'ru', '2', '', '{\"typeId\":\"2\",\"authorId\":\"1\",\"title\":\"\\u041d\\u043e\\u0432\\u043e\\u0441\\u0442\\u044c \\u21168\",\"slug\":\"\\u043d\\u043e\\u0432\\u043e\\u0441\\u0442\\u044c-8\",\"postDate\":1467353700,\"expiryDate\":null,\"enabled\":1,\"parentId\":null,\"fields\":{\"10\":\"\",\"7\":\"\",\"17\":\"<p><strong>Lorem Ipsum<\\/strong>&nbsp;- \\u044d\\u0442\\u043e \\u0442\\u0435\\u043a\\u0441\\u0442-\\\"\\u0440\\u044b\\u0431\\u0430\\\", \\u0447\\u0430\\u0441\\u0442\\u043e \\u0438\\u0441\\u043f\\u043e\\u043b\\u044c\\u0437\\u0443\\u0435\\u043c\\u044b\\u0439 \\u0432 \\u043f\\u0435\\u0447\\u0430\\u0442\\u0438 \\u0438 \\u0432\\u044d\\u0431-\\u0434\\u0438\\u0437\\u0430\\u0439\\u043d\\u0435. Lorem Ipsum \\u044f\\u0432\\u043b\\u044f\\u0435\\u0442\\u0441\\u044f \\u0441\\u0442\\u0430\\u043d\\u0434\\u0430\\u0440\\u0442\\u043d\\u043e\\u0439 \\\"\\u0440\\u044b\\u0431\\u043e\\u0439\\\" \\u0434\\u043b\\u044f \\u0442\\u0435\\u043a\\u0441\\u0442\\u043e\\u0432 \\u043d\\u0430 \\u043b\\u0430\\u0442\\u0438\\u043d\\u0438\\u0446\\u0435 \\u0441 \\u043d\\u0430\\u0447\\u0430\\u043b\\u0430 XVI \\u0432\\u0435\\u043a\\u0430. \\u0412 \\u0442\\u043e \\u0432\\u0440\\u0435\\u043c\\u044f \\u043d\\u0435\\u043a\\u0438\\u0439 \\u0431\\u0435\\u0437\\u044b\\u043c\\u044f\\u043d\\u043d\\u044b\\u0439 \\u043f\\u0435\\u0447\\u0430\\u0442\\u043d\\u0438\\u043a \\u0441\\u043e\\u0437\\u0434\\u0430\\u043b \\u0431\\u043e\\u043b\\u044c\\u0448\\u0443\\u044e \\u043a\\u043e\\u043b\\u043b\\u0435\\u043a\\u0446\\u0438\\u044e \\u0440\\u0430\\u0437\\u043c\\u0435\\u0440\\u043e\\u0432 \\u0438 \\u0444\\u043e\\u0440\\u043c \\u0448\\u0440\\u0438\\u0444\\u0442\\u043e\\u0432, \\u0438\\u0441\\u043f\\u043e\\u043b\\u044c\\u0437\\u0443\\u044f Lorem Ipsum \\u0434\\u043b\\u044f \\u0440\\u0430\\u0441\\u043f\\u0435\\u0447\\u0430\\u0442\\u043a\\u0438 \\u043e\\u0431\\u0440\\u0430\\u0437\\u0446\\u043e\\u0432. Lorem Ipsum \\u043d\\u0435 \\u0442\\u043e\\u043b\\u044c\\u043a\\u043e \\u0443\\u0441\\u043f\\u0435\\u0448\\u043d\\u043e \\u043f\\u0435\\u0440\\u0435\\u0436\\u0438\\u043b \\u0431\\u0435\\u0437 \\u0437\\u0430\\u043c\\u0435\\u0442\\u043d\\u044b\\u0445 \\u0438\\u0437\\u043c\\u0435\\u043d\\u0435\\u043d\\u0438\\u0439 \\u043f\\u044f\\u0442\\u044c \\u0432\\u0435\\u043a\\u043e\\u0432, \\u043d\\u043e \\u0438 \\u043f\\u0435\\u0440\\u0435\\u0448\\u0430\\u0433\\u043d\\u0443\\u043b \\u0432 \\u044d\\u043b\\u0435\\u043a\\u0442\\u0440\\u043e\\u043d\\u043d\\u044b\\u0439 \\u0434\\u0438\\u0437\\u0430\\u0439\\u043d.&nbsp;<\\/p>\"}}', '2016-07-01 06:17:28', '2016-07-01 06:17:28', 'c3154011-9f1e-4a3f-b3df-a4af9d2ef487'),
 ('67', '74', '2', '1', 'ru', '2', '', '{\"typeId\":\"2\",\"authorId\":\"1\",\"title\":\"\\u041d\\u043e\\u0432\\u043e\\u0441\\u0442\\u044c \\u21167\",\"slug\":\"\\u043d\\u043e\\u0432\\u043e\\u0441\\u0442\\u044c-7\",\"postDate\":1467353700,\"expiryDate\":null,\"enabled\":1,\"parentId\":null,\"fields\":{\"10\":\"\",\"7\":\"\",\"17\":\"<p><strong>Lorem Ipsum<\\/strong>&nbsp;- \\u044d\\u0442\\u043e \\u0442\\u0435\\u043a\\u0441\\u0442-\\\"\\u0440\\u044b\\u0431\\u0430\\\", \\u0447\\u0430\\u0441\\u0442\\u043e \\u0438\\u0441\\u043f\\u043e\\u043b\\u044c\\u0437\\u0443\\u0435\\u043c\\u044b\\u0439 \\u0432 \\u043f\\u0435\\u0447\\u0430\\u0442\\u0438 \\u0438 \\u0432\\u044d\\u0431-\\u0434\\u0438\\u0437\\u0430\\u0439\\u043d\\u0435. Lorem Ipsum \\u044f\\u0432\\u043b\\u044f\\u0435\\u0442\\u0441\\u044f \\u0441\\u0442\\u0430\\u043d\\u0434\\u0430\\u0440\\u0442\\u043d\\u043e\\u0439 \\\"\\u0440\\u044b\\u0431\\u043e\\u0439\\\" \\u0434\\u043b\\u044f \\u0442\\u0435\\u043a\\u0441\\u0442\\u043e\\u0432 \\u043d\\u0430 \\u043b\\u0430\\u0442\\u0438\\u043d\\u0438\\u0446\\u0435 \\u0441 \\u043d\\u0430\\u0447\\u0430\\u043b\\u0430 XVI \\u0432\\u0435\\u043a\\u0430. \\u0412 \\u0442\\u043e \\u0432\\u0440\\u0435\\u043c\\u044f \\u043d\\u0435\\u043a\\u0438\\u0439 \\u0431\\u0435\\u0437\\u044b\\u043c\\u044f\\u043d\\u043d\\u044b\\u0439 \\u043f\\u0435\\u0447\\u0430\\u0442\\u043d\\u0438\\u043a \\u0441\\u043e\\u0437\\u0434\\u0430\\u043b \\u0431\\u043e\\u043b\\u044c\\u0448\\u0443\\u044e \\u043a\\u043e\\u043b\\u043b\\u0435\\u043a\\u0446\\u0438\\u044e \\u0440\\u0430\\u0437\\u043c\\u0435\\u0440\\u043e\\u0432 \\u0438 \\u0444\\u043e\\u0440\\u043c \\u0448\\u0440\\u0438\\u0444\\u0442\\u043e\\u0432, \\u0438\\u0441\\u043f\\u043e\\u043b\\u044c\\u0437\\u0443\\u044f Lorem Ipsum \\u0434\\u043b\\u044f \\u0440\\u0430\\u0441\\u043f\\u0435\\u0447\\u0430\\u0442\\u043a\\u0438 \\u043e\\u0431\\u0440\\u0430\\u0437\\u0446\\u043e\\u0432. Lorem Ipsum \\u043d\\u0435 \\u0442\\u043e\\u043b\\u044c\\u043a\\u043e \\u0443\\u0441\\u043f\\u0435\\u0448\\u043d\\u043e \\u043f\\u0435\\u0440\\u0435\\u0436\\u0438\\u043b \\u0431\\u0435\\u0437 \\u0437\\u0430\\u043c\\u0435\\u0442\\u043d\\u044b\\u0445 \\u0438\\u0437\\u043c\\u0435\\u043d\\u0435\\u043d\\u0438\\u0439 \\u043f\\u044f\\u0442\\u044c \\u0432\\u0435\\u043a\\u043e\\u0432, \\u043d\\u043e \\u0438 \\u043f\\u0435\\u0440\\u0435\\u0448\\u0430\\u0433\\u043d\\u0443\\u043b \\u0432 \\u044d\\u043b\\u0435\\u043a\\u0442\\u0440\\u043e\\u043d\\u043d\\u044b\\u0439 \\u0434\\u0438\\u0437\\u0430\\u0439\\u043d.&nbsp;<\\/p>\"}}', '2016-07-01 06:17:36', '2016-07-01 06:17:36', '35d172f9-859f-404a-9098-8069b0720356'),
 ('68', '70', '2', '1', 'ru', '2', '', '{\"typeId\":\"2\",\"authorId\":\"1\",\"title\":\"\\u041d\\u043e\\u0432\\u043e\\u0441\\u0442\\u044c \\u21163\",\"slug\":\"\\u043d\\u043e\\u0432\\u043e\\u0441\\u0442\\u044c-3\",\"postDate\":1467353640,\"expiryDate\":null,\"enabled\":1,\"parentId\":null,\"fields\":{\"10\":\"\",\"7\":\"\",\"17\":\"<p><strong>Lorem Ipsum<\\/strong>&nbsp;- \\u044d\\u0442\\u043e \\u0442\\u0435\\u043a\\u0441\\u0442-\\\"\\u0440\\u044b\\u0431\\u0430\\\", \\u0447\\u0430\\u0441\\u0442\\u043e \\u0438\\u0441\\u043f\\u043e\\u043b\\u044c\\u0437\\u0443\\u0435\\u043c\\u044b\\u0439 \\u0432 \\u043f\\u0435\\u0447\\u0430\\u0442\\u0438 \\u0438 \\u0432\\u044d\\u0431-\\u0434\\u0438\\u0437\\u0430\\u0439\\u043d\\u0435. Lorem Ipsum \\u044f\\u0432\\u043b\\u044f\\u0435\\u0442\\u0441\\u044f \\u0441\\u0442\\u0430\\u043d\\u0434\\u0430\\u0440\\u0442\\u043d\\u043e\\u0439 \\\"\\u0440\\u044b\\u0431\\u043e\\u0439\\\" \\u0434\\u043b\\u044f \\u0442\\u0435\\u043a\\u0441\\u0442\\u043e\\u0432 \\u043d\\u0430 \\u043b\\u0430\\u0442\\u0438\\u043d\\u0438\\u0446\\u0435 \\u0441 \\u043d\\u0430\\u0447\\u0430\\u043b\\u0430 XVI \\u0432\\u0435\\u043a\\u0430. \\u0412 \\u0442\\u043e \\u0432\\u0440\\u0435\\u043c\\u044f \\u043d\\u0435\\u043a\\u0438\\u0439 \\u0431\\u0435\\u0437\\u044b\\u043c\\u044f\\u043d\\u043d\\u044b\\u0439 \\u043f\\u0435\\u0447\\u0430\\u0442\\u043d\\u0438\\u043a \\u0441\\u043e\\u0437\\u0434\\u0430\\u043b \\u0431\\u043e\\u043b\\u044c\\u0448\\u0443\\u044e \\u043a\\u043e\\u043b\\u043b\\u0435\\u043a\\u0446\\u0438\\u044e \\u0440\\u0430\\u0437\\u043c\\u0435\\u0440\\u043e\\u0432 \\u0438 \\u0444\\u043e\\u0440\\u043c \\u0448\\u0440\\u0438\\u0444\\u0442\\u043e\\u0432, \\u0438\\u0441\\u043f\\u043e\\u043b\\u044c\\u0437\\u0443\\u044f Lorem Ipsum \\u0434\\u043b\\u044f \\u0440\\u0430\\u0441\\u043f\\u0435\\u0447\\u0430\\u0442\\u043a\\u0438 \\u043e\\u0431\\u0440\\u0430\\u0437\\u0446\\u043e\\u0432. Lorem Ipsum \\u043d\\u0435 \\u0442\\u043e\\u043b\\u044c\\u043a\\u043e \\u0443\\u0441\\u043f\\u0435\\u0448\\u043d\\u043e \\u043f\\u0435\\u0440\\u0435\\u0436\\u0438\\u043b \\u0431\\u0435\\u0437 \\u0437\\u0430\\u043c\\u0435\\u0442\\u043d\\u044b\\u0445 \\u0438\\u0437\\u043c\\u0435\\u043d\\u0435\\u043d\\u0438\\u0439 \\u043f\\u044f\\u0442\\u044c \\u0432\\u0435\\u043a\\u043e\\u0432, \\u043d\\u043e \\u0438 \\u043f\\u0435\\u0440\\u0435\\u0448\\u0430\\u0433\\u043d\\u0443\\u043b \\u0432 \\u044d\\u043b\\u0435\\u043a\\u0442\\u0440\\u043e\\u043d\\u043d\\u044b\\u0439 \\u0434\\u0438\\u0437\\u0430\\u0439\\u043d.&nbsp;<\\/p>\"}}', '2016-07-01 06:17:43', '2016-07-01 06:17:43', '7d280df2-562f-4fdd-8f3e-24abcfeb15f9'),
 ('69', '71', '2', '1', 'ru', '2', '', '{\"typeId\":\"2\",\"authorId\":\"1\",\"title\":\"\\u041d\\u043e\\u0432\\u043e\\u0441\\u0442\\u044c \\u21164\",\"slug\":\"\\u043d\\u043e\\u0432\\u043e\\u0441\\u0442\\u044c-4\",\"postDate\":1467353640,\"expiryDate\":null,\"enabled\":1,\"parentId\":null,\"fields\":{\"10\":\"\",\"7\":\"\",\"17\":\"<p><strong>Lorem Ipsum<\\/strong>&nbsp;- \\u044d\\u0442\\u043e \\u0442\\u0435\\u043a\\u0441\\u0442-\\\"\\u0440\\u044b\\u0431\\u0430\\\", \\u0447\\u0430\\u0441\\u0442\\u043e \\u0438\\u0441\\u043f\\u043e\\u043b\\u044c\\u0437\\u0443\\u0435\\u043c\\u044b\\u0439 \\u0432 \\u043f\\u0435\\u0447\\u0430\\u0442\\u0438 \\u0438 \\u0432\\u044d\\u0431-\\u0434\\u0438\\u0437\\u0430\\u0439\\u043d\\u0435. Lorem Ipsum \\u044f\\u0432\\u043b\\u044f\\u0435\\u0442\\u0441\\u044f \\u0441\\u0442\\u0430\\u043d\\u0434\\u0430\\u0440\\u0442\\u043d\\u043e\\u0439 \\\"\\u0440\\u044b\\u0431\\u043e\\u0439\\\" \\u0434\\u043b\\u044f \\u0442\\u0435\\u043a\\u0441\\u0442\\u043e\\u0432 \\u043d\\u0430 \\u043b\\u0430\\u0442\\u0438\\u043d\\u0438\\u0446\\u0435 \\u0441 \\u043d\\u0430\\u0447\\u0430\\u043b\\u0430 XVI \\u0432\\u0435\\u043a\\u0430. \\u0412 \\u0442\\u043e \\u0432\\u0440\\u0435\\u043c\\u044f \\u043d\\u0435\\u043a\\u0438\\u0439 \\u0431\\u0435\\u0437\\u044b\\u043c\\u044f\\u043d\\u043d\\u044b\\u0439 \\u043f\\u0435\\u0447\\u0430\\u0442\\u043d\\u0438\\u043a \\u0441\\u043e\\u0437\\u0434\\u0430\\u043b \\u0431\\u043e\\u043b\\u044c\\u0448\\u0443\\u044e \\u043a\\u043e\\u043b\\u043b\\u0435\\u043a\\u0446\\u0438\\u044e \\u0440\\u0430\\u0437\\u043c\\u0435\\u0440\\u043e\\u0432 \\u0438 \\u0444\\u043e\\u0440\\u043c \\u0448\\u0440\\u0438\\u0444\\u0442\\u043e\\u0432, \\u0438\\u0441\\u043f\\u043e\\u043b\\u044c\\u0437\\u0443\\u044f Lorem Ipsum \\u0434\\u043b\\u044f \\u0440\\u0430\\u0441\\u043f\\u0435\\u0447\\u0430\\u0442\\u043a\\u0438 \\u043e\\u0431\\u0440\\u0430\\u0437\\u0446\\u043e\\u0432. Lorem Ipsum \\u043d\\u0435 \\u0442\\u043e\\u043b\\u044c\\u043a\\u043e \\u0443\\u0441\\u043f\\u0435\\u0448\\u043d\\u043e \\u043f\\u0435\\u0440\\u0435\\u0436\\u0438\\u043b \\u0431\\u0435\\u0437 \\u0437\\u0430\\u043c\\u0435\\u0442\\u043d\\u044b\\u0445 \\u0438\\u0437\\u043c\\u0435\\u043d\\u0435\\u043d\\u0438\\u0439 \\u043f\\u044f\\u0442\\u044c \\u0432\\u0435\\u043a\\u043e\\u0432, \\u043d\\u043e \\u0438 \\u043f\\u0435\\u0440\\u0435\\u0448\\u0430\\u0433\\u043d\\u0443\\u043b \\u0432 \\u044d\\u043b\\u0435\\u043a\\u0442\\u0440\\u043e\\u043d\\u043d\\u044b\\u0439 \\u0434\\u0438\\u0437\\u0430\\u0439\\u043d.&nbsp;<\\/p>\"}}', '2016-07-01 06:17:48', '2016-07-01 06:17:48', 'c87f4524-487c-45bf-8ee9-56b65065868e'),
 ('70', '72', '2', '1', 'ru', '2', '', '{\"typeId\":\"2\",\"authorId\":\"1\",\"title\":\"\\u041d\\u043e\\u0432\\u043e\\u0441\\u0442\\u044c \\u21165\",\"slug\":\"\\u043d\\u043e\\u0432\\u043e\\u0441\\u0442\\u044c-5\",\"postDate\":1467353640,\"expiryDate\":null,\"enabled\":1,\"parentId\":null,\"fields\":{\"10\":\"\",\"7\":\"\",\"17\":\"<p><strong>Lorem Ipsum<\\/strong>&nbsp;- \\u044d\\u0442\\u043e \\u0442\\u0435\\u043a\\u0441\\u0442-\\\"\\u0440\\u044b\\u0431\\u0430\\\", \\u0447\\u0430\\u0441\\u0442\\u043e \\u0438\\u0441\\u043f\\u043e\\u043b\\u044c\\u0437\\u0443\\u0435\\u043c\\u044b\\u0439 \\u0432 \\u043f\\u0435\\u0447\\u0430\\u0442\\u0438 \\u0438 \\u0432\\u044d\\u0431-\\u0434\\u0438\\u0437\\u0430\\u0439\\u043d\\u0435. Lorem Ipsum \\u044f\\u0432\\u043b\\u044f\\u0435\\u0442\\u0441\\u044f \\u0441\\u0442\\u0430\\u043d\\u0434\\u0430\\u0440\\u0442\\u043d\\u043e\\u0439 \\\"\\u0440\\u044b\\u0431\\u043e\\u0439\\\" \\u0434\\u043b\\u044f \\u0442\\u0435\\u043a\\u0441\\u0442\\u043e\\u0432 \\u043d\\u0430 \\u043b\\u0430\\u0442\\u0438\\u043d\\u0438\\u0446\\u0435 \\u0441 \\u043d\\u0430\\u0447\\u0430\\u043b\\u0430 XVI \\u0432\\u0435\\u043a\\u0430. \\u0412 \\u0442\\u043e \\u0432\\u0440\\u0435\\u043c\\u044f \\u043d\\u0435\\u043a\\u0438\\u0439 \\u0431\\u0435\\u0437\\u044b\\u043c\\u044f\\u043d\\u043d\\u044b\\u0439 \\u043f\\u0435\\u0447\\u0430\\u0442\\u043d\\u0438\\u043a \\u0441\\u043e\\u0437\\u0434\\u0430\\u043b \\u0431\\u043e\\u043b\\u044c\\u0448\\u0443\\u044e \\u043a\\u043e\\u043b\\u043b\\u0435\\u043a\\u0446\\u0438\\u044e \\u0440\\u0430\\u0437\\u043c\\u0435\\u0440\\u043e\\u0432 \\u0438 \\u0444\\u043e\\u0440\\u043c \\u0448\\u0440\\u0438\\u0444\\u0442\\u043e\\u0432, \\u0438\\u0441\\u043f\\u043e\\u043b\\u044c\\u0437\\u0443\\u044f Lorem Ipsum \\u0434\\u043b\\u044f \\u0440\\u0430\\u0441\\u043f\\u0435\\u0447\\u0430\\u0442\\u043a\\u0438 \\u043e\\u0431\\u0440\\u0430\\u0437\\u0446\\u043e\\u0432. Lorem Ipsum \\u043d\\u0435 \\u0442\\u043e\\u043b\\u044c\\u043a\\u043e \\u0443\\u0441\\u043f\\u0435\\u0448\\u043d\\u043e \\u043f\\u0435\\u0440\\u0435\\u0436\\u0438\\u043b \\u0431\\u0435\\u0437 \\u0437\\u0430\\u043c\\u0435\\u0442\\u043d\\u044b\\u0445 \\u0438\\u0437\\u043c\\u0435\\u043d\\u0435\\u043d\\u0438\\u0439 \\u043f\\u044f\\u0442\\u044c \\u0432\\u0435\\u043a\\u043e\\u0432, \\u043d\\u043e \\u0438 \\u043f\\u0435\\u0440\\u0435\\u0448\\u0430\\u0433\\u043d\\u0443\\u043b \\u0432 \\u044d\\u043b\\u0435\\u043a\\u0442\\u0440\\u043e\\u043d\\u043d\\u044b\\u0439 \\u0434\\u0438\\u0437\\u0430\\u0439\\u043d.&nbsp;<\\/p>\"}}', '2016-07-01 06:17:52', '2016-07-01 06:17:52', 'cadb98da-7bce-4d40-baaa-da2aa5e79db3'),
 ('71', '73', '2', '1', 'ru', '2', '', '{\"typeId\":\"2\",\"authorId\":\"1\",\"title\":\"\\u041d\\u043e\\u0432\\u043e\\u0441\\u0442\\u044c \\u21166\",\"slug\":\"\\u043d\\u043e\\u0432\\u043e\\u0441\\u0442\\u044c-6\",\"postDate\":1467353640,\"expiryDate\":null,\"enabled\":1,\"parentId\":null,\"fields\":{\"10\":\"\",\"7\":\"\",\"17\":\"<p><strong>Lorem Ipsum<\\/strong>&nbsp;- \\u044d\\u0442\\u043e \\u0442\\u0435\\u043a\\u0441\\u0442-\\\"\\u0440\\u044b\\u0431\\u0430\\\", \\u0447\\u0430\\u0441\\u0442\\u043e \\u0438\\u0441\\u043f\\u043e\\u043b\\u044c\\u0437\\u0443\\u0435\\u043c\\u044b\\u0439 \\u0432 \\u043f\\u0435\\u0447\\u0430\\u0442\\u0438 \\u0438 \\u0432\\u044d\\u0431-\\u0434\\u0438\\u0437\\u0430\\u0439\\u043d\\u0435. Lorem Ipsum \\u044f\\u0432\\u043b\\u044f\\u0435\\u0442\\u0441\\u044f \\u0441\\u0442\\u0430\\u043d\\u0434\\u0430\\u0440\\u0442\\u043d\\u043e\\u0439 \\\"\\u0440\\u044b\\u0431\\u043e\\u0439\\\" \\u0434\\u043b\\u044f \\u0442\\u0435\\u043a\\u0441\\u0442\\u043e\\u0432 \\u043d\\u0430 \\u043b\\u0430\\u0442\\u0438\\u043d\\u0438\\u0446\\u0435 \\u0441 \\u043d\\u0430\\u0447\\u0430\\u043b\\u0430 XVI \\u0432\\u0435\\u043a\\u0430. \\u0412 \\u0442\\u043e \\u0432\\u0440\\u0435\\u043c\\u044f \\u043d\\u0435\\u043a\\u0438\\u0439 \\u0431\\u0435\\u0437\\u044b\\u043c\\u044f\\u043d\\u043d\\u044b\\u0439 \\u043f\\u0435\\u0447\\u0430\\u0442\\u043d\\u0438\\u043a \\u0441\\u043e\\u0437\\u0434\\u0430\\u043b \\u0431\\u043e\\u043b\\u044c\\u0448\\u0443\\u044e \\u043a\\u043e\\u043b\\u043b\\u0435\\u043a\\u0446\\u0438\\u044e \\u0440\\u0430\\u0437\\u043c\\u0435\\u0440\\u043e\\u0432 \\u0438 \\u0444\\u043e\\u0440\\u043c \\u0448\\u0440\\u0438\\u0444\\u0442\\u043e\\u0432, \\u0438\\u0441\\u043f\\u043e\\u043b\\u044c\\u0437\\u0443\\u044f Lorem Ipsum \\u0434\\u043b\\u044f \\u0440\\u0430\\u0441\\u043f\\u0435\\u0447\\u0430\\u0442\\u043a\\u0438 \\u043e\\u0431\\u0440\\u0430\\u0437\\u0446\\u043e\\u0432. Lorem Ipsum \\u043d\\u0435 \\u0442\\u043e\\u043b\\u044c\\u043a\\u043e \\u0443\\u0441\\u043f\\u0435\\u0448\\u043d\\u043e \\u043f\\u0435\\u0440\\u0435\\u0436\\u0438\\u043b \\u0431\\u0435\\u0437 \\u0437\\u0430\\u043c\\u0435\\u0442\\u043d\\u044b\\u0445 \\u0438\\u0437\\u043c\\u0435\\u043d\\u0435\\u043d\\u0438\\u0439 \\u043f\\u044f\\u0442\\u044c \\u0432\\u0435\\u043a\\u043e\\u0432, \\u043d\\u043e \\u0438 \\u043f\\u0435\\u0440\\u0435\\u0448\\u0430\\u0433\\u043d\\u0443\\u043b \\u0432 \\u044d\\u043b\\u0435\\u043a\\u0442\\u0440\\u043e\\u043d\\u043d\\u044b\\u0439 \\u0434\\u0438\\u0437\\u0430\\u0439\\u043d.&nbsp;<\\/p>\"}}', '2016-07-01 06:18:06', '2016-07-01 06:18:06', '8cf2cfa3-201f-48ff-8313-a61982e0a670'),
 ('72', '77', '2', '1', 'ru', '3', '', '{\"typeId\":\"2\",\"authorId\":\"1\",\"title\":\"\\u041d\\u043e\\u0432\\u043e\\u0441\\u0442\\u044c \\u211610\",\"slug\":\"\\u043d\\u043e\\u0432\\u043e\\u0441\\u0442\\u044c-10\",\"postDate\":1467353700,\"expiryDate\":null,\"enabled\":1,\"parentId\":null,\"fields\":{\"10\":[\"37\"],\"7\":\"\",\"17\":\"<p><strong>Lorem Ipsum<\\/strong>&nbsp;- \\u044d\\u0442\\u043e \\u0442\\u0435\\u043a\\u0441\\u0442-\\\"\\u0440\\u044b\\u0431\\u0430\\\", \\u0447\\u0430\\u0441\\u0442\\u043e \\u0438\\u0441\\u043f\\u043e\\u043b\\u044c\\u0437\\u0443\\u0435\\u043c\\u044b\\u0439 \\u0432 \\u043f\\u0435\\u0447\\u0430\\u0442\\u0438 \\u0438 \\u0432\\u044d\\u0431-\\u0434\\u0438\\u0437\\u0430\\u0439\\u043d\\u0435. Lorem Ipsum \\u044f\\u0432\\u043b\\u044f\\u0435\\u0442\\u0441\\u044f \\u0441\\u0442\\u0430\\u043d\\u0434\\u0430\\u0440\\u0442\\u043d\\u043e\\u0439 \\\"\\u0440\\u044b\\u0431\\u043e\\u0439\\\" \\u0434\\u043b\\u044f \\u0442\\u0435\\u043a\\u0441\\u0442\\u043e\\u0432 \\u043d\\u0430 \\u043b\\u0430\\u0442\\u0438\\u043d\\u0438\\u0446\\u0435 \\u0441 \\u043d\\u0430\\u0447\\u0430\\u043b\\u0430 XVI \\u0432\\u0435\\u043a\\u0430. \\u0412 \\u0442\\u043e \\u0432\\u0440\\u0435\\u043c\\u044f \\u043d\\u0435\\u043a\\u0438\\u0439 \\u0431\\u0435\\u0437\\u044b\\u043c\\u044f\\u043d\\u043d\\u044b\\u0439 \\u043f\\u0435\\u0447\\u0430\\u0442\\u043d\\u0438\\u043a \\u0441\\u043e\\u0437\\u0434\\u0430\\u043b \\u0431\\u043e\\u043b\\u044c\\u0448\\u0443\\u044e \\u043a\\u043e\\u043b\\u043b\\u0435\\u043a\\u0446\\u0438\\u044e \\u0440\\u0430\\u0437\\u043c\\u0435\\u0440\\u043e\\u0432 \\u0438 \\u0444\\u043e\\u0440\\u043c \\u0448\\u0440\\u0438\\u0444\\u0442\\u043e\\u0432, \\u0438\\u0441\\u043f\\u043e\\u043b\\u044c\\u0437\\u0443\\u044f Lorem Ipsum \\u0434\\u043b\\u044f \\u0440\\u0430\\u0441\\u043f\\u0435\\u0447\\u0430\\u0442\\u043a\\u0438 \\u043e\\u0431\\u0440\\u0430\\u0437\\u0446\\u043e\\u0432. Lorem Ipsum \\u043d\\u0435 \\u0442\\u043e\\u043b\\u044c\\u043a\\u043e \\u0443\\u0441\\u043f\\u0435\\u0448\\u043d\\u043e \\u043f\\u0435\\u0440\\u0435\\u0436\\u0438\\u043b \\u0431\\u0435\\u0437 \\u0437\\u0430\\u043c\\u0435\\u0442\\u043d\\u044b\\u0445 \\u0438\\u0437\\u043c\\u0435\\u043d\\u0435\\u043d\\u0438\\u0439 \\u043f\\u044f\\u0442\\u044c \\u0432\\u0435\\u043a\\u043e\\u0432, \\u043d\\u043e \\u0438 \\u043f\\u0435\\u0440\\u0435\\u0448\\u0430\\u0433\\u043d\\u0443\\u043b \\u0432 \\u044d\\u043b\\u0435\\u043a\\u0442\\u0440\\u043e\\u043d\\u043d\\u044b\\u0439 \\u0434\\u0438\\u0437\\u0430\\u0439\\u043d.&nbsp;<\\/p>\"}}', '2016-07-01 06:19:43', '2016-07-01 06:19:43', 'fa66c974-789f-4908-8fdd-c6870f7e2f76'),
 ('73', '79', '2', '1', 'ru', '3', '', '{\"typeId\":\"2\",\"authorId\":\"1\",\"title\":\"\\u041d\\u043e\\u0432\\u043e\\u0441\\u0442\\u044c \\u211612\",\"slug\":\"\\u043d\\u043e\\u0432\\u043e\\u0441\\u0442\\u044c-12\",\"postDate\":1467353700,\"expiryDate\":null,\"enabled\":1,\"parentId\":null,\"fields\":{\"10\":[\"38\"],\"7\":\"\",\"17\":\"<p><strong>Lorem Ipsum<\\/strong>&nbsp;- \\u044d\\u0442\\u043e \\u0442\\u0435\\u043a\\u0441\\u0442-\\\"\\u0440\\u044b\\u0431\\u0430\\\", \\u0447\\u0430\\u0441\\u0442\\u043e \\u0438\\u0441\\u043f\\u043e\\u043b\\u044c\\u0437\\u0443\\u0435\\u043c\\u044b\\u0439 \\u0432 \\u043f\\u0435\\u0447\\u0430\\u0442\\u0438 \\u0438 \\u0432\\u044d\\u0431-\\u0434\\u0438\\u0437\\u0430\\u0439\\u043d\\u0435. Lorem Ipsum \\u044f\\u0432\\u043b\\u044f\\u0435\\u0442\\u0441\\u044f \\u0441\\u0442\\u0430\\u043d\\u0434\\u0430\\u0440\\u0442\\u043d\\u043e\\u0439 \\\"\\u0440\\u044b\\u0431\\u043e\\u0439\\\" \\u0434\\u043b\\u044f \\u0442\\u0435\\u043a\\u0441\\u0442\\u043e\\u0432 \\u043d\\u0430 \\u043b\\u0430\\u0442\\u0438\\u043d\\u0438\\u0446\\u0435 \\u0441 \\u043d\\u0430\\u0447\\u0430\\u043b\\u0430 XVI \\u0432\\u0435\\u043a\\u0430. \\u0412 \\u0442\\u043e \\u0432\\u0440\\u0435\\u043c\\u044f \\u043d\\u0435\\u043a\\u0438\\u0439 \\u0431\\u0435\\u0437\\u044b\\u043c\\u044f\\u043d\\u043d\\u044b\\u0439 \\u043f\\u0435\\u0447\\u0430\\u0442\\u043d\\u0438\\u043a \\u0441\\u043e\\u0437\\u0434\\u0430\\u043b \\u0431\\u043e\\u043b\\u044c\\u0448\\u0443\\u044e \\u043a\\u043e\\u043b\\u043b\\u0435\\u043a\\u0446\\u0438\\u044e \\u0440\\u0430\\u0437\\u043c\\u0435\\u0440\\u043e\\u0432 \\u0438 \\u0444\\u043e\\u0440\\u043c \\u0448\\u0440\\u0438\\u0444\\u0442\\u043e\\u0432, \\u0438\\u0441\\u043f\\u043e\\u043b\\u044c\\u0437\\u0443\\u044f Lorem Ipsum \\u0434\\u043b\\u044f \\u0440\\u0430\\u0441\\u043f\\u0435\\u0447\\u0430\\u0442\\u043a\\u0438 \\u043e\\u0431\\u0440\\u0430\\u0437\\u0446\\u043e\\u0432. Lorem Ipsum \\u043d\\u0435 \\u0442\\u043e\\u043b\\u044c\\u043a\\u043e \\u0443\\u0441\\u043f\\u0435\\u0448\\u043d\\u043e \\u043f\\u0435\\u0440\\u0435\\u0436\\u0438\\u043b \\u0431\\u0435\\u0437 \\u0437\\u0430\\u043c\\u0435\\u0442\\u043d\\u044b\\u0445 \\u0438\\u0437\\u043c\\u0435\\u043d\\u0435\\u043d\\u0438\\u0439 \\u043f\\u044f\\u0442\\u044c \\u0432\\u0435\\u043a\\u043e\\u0432, \\u043d\\u043e \\u0438 \\u043f\\u0435\\u0440\\u0435\\u0448\\u0430\\u0433\\u043d\\u0443\\u043b \\u0432 \\u044d\\u043b\\u0435\\u043a\\u0442\\u0440\\u043e\\u043d\\u043d\\u044b\\u0439 \\u0434\\u0438\\u0437\\u0430\\u0439\\u043d.&nbsp;<\\/p>\"}}', '2016-07-01 06:40:24', '2016-07-01 06:40:24', '60c79067-fe3d-4ad3-84e9-c86d1fa5ca39'),
 ('74', '74', '2', '1', 'ru', '3', '', '{\"typeId\":\"2\",\"authorId\":\"1\",\"title\":\"\\u041d\\u043e\\u0432\\u043e\\u0441\\u0442\\u044c \\u21167\",\"slug\":\"\\u043d\\u043e\\u0432\\u043e\\u0441\\u0442\\u044c-7\",\"postDate\":1467353700,\"expiryDate\":null,\"enabled\":1,\"parentId\":null,\"fields\":{\"10\":[\"35\"],\"7\":\"\",\"17\":\"<p><strong>Lorem Ipsum<\\/strong>&nbsp;- \\u044d\\u0442\\u043e \\u0442\\u0435\\u043a\\u0441\\u0442-\\\"\\u0440\\u044b\\u0431\\u0430\\\", \\u0447\\u0430\\u0441\\u0442\\u043e \\u0438\\u0441\\u043f\\u043e\\u043b\\u044c\\u0437\\u0443\\u0435\\u043c\\u044b\\u0439 \\u0432 \\u043f\\u0435\\u0447\\u0430\\u0442\\u0438 \\u0438 \\u0432\\u044d\\u0431-\\u0434\\u0438\\u0437\\u0430\\u0439\\u043d\\u0435. Lorem Ipsum \\u044f\\u0432\\u043b\\u044f\\u0435\\u0442\\u0441\\u044f \\u0441\\u0442\\u0430\\u043d\\u0434\\u0430\\u0440\\u0442\\u043d\\u043e\\u0439 \\\"\\u0440\\u044b\\u0431\\u043e\\u0439\\\" \\u0434\\u043b\\u044f \\u0442\\u0435\\u043a\\u0441\\u0442\\u043e\\u0432 \\u043d\\u0430 \\u043b\\u0430\\u0442\\u0438\\u043d\\u0438\\u0446\\u0435 \\u0441 \\u043d\\u0430\\u0447\\u0430\\u043b\\u0430 XVI \\u0432\\u0435\\u043a\\u0430. \\u0412 \\u0442\\u043e \\u0432\\u0440\\u0435\\u043c\\u044f \\u043d\\u0435\\u043a\\u0438\\u0439 \\u0431\\u0435\\u0437\\u044b\\u043c\\u044f\\u043d\\u043d\\u044b\\u0439 \\u043f\\u0435\\u0447\\u0430\\u0442\\u043d\\u0438\\u043a \\u0441\\u043e\\u0437\\u0434\\u0430\\u043b \\u0431\\u043e\\u043b\\u044c\\u0448\\u0443\\u044e \\u043a\\u043e\\u043b\\u043b\\u0435\\u043a\\u0446\\u0438\\u044e \\u0440\\u0430\\u0437\\u043c\\u0435\\u0440\\u043e\\u0432 \\u0438 \\u0444\\u043e\\u0440\\u043c \\u0448\\u0440\\u0438\\u0444\\u0442\\u043e\\u0432, \\u0438\\u0441\\u043f\\u043e\\u043b\\u044c\\u0437\\u0443\\u044f Lorem Ipsum \\u0434\\u043b\\u044f \\u0440\\u0430\\u0441\\u043f\\u0435\\u0447\\u0430\\u0442\\u043a\\u0438 \\u043e\\u0431\\u0440\\u0430\\u0437\\u0446\\u043e\\u0432. Lorem Ipsum \\u043d\\u0435 \\u0442\\u043e\\u043b\\u044c\\u043a\\u043e \\u0443\\u0441\\u043f\\u0435\\u0448\\u043d\\u043e \\u043f\\u0435\\u0440\\u0435\\u0436\\u0438\\u043b \\u0431\\u0435\\u0437 \\u0437\\u0430\\u043c\\u0435\\u0442\\u043d\\u044b\\u0445 \\u0438\\u0437\\u043c\\u0435\\u043d\\u0435\\u043d\\u0438\\u0439 \\u043f\\u044f\\u0442\\u044c \\u0432\\u0435\\u043a\\u043e\\u0432, \\u043d\\u043e \\u0438 \\u043f\\u0435\\u0440\\u0435\\u0448\\u0430\\u0433\\u043d\\u0443\\u043b \\u0432 \\u044d\\u043b\\u0435\\u043a\\u0442\\u0440\\u043e\\u043d\\u043d\\u044b\\u0439 \\u0434\\u0438\\u0437\\u0430\\u0439\\u043d.&nbsp;<\\/p>\"}}', '2016-07-01 06:40:35', '2016-07-01 06:40:35', '35a0fd54-f6e3-412d-acf2-24bf03c9f8d5'),
 ('75', '75', '2', '1', 'ru', '3', '', '{\"typeId\":\"2\",\"authorId\":\"1\",\"title\":\"\\u041d\\u043e\\u0432\\u043e\\u0441\\u0442\\u044c \\u21168\",\"slug\":\"\\u043d\\u043e\\u0432\\u043e\\u0441\\u0442\\u044c-8\",\"postDate\":1467353700,\"expiryDate\":null,\"enabled\":1,\"parentId\":null,\"fields\":{\"10\":[\"27\"],\"7\":\"\",\"17\":\"<p><strong>Lorem Ipsum<\\/strong>&nbsp;- \\u044d\\u0442\\u043e \\u0442\\u0435\\u043a\\u0441\\u0442-\\\"\\u0440\\u044b\\u0431\\u0430\\\", \\u0447\\u0430\\u0441\\u0442\\u043e \\u0438\\u0441\\u043f\\u043e\\u043b\\u044c\\u0437\\u0443\\u0435\\u043c\\u044b\\u0439 \\u0432 \\u043f\\u0435\\u0447\\u0430\\u0442\\u0438 \\u0438 \\u0432\\u044d\\u0431-\\u0434\\u0438\\u0437\\u0430\\u0439\\u043d\\u0435. Lorem Ipsum \\u044f\\u0432\\u043b\\u044f\\u0435\\u0442\\u0441\\u044f \\u0441\\u0442\\u0430\\u043d\\u0434\\u0430\\u0440\\u0442\\u043d\\u043e\\u0439 \\\"\\u0440\\u044b\\u0431\\u043e\\u0439\\\" \\u0434\\u043b\\u044f \\u0442\\u0435\\u043a\\u0441\\u0442\\u043e\\u0432 \\u043d\\u0430 \\u043b\\u0430\\u0442\\u0438\\u043d\\u0438\\u0446\\u0435 \\u0441 \\u043d\\u0430\\u0447\\u0430\\u043b\\u0430 XVI \\u0432\\u0435\\u043a\\u0430. \\u0412 \\u0442\\u043e \\u0432\\u0440\\u0435\\u043c\\u044f \\u043d\\u0435\\u043a\\u0438\\u0439 \\u0431\\u0435\\u0437\\u044b\\u043c\\u044f\\u043d\\u043d\\u044b\\u0439 \\u043f\\u0435\\u0447\\u0430\\u0442\\u043d\\u0438\\u043a \\u0441\\u043e\\u0437\\u0434\\u0430\\u043b \\u0431\\u043e\\u043b\\u044c\\u0448\\u0443\\u044e \\u043a\\u043e\\u043b\\u043b\\u0435\\u043a\\u0446\\u0438\\u044e \\u0440\\u0430\\u0437\\u043c\\u0435\\u0440\\u043e\\u0432 \\u0438 \\u0444\\u043e\\u0440\\u043c \\u0448\\u0440\\u0438\\u0444\\u0442\\u043e\\u0432, \\u0438\\u0441\\u043f\\u043e\\u043b\\u044c\\u0437\\u0443\\u044f Lorem Ipsum \\u0434\\u043b\\u044f \\u0440\\u0430\\u0441\\u043f\\u0435\\u0447\\u0430\\u0442\\u043a\\u0438 \\u043e\\u0431\\u0440\\u0430\\u0437\\u0446\\u043e\\u0432. Lorem Ipsum \\u043d\\u0435 \\u0442\\u043e\\u043b\\u044c\\u043a\\u043e \\u0443\\u0441\\u043f\\u0435\\u0448\\u043d\\u043e \\u043f\\u0435\\u0440\\u0435\\u0436\\u0438\\u043b \\u0431\\u0435\\u0437 \\u0437\\u0430\\u043c\\u0435\\u0442\\u043d\\u044b\\u0445 \\u0438\\u0437\\u043c\\u0435\\u043d\\u0435\\u043d\\u0438\\u0439 \\u043f\\u044f\\u0442\\u044c \\u0432\\u0435\\u043a\\u043e\\u0432, \\u043d\\u043e \\u0438 \\u043f\\u0435\\u0440\\u0435\\u0448\\u0430\\u0433\\u043d\\u0443\\u043b \\u0432 \\u044d\\u043b\\u0435\\u043a\\u0442\\u0440\\u043e\\u043d\\u043d\\u044b\\u0439 \\u0434\\u0438\\u0437\\u0430\\u0439\\u043d.&nbsp;<\\/p>\"}}', '2016-07-01 06:49:49', '2016-07-01 06:49:49', '2620b379-d491-41d0-8a5e-383570d7de69'),
 ('76', '76', '2', '1', 'ru', '3', '', '{\"typeId\":\"2\",\"authorId\":\"1\",\"title\":\"\\u041d\\u043e\\u0432\\u043e\\u0441\\u0442\\u044c \\u21169\",\"slug\":\"\\u043d\\u043e\\u0432\\u043e\\u0441\\u0442\\u044c-9\",\"postDate\":1467353700,\"expiryDate\":null,\"enabled\":1,\"parentId\":null,\"fields\":{\"10\":\"\",\"7\":\"\",\"17\":\"<p><strong>Lorem Ipsum<\\/strong>&nbsp;- \\u044d\\u0442\\u043e \\u0442\\u0435\\u043a\\u0441\\u0442-\\\"\\u0440\\u044b\\u0431\\u0430\\\", \\u0447\\u0430\\u0441\\u0442\\u043e \\u0438\\u0441\\u043f\\u043e\\u043b\\u044c\\u0437\\u0443\\u0435\\u043c\\u044b\\u0439 \\u0432 \\u043f\\u0435\\u0447\\u0430\\u0442\\u0438 \\u0438 \\u0432\\u044d\\u0431-\\u0434\\u0438\\u0437\\u0430\\u0439\\u043d\\u0435. Lorem Ipsum \\u044f\\u0432\\u043b\\u044f\\u0435\\u0442\\u0441\\u044f \\u0441\\u0442\\u0430\\u043d\\u0434\\u0430\\u0440\\u0442\\u043d\\u043e\\u0439 \\\"\\u0440\\u044b\\u0431\\u043e\\u0439\\\" \\u0434\\u043b\\u044f \\u0442\\u0435\\u043a\\u0441\\u0442\\u043e\\u0432 \\u043d\\u0430 \\u043b\\u0430\\u0442\\u0438\\u043d\\u0438\\u0446\\u0435 \\u0441 \\u043d\\u0430\\u0447\\u0430\\u043b\\u0430 XVI \\u0432\\u0435\\u043a\\u0430. \\u0412 \\u0442\\u043e \\u0432\\u0440\\u0435\\u043c\\u044f \\u043d\\u0435\\u043a\\u0438\\u0439 \\u0431\\u0435\\u0437\\u044b\\u043c\\u044f\\u043d\\u043d\\u044b\\u0439 \\u043f\\u0435\\u0447\\u0430\\u0442\\u043d\\u0438\\u043a \\u0441\\u043e\\u0437\\u0434\\u0430\\u043b \\u0431\\u043e\\u043b\\u044c\\u0448\\u0443\\u044e \\u043a\\u043e\\u043b\\u043b\\u0435\\u043a\\u0446\\u0438\\u044e \\u0440\\u0430\\u0437\\u043c\\u0435\\u0440\\u043e\\u0432 \\u0438 \\u0444\\u043e\\u0440\\u043c \\u0448\\u0440\\u0438\\u0444\\u0442\\u043e\\u0432, \\u0438\\u0441\\u043f\\u043e\\u043b\\u044c\\u0437\\u0443\\u044f Lorem Ipsum \\u0434\\u043b\\u044f \\u0440\\u0430\\u0441\\u043f\\u0435\\u0447\\u0430\\u0442\\u043a\\u0438 \\u043e\\u0431\\u0440\\u0430\\u0437\\u0446\\u043e\\u0432. Lorem Ipsum \\u043d\\u0435 \\u0442\\u043e\\u043b\\u044c\\u043a\\u043e \\u0443\\u0441\\u043f\\u0435\\u0448\\u043d\\u043e \\u043f\\u0435\\u0440\\u0435\\u0436\\u0438\\u043b \\u0431\\u0435\\u0437 \\u0437\\u0430\\u043c\\u0435\\u0442\\u043d\\u044b\\u0445 \\u0438\\u0437\\u043c\\u0435\\u043d\\u0435\\u043d\\u0438\\u0439 \\u043f\\u044f\\u0442\\u044c \\u0432\\u0435\\u043a\\u043e\\u0432, \\u043d\\u043e \\u0438 \\u043f\\u0435\\u0440\\u0435\\u0448\\u0430\\u0433\\u043d\\u0443\\u043b \\u0432 \\u044d\\u043b\\u0435\\u043a\\u0442\\u0440\\u043e\\u043d\\u043d\\u044b\\u0439 \\u0434\\u0438\\u0437\\u0430\\u0439\\u043d.&nbsp;Lorem Ipsum \\u043d\\u0435 \\u0442\\u043e\\u043b\\u044c\\u043a\\u043e \\u0443\\u0441\\u043f\\u0435\\u0448\\u043d\\u043e \\u043f\\u0435\\u0440\\u0435\\u0436\\u0438\\u043b \\u0431\\u0435\\u0437 \\u0437\\u0430\\u043c\\u0435\\u0442\\u043d\\u044b\\u0445 \\u0438\\u0437\\u043c\\u0435\\u043d\\u0435\\u043d\\u0438\\u0439 \\u043f\\u044f\\u0442\\u044c \\u0432\\u0435\\u043a\\u043e\\u0432, \\u043d\\u043e \\u0438 \\u043f\\u0435\\u0440\\u0435\\u0448\\u0430\\u0433\\u043d\\u0443\\u043b \\u0432 \\u044d\\u043b\\u0435\\u043a\\u0442\\u0440\\u043e\\u043d\\u043d\\u044b\\u0439 \\u0434\\u0438\\u0437\\u0430\\u0439\\u043d.&nbsp;<\\/p>\"}}', '2016-07-01 06:52:21', '2016-07-01 06:52:21', 'e4049ed2-3875-4593-9dfb-7e6041c2dd3d'),
 ('77', '75', '2', '1', 'ru', '4', '', '{\"typeId\":\"2\",\"authorId\":\"1\",\"title\":\"\\u041d\\u043e\\u0432\\u043e\\u0441\\u0442\\u044c \\u21168\",\"slug\":\"\\u043d\\u043e\\u0432\\u043e\\u0441\\u0442\\u044c-8\",\"postDate\":1467353700,\"expiryDate\":null,\"enabled\":1,\"parentId\":null,\"fields\":{\"10\":\"\",\"7\":\"\",\"17\":\"<p><strong>Lorem Ipsum<\\/strong>&nbsp;- \\u044d\\u0442\\u043e \\u0442\\u0435\\u043a\\u0441\\u0442-\\\"\\u0440\\u044b\\u0431\\u0430\\\", \\u0447\\u0430\\u0441\\u0442\\u043e \\u0438\\u0441\\u043f\\u043e\\u043b\\u044c\\u0437\\u0443\\u0435\\u043c\\u044b\\u0439 \\u0432 \\u043f\\u0435\\u0447\\u0430\\u0442\\u0438 \\u0438 \\u0432\\u044d\\u0431-\\u0434\\u0438\\u0437\\u0430\\u0439\\u043d\\u0435. Lorem Ipsum \\u044f\\u0432\\u043b\\u044f\\u0435\\u0442\\u0441\\u044f \\u0441\\u0442\\u0430\\u043d\\u0434\\u0430\\u0440\\u0442\\u043d\\u043e\\u0439 \\\"\\u0440\\u044b\\u0431\\u043e\\u0439\\\" \\u0434\\u043b\\u044f \\u0442\\u0435\\u043a\\u0441\\u0442\\u043e\\u0432 \\u043d\\u0430 \\u043b\\u0430\\u0442\\u0438\\u043d\\u0438\\u0446\\u0435 \\u0441 \\u043d\\u0430\\u0447\\u0430\\u043b\\u0430 XVI \\u0432\\u0435\\u043a\\u0430. \\u0412 \\u0442\\u043e \\u0432\\u0440\\u0435\\u043c\\u044f \\u043d\\u0435\\u043a\\u0438\\u0439 \\u0431\\u0435\\u0437\\u044b\\u043c\\u044f\\u043d\\u043d\\u044b\\u0439 \\u043f\\u0435\\u0447\\u0430\\u0442\\u043d\\u0438\\u043a \\u0441\\u043e\\u0437\\u0434\\u0430\\u043b \\u0431\\u043e\\u043b\\u044c\\u0448\\u0443\\u044e \\u043a\\u043e\\u043b\\u043b\\u0435\\u043a\\u0446\\u0438\\u044e \\u0440\\u0430\\u0437\\u043c\\u0435\\u0440\\u043e\\u0432 \\u0438 \\u0444\\u043e\\u0440\\u043c \\u0448\\u0440\\u0438\\u0444\\u0442\\u043e\\u0432, \\u0438\\u0441\\u043f\\u043e\\u043b\\u044c\\u0437\\u0443\\u044f Lorem Ipsum \\u0434\\u043b\\u044f \\u0440\\u0430\\u0441\\u043f\\u0435\\u0447\\u0430\\u0442\\u043a\\u0438 \\u043e\\u0431\\u0440\\u0430\\u0437\\u0446\\u043e\\u0432. Lorem Ipsum \\u043d\\u0435 \\u0442\\u043e\\u043b\\u044c\\u043a\\u043e \\u0443\\u0441\\u043f\\u0435\\u0448\\u043d\\u043e \\u043f\\u0435\\u0440\\u0435\\u0436\\u0438\\u043b \\u0431\\u0435\\u0437 \\u0437\\u0430\\u043c\\u0435\\u0442\\u043d\\u044b\\u0445 \\u0438\\u0437\\u043c\\u0435\\u043d\\u0435\\u043d\\u0438\\u0439 \\u043f\\u044f\\u0442\\u044c \\u0432\\u0435\\u043a\\u043e\\u0432, \\u043d\\u043e \\u0438 \\u043f\\u0435\\u0440\\u0435\\u0448\\u0430\\u0433\\u043d\\u0443\\u043b \\u0432 \\u044d\\u043b\\u0435\\u043a\\u0442\\u0440\\u043e\\u043d\\u043d\\u044b\\u0439 \\u0434\\u0438\\u0437\\u0430\\u0439\\u043d.&nbsp;<\\/p>\"}}', '2016-07-01 06:57:11', '2016-07-01 06:57:11', '517b06e6-8032-4992-879b-15883984c212'),
 ('78', '75', '2', '1', 'ru', '5', '', '{\"typeId\":\"2\",\"authorId\":\"1\",\"title\":\"\\u041d\\u043e\\u0432\\u043e\\u0441\\u0442\\u044c \\u21168\",\"slug\":\"\\u043d\\u043e\\u0432\\u043e\\u0441\\u0442\\u044c-8\",\"postDate\":1467353700,\"expiryDate\":null,\"enabled\":1,\"parentId\":null,\"fields\":{\"10\":[\"28\"],\"7\":\"\",\"17\":\"<p><strong>Lorem Ipsum<\\/strong>&nbsp;- \\u044d\\u0442\\u043e \\u0442\\u0435\\u043a\\u0441\\u0442-\\\"\\u0440\\u044b\\u0431\\u0430\\\", \\u0447\\u0430\\u0441\\u0442\\u043e \\u0438\\u0441\\u043f\\u043e\\u043b\\u044c\\u0437\\u0443\\u0435\\u043c\\u044b\\u0439 \\u0432 \\u043f\\u0435\\u0447\\u0430\\u0442\\u0438 \\u0438 \\u0432\\u044d\\u0431-\\u0434\\u0438\\u0437\\u0430\\u0439\\u043d\\u0435. Lorem Ipsum \\u044f\\u0432\\u043b\\u044f\\u0435\\u0442\\u0441\\u044f \\u0441\\u0442\\u0430\\u043d\\u0434\\u0430\\u0440\\u0442\\u043d\\u043e\\u0439 \\\"\\u0440\\u044b\\u0431\\u043e\\u0439\\\" \\u0434\\u043b\\u044f \\u0442\\u0435\\u043a\\u0441\\u0442\\u043e\\u0432 \\u043d\\u0430 \\u043b\\u0430\\u0442\\u0438\\u043d\\u0438\\u0446\\u0435 \\u0441 \\u043d\\u0430\\u0447\\u0430\\u043b\\u0430 XVI \\u0432\\u0435\\u043a\\u0430. \\u0412 \\u0442\\u043e \\u0432\\u0440\\u0435\\u043c\\u044f \\u043d\\u0435\\u043a\\u0438\\u0439 \\u0431\\u0435\\u0437\\u044b\\u043c\\u044f\\u043d\\u043d\\u044b\\u0439 \\u043f\\u0435\\u0447\\u0430\\u0442\\u043d\\u0438\\u043a \\u0441\\u043e\\u0437\\u0434\\u0430\\u043b \\u0431\\u043e\\u043b\\u044c\\u0448\\u0443\\u044e \\u043a\\u043e\\u043b\\u043b\\u0435\\u043a\\u0446\\u0438\\u044e \\u0440\\u0430\\u0437\\u043c\\u0435\\u0440\\u043e\\u0432 \\u0438 \\u0444\\u043e\\u0440\\u043c \\u0448\\u0440\\u0438\\u0444\\u0442\\u043e\\u0432, \\u0438\\u0441\\u043f\\u043e\\u043b\\u044c\\u0437\\u0443\\u044f Lorem Ipsum \\u0434\\u043b\\u044f \\u0440\\u0430\\u0441\\u043f\\u0435\\u0447\\u0430\\u0442\\u043a\\u0438 \\u043e\\u0431\\u0440\\u0430\\u0437\\u0446\\u043e\\u0432. Lorem Ipsum \\u043d\\u0435 \\u0442\\u043e\\u043b\\u044c\\u043a\\u043e \\u0443\\u0441\\u043f\\u0435\\u0448\\u043d\\u043e \\u043f\\u0435\\u0440\\u0435\\u0436\\u0438\\u043b \\u0431\\u0435\\u0437 \\u0437\\u0430\\u043c\\u0435\\u0442\\u043d\\u044b\\u0445 \\u0438\\u0437\\u043c\\u0435\\u043d\\u0435\\u043d\\u0438\\u0439 \\u043f\\u044f\\u0442\\u044c \\u0432\\u0435\\u043a\\u043e\\u0432, \\u043d\\u043e \\u0438 \\u043f\\u0435\\u0440\\u0435\\u0448\\u0430\\u0433\\u043d\\u0443\\u043b \\u0432 \\u044d\\u043b\\u0435\\u043a\\u0442\\u0440\\u043e\\u043d\\u043d\\u044b\\u0439 \\u0434\\u0438\\u0437\\u0430\\u0439\\u043d.&nbsp;<\\/p>\"}}', '2016-07-01 06:57:26', '2016-07-01 06:57:26', '743711df-9cea-4e65-b4ca-58c79691202e'),
 ('79', '74', '2', '1', 'ru', '4', '', '{\"typeId\":\"2\",\"authorId\":\"1\",\"title\":\"\\u041d\\u043e\\u0432\\u043e\\u0441\\u0442\\u044c \\u21167\",\"slug\":\"\\u043d\\u043e\\u0432\\u043e\\u0441\\u0442\\u044c-7\",\"postDate\":1467353700,\"expiryDate\":null,\"enabled\":1,\"parentId\":null,\"fields\":{\"10\":[\"35\"],\"7\":{\"new1\":{\"type\":\"text\",\"enabled\":\"1\",\"fields\":{\"text\":\"<p><strong>Lorem Ipsum&nbsp;<\\/strong>- \\u044d\\u0442\\u043e \\u0442\\u0435\\u043a\\u0441\\u0442-\\\"\\u0440\\u044b\\u0431\\u0430\\\", \\u0447\\u0430\\u0441\\u0442\\u043e \\u0438\\u0441\\u043f\\u043e\\u043b\\u044c\\u0437\\u0443\\u0435\\u043c\\u044b\\u0439 \\u0432 \\u043f\\u0435\\u0447\\u0430\\u0442\\u0438 \\u0438 \\u0432\\u044d\\u0431-\\u0434\\u0438\\u0437\\u0430\\u0439\\u043d\\u0435. Lorem Ipsum \\u044f\\u0432\\u043b\\u044f\\u0435\\u0442\\u0441\\u044f \\u0441\\u0442\\u0430\\u043d\\u0434\\u0430\\u0440\\u0442\\u043d\\u043e\\u0439 \\\"\\u0440\\u044b\\u0431\\u043e\\u0439\\\" \\u0434\\u043b\\u044f \\u0442\\u0435\\u043a\\u0441\\u0442\\u043e\\u0432 \\u043d\\u0430 \\u043b\\u0430\\u0442\\u0438\\u043d\\u0438\\u0446\\u0435 \\u0441 \\u043d\\u0430\\u0447\\u0430\\u043b\\u0430 XVI \\u0432\\u0435\\u043a\\u0430. \\u0412 \\u0442\\u043e \\u0432\\u0440\\u0435\\u043c\\u044f \\u043d\\u0435\\u043a\\u0438\\u0439 \\u0431\\u0435\\u0437\\u044b\\u043c\\u044f\\u043d\\u043d\\u044b\\u0439 \\u043f\\u0435\\u0447\\u0430\\u0442\\u043d\\u0438\\u043a \\u0441\\u043e\\u0437\\u0434\\u0430\\u043b \\u0431\\u043e\\u043b\\u044c\\u0448\\u0443\\u044e \\u043a\\u043e\\u043b\\u043b\\u0435\\u043a\\u0446\\u0438\\u044e \\u0440\\u0430\\u0437\\u043c\\u0435\\u0440\\u043e\\u0432 \\u0438 \\u0444\\u043e\\u0440\\u043c \\u0448\\u0440\\u0438\\u0444\\u0442\\u043e\\u0432, \\u0438\\u0441\\u043f\\u043e\\u043b\\u044c\\u0437\\u0443\\u044f Lorem Ipsum \\u0434\\u043b\\u044f \\u0440\\u0430\\u0441\\u043f\\u0435\\u0447\\u0430\\u0442\\u043a\\u0438 \\u043e\\u0431\\u0440\\u0430\\u0437\\u0446\\u043e\\u0432. Lorem Ipsum \\u043d\\u0435 \\u0442\\u043e\\u043b\\u044c\\u043a\\u043e \\u0443\\u0441\\u043f\\u0435\\u0448\\u043d\\u043e \\u043f\\u0435\\u0440\\u0435\\u0436\\u0438\\u043b \\u0431\\u0435\\u0437 \\u0437\\u0430\\u043c\\u0435\\u0442\\u043d\\u044b\\u0445 \\u0438\\u0437\\u043c\\u0435\\u043d\\u0435\\u043d\\u0438\\u0439 \\u043f\\u044f\\u0442\\u044c \\u0432\\u0435\\u043a\\u043e\\u0432, \\u043d\\u043e \\u0438 \\u043f\\u0435\\u0440\\u0435\\u0448\\u0430\\u0433\\u043d\\u0443\\u043b \\u0432 \\u044d\\u043b\\u0435\\u043a\\u0442\\u0440\\u043e\\u043d\\u043d\\u044b\\u0439 \\u0434\\u0438\\u0437\\u0430\\u0439\\u043d.&nbsp;<\\/p>\"}},\"new2\":{\"type\":\"gallery\",\"enabled\":\"1\",\"fields\":{\"gallery\":[\"26\",\"30\",\"35\",\"34\"]}}},\"17\":\"<p><strong>Lorem Ipsum<\\/strong>&nbsp;- \\u044d\\u0442\\u043e \\u0442\\u0435\\u043a\\u0441\\u0442-\\\"\\u0440\\u044b\\u0431\\u0430\\\", \\u0447\\u0430\\u0441\\u0442\\u043e \\u0438\\u0441\\u043f\\u043e\\u043b\\u044c\\u0437\\u0443\\u0435\\u043c\\u044b\\u0439 \\u0432 \\u043f\\u0435\\u0447\\u0430\\u0442\\u0438 \\u0438 \\u0432\\u044d\\u0431-\\u0434\\u0438\\u0437\\u0430\\u0439\\u043d\\u0435. Lorem Ipsum \\u044f\\u0432\\u043b\\u044f\\u0435\\u0442\\u0441\\u044f \\u0441\\u0442\\u0430\\u043d\\u0434\\u0430\\u0440\\u0442\\u043d\\u043e\\u0439 \\\"\\u0440\\u044b\\u0431\\u043e\\u0439\\\" \\u0434\\u043b\\u044f \\u0442\\u0435\\u043a\\u0441\\u0442\\u043e\\u0432 \\u043d\\u0430 \\u043b\\u0430\\u0442\\u0438\\u043d\\u0438\\u0446\\u0435 \\u0441 \\u043d\\u0430\\u0447\\u0430\\u043b\\u0430 XVI \\u0432\\u0435\\u043a\\u0430. \\u0412 \\u0442\\u043e \\u0432\\u0440\\u0435\\u043c\\u044f \\u043d\\u0435\\u043a\\u0438\\u0439 \\u0431\\u0435\\u0437\\u044b\\u043c\\u044f\\u043d\\u043d\\u044b\\u0439 \\u043f\\u0435\\u0447\\u0430\\u0442\\u043d\\u0438\\u043a \\u0441\\u043e\\u0437\\u0434\\u0430\\u043b \\u0431\\u043e\\u043b\\u044c\\u0448\\u0443\\u044e \\u043a\\u043e\\u043b\\u043b\\u0435\\u043a\\u0446\\u0438\\u044e \\u0440\\u0430\\u0437\\u043c\\u0435\\u0440\\u043e\\u0432 \\u0438 \\u0444\\u043e\\u0440\\u043c \\u0448\\u0440\\u0438\\u0444\\u0442\\u043e\\u0432, \\u0438\\u0441\\u043f\\u043e\\u043b\\u044c\\u0437\\u0443\\u044f Lorem Ipsum \\u0434\\u043b\\u044f \\u0440\\u0430\\u0441\\u043f\\u0435\\u0447\\u0430\\u0442\\u043a\\u0438 \\u043e\\u0431\\u0440\\u0430\\u0437\\u0446\\u043e\\u0432. Lorem Ipsum \\u043d\\u0435 \\u0442\\u043e\\u043b\\u044c\\u043a\\u043e \\u0443\\u0441\\u043f\\u0435\\u0448\\u043d\\u043e \\u043f\\u0435\\u0440\\u0435\\u0436\\u0438\\u043b \\u0431\\u0435\\u0437 \\u0437\\u0430\\u043c\\u0435\\u0442\\u043d\\u044b\\u0445 \\u0438\\u0437\\u043c\\u0435\\u043d\\u0435\\u043d\\u0438\\u0439 \\u043f\\u044f\\u0442\\u044c \\u0432\\u0435\\u043a\\u043e\\u0432, \\u043d\\u043e \\u0438 \\u043f\\u0435\\u0440\\u0435\\u0448\\u0430\\u0433\\u043d\\u0443\\u043b \\u0432 \\u044d\\u043b\\u0435\\u043a\\u0442\\u0440\\u043e\\u043d\\u043d\\u044b\\u0439 \\u0434\\u0438\\u0437\\u0430\\u0439\\u043d.&nbsp;<\\/p>\"}}', '2016-07-01 06:59:01', '2016-07-01 06:59:01', '2510c9be-72df-4b7a-93e7-f16e72fe8b96'),
 ('80', '74', '2', '1', 'ru', '5', '', '{\"typeId\":\"2\",\"authorId\":\"1\",\"title\":\"\\u041d\\u043e\\u0432\\u043e\\u0441\\u0442\\u044c \\u21167\",\"slug\":\"\\u043d\\u043e\\u0432\\u043e\\u0441\\u0442\\u044c-7\",\"postDate\":1467353700,\"expiryDate\":null,\"enabled\":1,\"parentId\":null,\"fields\":{\"10\":[\"35\"],\"7\":{\"80\":{\"type\":\"text\",\"enabled\":\"1\",\"fields\":{\"text\":\"<p><strong>Lorem Ipsum&nbsp;<\\/strong>- \\u044d\\u0442\\u043e \\u0442\\u0435\\u043a\\u0441\\u0442-\\\"\\u0440\\u044b\\u0431\\u0430\\\", \\u0447\\u0430\\u0441\\u0442\\u043e \\u0438\\u0441\\u043f\\u043e\\u043b\\u044c\\u0437\\u0443\\u0435\\u043c\\u044b\\u0439 \\u0432 \\u043f\\u0435\\u0447\\u0430\\u0442\\u0438 \\u0438 \\u0432\\u044d\\u0431-\\u0434\\u0438\\u0437\\u0430\\u0439\\u043d\\u0435. Lorem Ipsum \\u044f\\u0432\\u043b\\u044f\\u0435\\u0442\\u0441\\u044f \\u0441\\u0442\\u0430\\u043d\\u0434\\u0430\\u0440\\u0442\\u043d\\u043e\\u0439 \\\"\\u0440\\u044b\\u0431\\u043e\\u0439\\\" \\u0434\\u043b\\u044f \\u0442\\u0435\\u043a\\u0441\\u0442\\u043e\\u0432 \\u043d\\u0430 \\u043b\\u0430\\u0442\\u0438\\u043d\\u0438\\u0446\\u0435 \\u0441 \\u043d\\u0430\\u0447\\u0430\\u043b\\u0430 XVI \\u0432\\u0435\\u043a\\u0430. \\u0412 \\u0442\\u043e \\u0432\\u0440\\u0435\\u043c\\u044f \\u043d\\u0435\\u043a\\u0438\\u0439 \\u0431\\u0435\\u0437\\u044b\\u043c\\u044f\\u043d\\u043d\\u044b\\u0439 \\u043f\\u0435\\u0447\\u0430\\u0442\\u043d\\u0438\\u043a \\u0441\\u043e\\u0437\\u0434\\u0430\\u043b \\u0431\\u043e\\u043b\\u044c\\u0448\\u0443\\u044e \\u043a\\u043e\\u043b\\u043b\\u0435\\u043a\\u0446\\u0438\\u044e \\u0440\\u0430\\u0437\\u043c\\u0435\\u0440\\u043e\\u0432 \\u0438 \\u0444\\u043e\\u0440\\u043c \\u0448\\u0440\\u0438\\u0444\\u0442\\u043e\\u0432, \\u0438\\u0441\\u043f\\u043e\\u043b\\u044c\\u0437\\u0443\\u044f Lorem Ipsum \\u0434\\u043b\\u044f \\u0440\\u0430\\u0441\\u043f\\u0435\\u0447\\u0430\\u0442\\u043a\\u0438 \\u043e\\u0431\\u0440\\u0430\\u0437\\u0446\\u043e\\u0432. Lorem Ipsum \\u043d\\u0435 \\u0442\\u043e\\u043b\\u044c\\u043a\\u043e \\u0443\\u0441\\u043f\\u0435\\u0448\\u043d\\u043e \\u043f\\u0435\\u0440\\u0435\\u0436\\u0438\\u043b \\u0431\\u0435\\u0437 \\u0437\\u0430\\u043c\\u0435\\u0442\\u043d\\u044b\\u0445 \\u0438\\u0437\\u043c\\u0435\\u043d\\u0435\\u043d\\u0438\\u0439 \\u043f\\u044f\\u0442\\u044c \\u0432\\u0435\\u043a\\u043e\\u0432, \\u043d\\u043e \\u0438 \\u043f\\u0435\\u0440\\u0435\\u0448\\u0430\\u0433\\u043d\\u0443\\u043b \\u0432 \\u044d\\u043b\\u0435\\u043a\\u0442\\u0440\\u043e\\u043d\\u043d\\u044b\\u0439 \\u0434\\u0438\\u0437\\u0430\\u0439\\u043d.&nbsp;<\\/p>\"}},\"81\":{\"type\":\"gallery\",\"enabled\":\"1\",\"fields\":{\"gallery\":[\"26\",\"30\",\"35\",\"34\"]}},\"new1\":{\"type\":\"text\",\"enabled\":\"1\",\"fields\":{\"text\":\"<p>\\u0414\\u0430\\u0432\\u043d\\u043e \\u0432\\u044b\\u044f\\u0441\\u043d\\u0435\\u043d\\u043e, \\u0447\\u0442\\u043e \\u043f\\u0440\\u0438 \\u043e\\u0446\\u0435\\u043d\\u043a\\u0435 \\u0434\\u0438\\u0437\\u0430\\u0439\\u043d\\u0430 \\u0438 \\u043a\\u043e\\u043c\\u043f\\u043e\\u0437\\u0438\\u0446\\u0438\\u0438 \\u0447\\u0438\\u0442\\u0430\\u0435\\u043c\\u044b\\u0439 \\u0442\\u0435\\u043a\\u0441\\u0442 \\u043c\\u0435\\u0448\\u0430\\u0435\\u0442 \\u0441\\u043e\\u0441\\u0440\\u0435\\u0434\\u043e\\u0442\\u043e\\u0447\\u0438\\u0442\\u044c\\u0441\\u044f. Lorem Ipsum \\u0438\\u0441\\u043f\\u043e\\u043b\\u044c\\u0437\\u0443\\u044e\\u0442 \\u043f\\u043e\\u0442\\u043e\\u043c\\u0443, \\u0447\\u0442\\u043e \\u0442\\u043e\\u0442 \\u043e\\u0431\\u0435\\u0441\\u043f\\u0435\\u0447\\u0438\\u0432\\u0430\\u0435\\u0442 \\u0431\\u043e\\u043b\\u0435\\u0435 \\u0438\\u043b\\u0438 \\u043c\\u0435\\u043d\\u0435\\u0435 \\u0441\\u0442\\u0430\\u043d\\u0434\\u0430\\u0440\\u0442\\u043d\\u043e\\u0435 \\u0437\\u0430\\u043f\\u043e\\u043b\\u043d\\u0435\\u043d\\u0438\\u0435 \\u0448\\u0430\\u0431\\u043b\\u043e\\u043d\\u0430, \\u0430 \\u0442\\u0430\\u043a\\u0436\\u0435 \\u0440\\u0435\\u0430\\u043b\\u044c\\u043d\\u043e\\u0435 \\u0440\\u0430\\u0441\\u043f\\u0440\\u0435\\u0434\\u0435\\u043b\\u0435\\u043d\\u0438\\u0435 \\u0431\\u0443\\u043a\\u0432 \\u0438 \\u043f\\u0440\\u043e\\u0431\\u0435\\u043b\\u043e\\u0432 \\u0432 \\u0430\\u0431\\u0437\\u0430\\u0446\\u0430\\u0445, \\u043a\\u043e\\u0442\\u043e\\u0440\\u043e\\u0435 \\u043d\\u0435 \\u043f\\u043e\\u043b\\u0443\\u0447\\u0430\\u0435\\u0442\\u0441\\u044f \\u043f\\u0440\\u0438 \\u043f\\u0440\\u043e\\u0441\\u0442\\u043e\\u0439 \\u0434\\u0443\\u0431\\u043b\\u0438\\u043a\\u0430\\u0446\\u0438\\u0438 \\\"\\u0417\\u0434\\u0435\\u0441\\u044c \\u0432\\u0430\\u0448 \\u0442\\u0435\\u043a\\u0441\\u0442.. \\u0417\\u0434\\u0435\\u0441\\u044c \\u0432\\u0430\\u0448 \\u0442\\u0435\\u043a\\u0441\\u0442.. \\u0417\\u0434\\u0435\\u0441\\u044c \\u0432\\u0430\\u0448 \\u0442\\u0435\\u043a\\u0441\\u0442..\\\"<\\/p>\"}},\"new2\":{\"type\":\"image\",\"enabled\":\"1\",\"fields\":{\"image\":[\"25\"]}},\"new3\":{\"type\":\"text\",\"enabled\":\"1\",\"fields\":{\"text\":\"<p>\\u041c\\u043d\\u043e\\u0433\\u0438\\u0435 \\u043f\\u0440\\u043e\\u0433\\u0440\\u0430\\u043c\\u043c\\u044b \\u044d\\u043b\\u0435\\u043a\\u0442\\u0440\\u043e\\u043d\\u043d\\u043e\\u0439 \\u0432\\u0451\\u0440\\u0441\\u0442\\u043a\\u0438 \\u0438 \\u0440\\u0435\\u0434\\u0430\\u043a\\u0442\\u043e\\u0440\\u044b HTML \\u0438\\u0441\\u043f\\u043e\\u043b\\u044c\\u0437\\u0443\\u044e\\u0442 Lorem Ipsum \\u0432 \\u043a\\u0430\\u0447\\u0435\\u0441\\u0442\\u0432\\u0435 \\u0442\\u0435\\u043a\\u0441\\u0442\\u0430 \\u043f\\u043e \\u0443\\u043c\\u043e\\u043b\\u0447\\u0430\\u043d\\u0438\\u044e, \\u0442\\u0430\\u043a \\u0447\\u0442\\u043e \\u043f\\u043e\\u0438\\u0441\\u043a \\u043f\\u043e \\u043a\\u043b\\u044e\\u0447\\u0435\\u0432\\u044b\\u043c \\u0441\\u043b\\u043e\\u0432\\u0430\\u043c \\\"lorem ipsum\\\" \\u0441\\u0440\\u0430\\u0437\\u0443 \\u043f\\u043e\\u043a\\u0430\\u0437\\u044b\\u0432\\u0430\\u0435\\u0442, \\u043a\\u0430\\u043a \\u043c\\u043d\\u043e\\u0433\\u043e \\u0432\\u0435\\u0431-\\u0441\\u0442\\u0440\\u0430\\u043d\\u0438\\u0446 \\u0432\\u0441\\u0451 \\u0435\\u0449\\u0451 \\u0434\\u043e\\u0436\\u0438\\u0434\\u0430\\u044e\\u0442\\u0441\\u044f \\u0441\\u0432\\u043e\\u0435\\u0433\\u043e \\u043d\\u0430\\u0441\\u0442\\u043e\\u044f\\u0449\\u0435\\u0433\\u043e \\u0440\\u043e\\u0436\\u0434\\u0435\\u043d\\u0438\\u044f. \\u0417\\u0430 \\u043f\\u0440\\u043e\\u0448\\u0435\\u0434\\u0448\\u0438\\u0435 \\u0433\\u043e\\u0434\\u044b \\u0442\\u0435\\u043a\\u0441\\u0442 Lorem Ipsum \\u043f\\u043e\\u043b\\u0443\\u0447\\u0438\\u043b \\u043c\\u043d\\u043e\\u0433\\u043e \\u0432\\u0435\\u0440\\u0441\\u0438\\u0439. \\u041d\\u0435\\u043a\\u043e\\u0442\\u043e\\u0440\\u044b\\u0435 \\u0432\\u0435\\u0440\\u0441\\u0438\\u0438 \\u043f\\u043e\\u044f\\u0432\\u0438\\u043b\\u0438\\u0441\\u044c \\u043f\\u043e \\u043e\\u0448\\u0438\\u0431\\u043a\\u0435, \\u043d\\u0435\\u043a\\u043e\\u0442\\u043e\\u0440\\u044b\\u0435 - \\u043d\\u0430\\u043c\\u0435\\u0440\\u0435\\u043d\\u043d\\u043e (\\u043d\\u0430\\u043f\\u0440\\u0438\\u043c\\u0435\\u0440, \\u044e\\u043c\\u043e\\u0440\\u0438\\u0441\\u0442\\u0438\\u0447\\u0435\\u0441\\u043a\\u0438\\u0435 \\u0432\\u0430\\u0440\\u0438\\u0430\\u043d\\u0442\\u044b).<\\/p>\"}}},\"17\":\"<p><strong>Lorem Ipsum<\\/strong>&nbsp;- \\u044d\\u0442\\u043e \\u0442\\u0435\\u043a\\u0441\\u0442-\\\"\\u0440\\u044b\\u0431\\u0430\\\", \\u0447\\u0430\\u0441\\u0442\\u043e \\u0438\\u0441\\u043f\\u043e\\u043b\\u044c\\u0437\\u0443\\u0435\\u043c\\u044b\\u0439 \\u0432 \\u043f\\u0435\\u0447\\u0430\\u0442\\u0438 \\u0438 \\u0432\\u044d\\u0431-\\u0434\\u0438\\u0437\\u0430\\u0439\\u043d\\u0435. Lorem Ipsum \\u044f\\u0432\\u043b\\u044f\\u0435\\u0442\\u0441\\u044f \\u0441\\u0442\\u0430\\u043d\\u0434\\u0430\\u0440\\u0442\\u043d\\u043e\\u0439 \\\"\\u0440\\u044b\\u0431\\u043e\\u0439\\\" \\u0434\\u043b\\u044f \\u0442\\u0435\\u043a\\u0441\\u0442\\u043e\\u0432 \\u043d\\u0430 \\u043b\\u0430\\u0442\\u0438\\u043d\\u0438\\u0446\\u0435 \\u0441 \\u043d\\u0430\\u0447\\u0430\\u043b\\u0430 XVI \\u0432\\u0435\\u043a\\u0430. \\u0412 \\u0442\\u043e \\u0432\\u0440\\u0435\\u043c\\u044f \\u043d\\u0435\\u043a\\u0438\\u0439 \\u0431\\u0435\\u0437\\u044b\\u043c\\u044f\\u043d\\u043d\\u044b\\u0439 \\u043f\\u0435\\u0447\\u0430\\u0442\\u043d\\u0438\\u043a \\u0441\\u043e\\u0437\\u0434\\u0430\\u043b \\u0431\\u043e\\u043b\\u044c\\u0448\\u0443\\u044e \\u043a\\u043e\\u043b\\u043b\\u0435\\u043a\\u0446\\u0438\\u044e \\u0440\\u0430\\u0437\\u043c\\u0435\\u0440\\u043e\\u0432 \\u0438 \\u0444\\u043e\\u0440\\u043c \\u0448\\u0440\\u0438\\u0444\\u0442\\u043e\\u0432, \\u0438\\u0441\\u043f\\u043e\\u043b\\u044c\\u0437\\u0443\\u044f Lorem Ipsum \\u0434\\u043b\\u044f \\u0440\\u0430\\u0441\\u043f\\u0435\\u0447\\u0430\\u0442\\u043a\\u0438 \\u043e\\u0431\\u0440\\u0430\\u0437\\u0446\\u043e\\u0432. Lorem Ipsum \\u043d\\u0435 \\u0442\\u043e\\u043b\\u044c\\u043a\\u043e \\u0443\\u0441\\u043f\\u0435\\u0448\\u043d\\u043e \\u043f\\u0435\\u0440\\u0435\\u0436\\u0438\\u043b \\u0431\\u0435\\u0437 \\u0437\\u0430\\u043c\\u0435\\u0442\\u043d\\u044b\\u0445 \\u0438\\u0437\\u043c\\u0435\\u043d\\u0435\\u043d\\u0438\\u0439 \\u043f\\u044f\\u0442\\u044c \\u0432\\u0435\\u043a\\u043e\\u0432, \\u043d\\u043e \\u0438 \\u043f\\u0435\\u0440\\u0435\\u0448\\u0430\\u0433\\u043d\\u0443\\u043b \\u0432 \\u044d\\u043b\\u0435\\u043a\\u0442\\u0440\\u043e\\u043d\\u043d\\u044b\\u0439 \\u0434\\u0438\\u0437\\u0430\\u0439\\u043d.&nbsp;<\\/p>\"}}', '2016-07-01 06:59:36', '2016-07-01 06:59:36', 'bc9f89d1-4752-4b23-86c9-072eb6aa2aab'),
 ('81', '74', '2', '1', 'ru', '6', '', '{\"typeId\":\"2\",\"authorId\":\"1\",\"title\":\"\\u041d\\u043e\\u0432\\u043e\\u0441\\u0442\\u044c \\u21167\",\"slug\":\"\\u043d\\u043e\\u0432\\u043e\\u0441\\u0442\\u044c-7\",\"postDate\":1467353700,\"expiryDate\":null,\"enabled\":1,\"parentId\":null,\"fields\":{\"10\":[\"35\"],\"7\":{\"80\":{\"type\":\"text\",\"enabled\":\"1\",\"fields\":{\"text\":\"<p><strong>Lorem Ipsum&nbsp;<\\/strong>- \\u044d\\u0442\\u043e \\u0442\\u0435\\u043a\\u0441\\u0442-\\\"\\u0440\\u044b\\u0431\\u0430\\\", \\u0447\\u0430\\u0441\\u0442\\u043e \\u0438\\u0441\\u043f\\u043e\\u043b\\u044c\\u0437\\u0443\\u0435\\u043c\\u044b\\u0439 \\u0432 \\u043f\\u0435\\u0447\\u0430\\u0442\\u0438 \\u0438 \\u0432\\u044d\\u0431-\\u0434\\u0438\\u0437\\u0430\\u0439\\u043d\\u0435. Lorem Ipsum \\u044f\\u0432\\u043b\\u044f\\u0435\\u0442\\u0441\\u044f \\u0441\\u0442\\u0430\\u043d\\u0434\\u0430\\u0440\\u0442\\u043d\\u043e\\u0439 \\\"\\u0440\\u044b\\u0431\\u043e\\u0439\\\" \\u0434\\u043b\\u044f \\u0442\\u0435\\u043a\\u0441\\u0442\\u043e\\u0432 \\u043d\\u0430 \\u043b\\u0430\\u0442\\u0438\\u043d\\u0438\\u0446\\u0435 \\u0441 \\u043d\\u0430\\u0447\\u0430\\u043b\\u0430 XVI \\u0432\\u0435\\u043a\\u0430. \\u0412 \\u0442\\u043e \\u0432\\u0440\\u0435\\u043c\\u044f \\u043d\\u0435\\u043a\\u0438\\u0439 \\u0431\\u0435\\u0437\\u044b\\u043c\\u044f\\u043d\\u043d\\u044b\\u0439 \\u043f\\u0435\\u0447\\u0430\\u0442\\u043d\\u0438\\u043a \\u0441\\u043e\\u0437\\u0434\\u0430\\u043b \\u0431\\u043e\\u043b\\u044c\\u0448\\u0443\\u044e \\u043a\\u043e\\u043b\\u043b\\u0435\\u043a\\u0446\\u0438\\u044e \\u0440\\u0430\\u0437\\u043c\\u0435\\u0440\\u043e\\u0432 \\u0438 \\u0444\\u043e\\u0440\\u043c \\u0448\\u0440\\u0438\\u0444\\u0442\\u043e\\u0432, \\u0438\\u0441\\u043f\\u043e\\u043b\\u044c\\u0437\\u0443\\u044f Lorem Ipsum \\u0434\\u043b\\u044f \\u0440\\u0430\\u0441\\u043f\\u0435\\u0447\\u0430\\u0442\\u043a\\u0438 \\u043e\\u0431\\u0440\\u0430\\u0437\\u0446\\u043e\\u0432. Lorem Ipsum \\u043d\\u0435 \\u0442\\u043e\\u043b\\u044c\\u043a\\u043e \\u0443\\u0441\\u043f\\u0435\\u0448\\u043d\\u043e \\u043f\\u0435\\u0440\\u0435\\u0436\\u0438\\u043b \\u0431\\u0435\\u0437 \\u0437\\u0430\\u043c\\u0435\\u0442\\u043d\\u044b\\u0445 \\u0438\\u0437\\u043c\\u0435\\u043d\\u0435\\u043d\\u0438\\u0439 \\u043f\\u044f\\u0442\\u044c \\u0432\\u0435\\u043a\\u043e\\u0432, \\u043d\\u043e \\u0438 \\u043f\\u0435\\u0440\\u0435\\u0448\\u0430\\u0433\\u043d\\u0443\\u043b \\u0432 \\u044d\\u043b\\u0435\\u043a\\u0442\\u0440\\u043e\\u043d\\u043d\\u044b\\u0439 \\u0434\\u0438\\u0437\\u0430\\u0439\\u043d.&nbsp;<\\/p>\"}},\"81\":{\"type\":\"gallery\",\"enabled\":\"1\",\"fields\":{\"gallery\":[\"26\",\"30\",\"35\"]}},\"82\":{\"type\":\"text\",\"enabled\":\"1\",\"fields\":{\"text\":\"<p>\\u0414\\u0430\\u0432\\u043d\\u043e \\u0432\\u044b\\u044f\\u0441\\u043d\\u0435\\u043d\\u043e, \\u0447\\u0442\\u043e \\u043f\\u0440\\u0438 \\u043e\\u0446\\u0435\\u043d\\u043a\\u0435 \\u0434\\u0438\\u0437\\u0430\\u0439\\u043d\\u0430 \\u0438 \\u043a\\u043e\\u043c\\u043f\\u043e\\u0437\\u0438\\u0446\\u0438\\u0438 \\u0447\\u0438\\u0442\\u0430\\u0435\\u043c\\u044b\\u0439 \\u0442\\u0435\\u043a\\u0441\\u0442 \\u043c\\u0435\\u0448\\u0430\\u0435\\u0442 \\u0441\\u043e\\u0441\\u0440\\u0435\\u0434\\u043e\\u0442\\u043e\\u0447\\u0438\\u0442\\u044c\\u0441\\u044f. Lorem Ipsum \\u0438\\u0441\\u043f\\u043e\\u043b\\u044c\\u0437\\u0443\\u044e\\u0442 \\u043f\\u043e\\u0442\\u043e\\u043c\\u0443, \\u0447\\u0442\\u043e \\u0442\\u043e\\u0442 \\u043e\\u0431\\u0435\\u0441\\u043f\\u0435\\u0447\\u0438\\u0432\\u0430\\u0435\\u0442 \\u0431\\u043e\\u043b\\u0435\\u0435 \\u0438\\u043b\\u0438 \\u043c\\u0435\\u043d\\u0435\\u0435 \\u0441\\u0442\\u0430\\u043d\\u0434\\u0430\\u0440\\u0442\\u043d\\u043e\\u0435 \\u0437\\u0430\\u043f\\u043e\\u043b\\u043d\\u0435\\u043d\\u0438\\u0435 \\u0448\\u0430\\u0431\\u043b\\u043e\\u043d\\u0430, \\u0430 \\u0442\\u0430\\u043a\\u0436\\u0435 \\u0440\\u0435\\u0430\\u043b\\u044c\\u043d\\u043e\\u0435 \\u0440\\u0430\\u0441\\u043f\\u0440\\u0435\\u0434\\u0435\\u043b\\u0435\\u043d\\u0438\\u0435 \\u0431\\u0443\\u043a\\u0432 \\u0438 \\u043f\\u0440\\u043e\\u0431\\u0435\\u043b\\u043e\\u0432 \\u0432 \\u0430\\u0431\\u0437\\u0430\\u0446\\u0430\\u0445, \\u043a\\u043e\\u0442\\u043e\\u0440\\u043e\\u0435 \\u043d\\u0435 \\u043f\\u043e\\u043b\\u0443\\u0447\\u0430\\u0435\\u0442\\u0441\\u044f \\u043f\\u0440\\u0438 \\u043f\\u0440\\u043e\\u0441\\u0442\\u043e\\u0439 \\u0434\\u0443\\u0431\\u043b\\u0438\\u043a\\u0430\\u0446\\u0438\\u0438 \\\"\\u0417\\u0434\\u0435\\u0441\\u044c \\u0432\\u0430\\u0448 \\u0442\\u0435\\u043a\\u0441\\u0442.. \\u0417\\u0434\\u0435\\u0441\\u044c \\u0432\\u0430\\u0448 \\u0442\\u0435\\u043a\\u0441\\u0442.. \\u0417\\u0434\\u0435\\u0441\\u044c \\u0432\\u0430\\u0448 \\u0442\\u0435\\u043a\\u0441\\u0442..\\\"<\\/p>\"}},\"83\":{\"type\":\"image\",\"enabled\":\"1\",\"fields\":{\"image\":[\"25\"]}},\"84\":{\"type\":\"text\",\"enabled\":\"1\",\"fields\":{\"text\":\"<p>\\u041c\\u043d\\u043e\\u0433\\u0438\\u0435 \\u043f\\u0440\\u043e\\u0433\\u0440\\u0430\\u043c\\u043c\\u044b \\u044d\\u043b\\u0435\\u043a\\u0442\\u0440\\u043e\\u043d\\u043d\\u043e\\u0439 \\u0432\\u0451\\u0440\\u0441\\u0442\\u043a\\u0438 \\u0438 \\u0440\\u0435\\u0434\\u0430\\u043a\\u0442\\u043e\\u0440\\u044b HTML \\u0438\\u0441\\u043f\\u043e\\u043b\\u044c\\u0437\\u0443\\u044e\\u0442 Lorem Ipsum \\u0432 \\u043a\\u0430\\u0447\\u0435\\u0441\\u0442\\u0432\\u0435 \\u0442\\u0435\\u043a\\u0441\\u0442\\u0430 \\u043f\\u043e \\u0443\\u043c\\u043e\\u043b\\u0447\\u0430\\u043d\\u0438\\u044e, \\u0442\\u0430\\u043a \\u0447\\u0442\\u043e \\u043f\\u043e\\u0438\\u0441\\u043a \\u043f\\u043e \\u043a\\u043b\\u044e\\u0447\\u0435\\u0432\\u044b\\u043c \\u0441\\u043b\\u043e\\u0432\\u0430\\u043c \\\"lorem ipsum\\\" \\u0441\\u0440\\u0430\\u0437\\u0443 \\u043f\\u043e\\u043a\\u0430\\u0437\\u044b\\u0432\\u0430\\u0435\\u0442, \\u043a\\u0430\\u043a \\u043c\\u043d\\u043e\\u0433\\u043e \\u0432\\u0435\\u0431-\\u0441\\u0442\\u0440\\u0430\\u043d\\u0438\\u0446 \\u0432\\u0441\\u0451 \\u0435\\u0449\\u0451 \\u0434\\u043e\\u0436\\u0438\\u0434\\u0430\\u044e\\u0442\\u0441\\u044f \\u0441\\u0432\\u043e\\u0435\\u0433\\u043e \\u043d\\u0430\\u0441\\u0442\\u043e\\u044f\\u0449\\u0435\\u0433\\u043e \\u0440\\u043e\\u0436\\u0434\\u0435\\u043d\\u0438\\u044f. \\u0417\\u0430 \\u043f\\u0440\\u043e\\u0448\\u0435\\u0434\\u0448\\u0438\\u0435 \\u0433\\u043e\\u0434\\u044b \\u0442\\u0435\\u043a\\u0441\\u0442 Lorem Ipsum \\u043f\\u043e\\u043b\\u0443\\u0447\\u0438\\u043b \\u043c\\u043d\\u043e\\u0433\\u043e \\u0432\\u0435\\u0440\\u0441\\u0438\\u0439. \\u041d\\u0435\\u043a\\u043e\\u0442\\u043e\\u0440\\u044b\\u0435 \\u0432\\u0435\\u0440\\u0441\\u0438\\u0438 \\u043f\\u043e\\u044f\\u0432\\u0438\\u043b\\u0438\\u0441\\u044c \\u043f\\u043e \\u043e\\u0448\\u0438\\u0431\\u043a\\u0435, \\u043d\\u0435\\u043a\\u043e\\u0442\\u043e\\u0440\\u044b\\u0435 - \\u043d\\u0430\\u043c\\u0435\\u0440\\u0435\\u043d\\u043d\\u043e (\\u043d\\u0430\\u043f\\u0440\\u0438\\u043c\\u0435\\u0440, \\u044e\\u043c\\u043e\\u0440\\u0438\\u0441\\u0442\\u0438\\u0447\\u0435\\u0441\\u043a\\u0438\\u0435 \\u0432\\u0430\\u0440\\u0438\\u0430\\u043d\\u0442\\u044b).<\\/p>\"}}},\"17\":\"<p><strong>Lorem Ipsum<\\/strong>&nbsp;- \\u044d\\u0442\\u043e \\u0442\\u0435\\u043a\\u0441\\u0442-\\\"\\u0440\\u044b\\u0431\\u0430\\\", \\u0447\\u0430\\u0441\\u0442\\u043e \\u0438\\u0441\\u043f\\u043e\\u043b\\u044c\\u0437\\u0443\\u0435\\u043c\\u044b\\u0439 \\u0432 \\u043f\\u0435\\u0447\\u0430\\u0442\\u0438 \\u0438 \\u0432\\u044d\\u0431-\\u0434\\u0438\\u0437\\u0430\\u0439\\u043d\\u0435. Lorem Ipsum \\u044f\\u0432\\u043b\\u044f\\u0435\\u0442\\u0441\\u044f \\u0441\\u0442\\u0430\\u043d\\u0434\\u0430\\u0440\\u0442\\u043d\\u043e\\u0439 \\\"\\u0440\\u044b\\u0431\\u043e\\u0439\\\" \\u0434\\u043b\\u044f \\u0442\\u0435\\u043a\\u0441\\u0442\\u043e\\u0432 \\u043d\\u0430 \\u043b\\u0430\\u0442\\u0438\\u043d\\u0438\\u0446\\u0435 \\u0441 \\u043d\\u0430\\u0447\\u0430\\u043b\\u0430 XVI \\u0432\\u0435\\u043a\\u0430. \\u0412 \\u0442\\u043e \\u0432\\u0440\\u0435\\u043c\\u044f \\u043d\\u0435\\u043a\\u0438\\u0439 \\u0431\\u0435\\u0437\\u044b\\u043c\\u044f\\u043d\\u043d\\u044b\\u0439 \\u043f\\u0435\\u0447\\u0430\\u0442\\u043d\\u0438\\u043a \\u0441\\u043e\\u0437\\u0434\\u0430\\u043b \\u0431\\u043e\\u043b\\u044c\\u0448\\u0443\\u044e \\u043a\\u043e\\u043b\\u043b\\u0435\\u043a\\u0446\\u0438\\u044e \\u0440\\u0430\\u0437\\u043c\\u0435\\u0440\\u043e\\u0432 \\u0438 \\u0444\\u043e\\u0440\\u043c \\u0448\\u0440\\u0438\\u0444\\u0442\\u043e\\u0432, \\u0438\\u0441\\u043f\\u043e\\u043b\\u044c\\u0437\\u0443\\u044f Lorem Ipsum \\u0434\\u043b\\u044f \\u0440\\u0430\\u0441\\u043f\\u0435\\u0447\\u0430\\u0442\\u043a\\u0438 \\u043e\\u0431\\u0440\\u0430\\u0437\\u0446\\u043e\\u0432. Lorem Ipsum \\u043d\\u0435 \\u0442\\u043e\\u043b\\u044c\\u043a\\u043e \\u0443\\u0441\\u043f\\u0435\\u0448\\u043d\\u043e \\u043f\\u0435\\u0440\\u0435\\u0436\\u0438\\u043b \\u0431\\u0435\\u0437 \\u0437\\u0430\\u043c\\u0435\\u0442\\u043d\\u044b\\u0445 \\u0438\\u0437\\u043c\\u0435\\u043d\\u0435\\u043d\\u0438\\u0439 \\u043f\\u044f\\u0442\\u044c \\u0432\\u0435\\u043a\\u043e\\u0432, \\u043d\\u043e \\u0438 \\u043f\\u0435\\u0440\\u0435\\u0448\\u0430\\u0433\\u043d\\u0443\\u043b \\u0432 \\u044d\\u043b\\u0435\\u043a\\u0442\\u0440\\u043e\\u043d\\u043d\\u044b\\u0439 \\u0434\\u0438\\u0437\\u0430\\u0439\\u043d.&nbsp;<\\/p>\"}}', '2016-07-01 06:59:51', '2016-07-01 06:59:51', '3a67dbd1-b2ba-482b-a3cd-087027cb1fff'),
 ('82', '74', '2', '1', 'ru', '7', '', '{\"typeId\":\"2\",\"authorId\":\"1\",\"title\":\"\\u041d\\u043e\\u0432\\u043e\\u0441\\u0442\\u044c \\u21167 1231 23 123 213 123 12312 213 123 21 312321312321 123 123 12\",\"slug\":\"\\u043d\\u043e\\u0432\\u043e\\u0441\\u0442\\u044c-7\",\"postDate\":1467353700,\"expiryDate\":null,\"enabled\":1,\"parentId\":null,\"fields\":{\"10\":[\"35\"],\"7\":{\"80\":{\"type\":\"text\",\"enabled\":\"1\",\"fields\":{\"text\":\"<p><strong>Lorem Ipsum&nbsp;<\\/strong>- \\u044d\\u0442\\u043e \\u0442\\u0435\\u043a\\u0441\\u0442-\\\"\\u0440\\u044b\\u0431\\u0430\\\", \\u0447\\u0430\\u0441\\u0442\\u043e \\u0438\\u0441\\u043f\\u043e\\u043b\\u044c\\u0437\\u0443\\u0435\\u043c\\u044b\\u0439 \\u0432 \\u043f\\u0435\\u0447\\u0430\\u0442\\u0438 \\u0438 \\u0432\\u044d\\u0431-\\u0434\\u0438\\u0437\\u0430\\u0439\\u043d\\u0435. Lorem Ipsum \\u044f\\u0432\\u043b\\u044f\\u0435\\u0442\\u0441\\u044f \\u0441\\u0442\\u0430\\u043d\\u0434\\u0430\\u0440\\u0442\\u043d\\u043e\\u0439 \\\"\\u0440\\u044b\\u0431\\u043e\\u0439\\\" \\u0434\\u043b\\u044f \\u0442\\u0435\\u043a\\u0441\\u0442\\u043e\\u0432 \\u043d\\u0430 \\u043b\\u0430\\u0442\\u0438\\u043d\\u0438\\u0446\\u0435 \\u0441 \\u043d\\u0430\\u0447\\u0430\\u043b\\u0430 XVI \\u0432\\u0435\\u043a\\u0430. \\u0412 \\u0442\\u043e \\u0432\\u0440\\u0435\\u043c\\u044f \\u043d\\u0435\\u043a\\u0438\\u0439 \\u0431\\u0435\\u0437\\u044b\\u043c\\u044f\\u043d\\u043d\\u044b\\u0439 \\u043f\\u0435\\u0447\\u0430\\u0442\\u043d\\u0438\\u043a \\u0441\\u043e\\u0437\\u0434\\u0430\\u043b \\u0431\\u043e\\u043b\\u044c\\u0448\\u0443\\u044e \\u043a\\u043e\\u043b\\u043b\\u0435\\u043a\\u0446\\u0438\\u044e \\u0440\\u0430\\u0437\\u043c\\u0435\\u0440\\u043e\\u0432 \\u0438 \\u0444\\u043e\\u0440\\u043c \\u0448\\u0440\\u0438\\u0444\\u0442\\u043e\\u0432, \\u0438\\u0441\\u043f\\u043e\\u043b\\u044c\\u0437\\u0443\\u044f Lorem Ipsum \\u0434\\u043b\\u044f \\u0440\\u0430\\u0441\\u043f\\u0435\\u0447\\u0430\\u0442\\u043a\\u0438 \\u043e\\u0431\\u0440\\u0430\\u0437\\u0446\\u043e\\u0432. Lorem Ipsum \\u043d\\u0435 \\u0442\\u043e\\u043b\\u044c\\u043a\\u043e \\u0443\\u0441\\u043f\\u0435\\u0448\\u043d\\u043e \\u043f\\u0435\\u0440\\u0435\\u0436\\u0438\\u043b \\u0431\\u0435\\u0437 \\u0437\\u0430\\u043c\\u0435\\u0442\\u043d\\u044b\\u0445 \\u0438\\u0437\\u043c\\u0435\\u043d\\u0435\\u043d\\u0438\\u0439 \\u043f\\u044f\\u0442\\u044c \\u0432\\u0435\\u043a\\u043e\\u0432, \\u043d\\u043e \\u0438 \\u043f\\u0435\\u0440\\u0435\\u0448\\u0430\\u0433\\u043d\\u0443\\u043b \\u0432 \\u044d\\u043b\\u0435\\u043a\\u0442\\u0440\\u043e\\u043d\\u043d\\u044b\\u0439 \\u0434\\u0438\\u0437\\u0430\\u0439\\u043d.&nbsp;<\\/p>\"}},\"81\":{\"type\":\"gallery\",\"enabled\":\"1\",\"fields\":{\"gallery\":[\"26\",\"30\",\"35\"]}},\"82\":{\"type\":\"text\",\"enabled\":\"1\",\"fields\":{\"text\":\"<p>\\u0414\\u0430\\u0432\\u043d\\u043e \\u0432\\u044b\\u044f\\u0441\\u043d\\u0435\\u043d\\u043e, \\u0447\\u0442\\u043e \\u043f\\u0440\\u0438 \\u043e\\u0446\\u0435\\u043d\\u043a\\u0435 \\u0434\\u0438\\u0437\\u0430\\u0439\\u043d\\u0430 \\u0438 \\u043a\\u043e\\u043c\\u043f\\u043e\\u0437\\u0438\\u0446\\u0438\\u0438 \\u0447\\u0438\\u0442\\u0430\\u0435\\u043c\\u044b\\u0439 \\u0442\\u0435\\u043a\\u0441\\u0442 \\u043c\\u0435\\u0448\\u0430\\u0435\\u0442 \\u0441\\u043e\\u0441\\u0440\\u0435\\u0434\\u043e\\u0442\\u043e\\u0447\\u0438\\u0442\\u044c\\u0441\\u044f. Lorem Ipsum \\u0438\\u0441\\u043f\\u043e\\u043b\\u044c\\u0437\\u0443\\u044e\\u0442 \\u043f\\u043e\\u0442\\u043e\\u043c\\u0443, \\u0447\\u0442\\u043e \\u0442\\u043e\\u0442 \\u043e\\u0431\\u0435\\u0441\\u043f\\u0435\\u0447\\u0438\\u0432\\u0430\\u0435\\u0442 \\u0431\\u043e\\u043b\\u0435\\u0435 \\u0438\\u043b\\u0438 \\u043c\\u0435\\u043d\\u0435\\u0435 \\u0441\\u0442\\u0430\\u043d\\u0434\\u0430\\u0440\\u0442\\u043d\\u043e\\u0435 \\u0437\\u0430\\u043f\\u043e\\u043b\\u043d\\u0435\\u043d\\u0438\\u0435 \\u0448\\u0430\\u0431\\u043b\\u043e\\u043d\\u0430, \\u0430 \\u0442\\u0430\\u043a\\u0436\\u0435 \\u0440\\u0435\\u0430\\u043b\\u044c\\u043d\\u043e\\u0435 \\u0440\\u0430\\u0441\\u043f\\u0440\\u0435\\u0434\\u0435\\u043b\\u0435\\u043d\\u0438\\u0435 \\u0431\\u0443\\u043a\\u0432 \\u0438 \\u043f\\u0440\\u043e\\u0431\\u0435\\u043b\\u043e\\u0432 \\u0432 \\u0430\\u0431\\u0437\\u0430\\u0446\\u0430\\u0445, \\u043a\\u043e\\u0442\\u043e\\u0440\\u043e\\u0435 \\u043d\\u0435 \\u043f\\u043e\\u043b\\u0443\\u0447\\u0430\\u0435\\u0442\\u0441\\u044f \\u043f\\u0440\\u0438 \\u043f\\u0440\\u043e\\u0441\\u0442\\u043e\\u0439 \\u0434\\u0443\\u0431\\u043b\\u0438\\u043a\\u0430\\u0446\\u0438\\u0438 \\\"\\u0417\\u0434\\u0435\\u0441\\u044c \\u0432\\u0430\\u0448 \\u0442\\u0435\\u043a\\u0441\\u0442.. \\u0417\\u0434\\u0435\\u0441\\u044c \\u0432\\u0430\\u0448 \\u0442\\u0435\\u043a\\u0441\\u0442.. \\u0417\\u0434\\u0435\\u0441\\u044c \\u0432\\u0430\\u0448 \\u0442\\u0435\\u043a\\u0441\\u0442..\\\"<\\/p>\"}},\"83\":{\"type\":\"image\",\"enabled\":\"1\",\"fields\":{\"image\":[\"25\"]}},\"84\":{\"type\":\"text\",\"enabled\":\"1\",\"fields\":{\"text\":\"<p>\\u041c\\u043d\\u043e\\u0433\\u0438\\u0435 \\u043f\\u0440\\u043e\\u0433\\u0440\\u0430\\u043c\\u043c\\u044b \\u044d\\u043b\\u0435\\u043a\\u0442\\u0440\\u043e\\u043d\\u043d\\u043e\\u0439 \\u0432\\u0451\\u0440\\u0441\\u0442\\u043a\\u0438 \\u0438 \\u0440\\u0435\\u0434\\u0430\\u043a\\u0442\\u043e\\u0440\\u044b HTML \\u0438\\u0441\\u043f\\u043e\\u043b\\u044c\\u0437\\u0443\\u044e\\u0442 Lorem Ipsum \\u0432 \\u043a\\u0430\\u0447\\u0435\\u0441\\u0442\\u0432\\u0435 \\u0442\\u0435\\u043a\\u0441\\u0442\\u0430 \\u043f\\u043e \\u0443\\u043c\\u043e\\u043b\\u0447\\u0430\\u043d\\u0438\\u044e, \\u0442\\u0430\\u043a \\u0447\\u0442\\u043e \\u043f\\u043e\\u0438\\u0441\\u043a \\u043f\\u043e \\u043a\\u043b\\u044e\\u0447\\u0435\\u0432\\u044b\\u043c \\u0441\\u043b\\u043e\\u0432\\u0430\\u043c \\\"lorem ipsum\\\" \\u0441\\u0440\\u0430\\u0437\\u0443 \\u043f\\u043e\\u043a\\u0430\\u0437\\u044b\\u0432\\u0430\\u0435\\u0442, \\u043a\\u0430\\u043a \\u043c\\u043d\\u043e\\u0433\\u043e \\u0432\\u0435\\u0431-\\u0441\\u0442\\u0440\\u0430\\u043d\\u0438\\u0446 \\u0432\\u0441\\u0451 \\u0435\\u0449\\u0451 \\u0434\\u043e\\u0436\\u0438\\u0434\\u0430\\u044e\\u0442\\u0441\\u044f \\u0441\\u0432\\u043e\\u0435\\u0433\\u043e \\u043d\\u0430\\u0441\\u0442\\u043e\\u044f\\u0449\\u0435\\u0433\\u043e \\u0440\\u043e\\u0436\\u0434\\u0435\\u043d\\u0438\\u044f. \\u0417\\u0430 \\u043f\\u0440\\u043e\\u0448\\u0435\\u0434\\u0448\\u0438\\u0435 \\u0433\\u043e\\u0434\\u044b \\u0442\\u0435\\u043a\\u0441\\u0442 Lorem Ipsum \\u043f\\u043e\\u043b\\u0443\\u0447\\u0438\\u043b \\u043c\\u043d\\u043e\\u0433\\u043e \\u0432\\u0435\\u0440\\u0441\\u0438\\u0439. \\u041d\\u0435\\u043a\\u043e\\u0442\\u043e\\u0440\\u044b\\u0435 \\u0432\\u0435\\u0440\\u0441\\u0438\\u0438 \\u043f\\u043e\\u044f\\u0432\\u0438\\u043b\\u0438\\u0441\\u044c \\u043f\\u043e \\u043e\\u0448\\u0438\\u0431\\u043a\\u0435, \\u043d\\u0435\\u043a\\u043e\\u0442\\u043e\\u0440\\u044b\\u0435 - \\u043d\\u0430\\u043c\\u0435\\u0440\\u0435\\u043d\\u043d\\u043e (\\u043d\\u0430\\u043f\\u0440\\u0438\\u043c\\u0435\\u0440, \\u044e\\u043c\\u043e\\u0440\\u0438\\u0441\\u0442\\u0438\\u0447\\u0435\\u0441\\u043a\\u0438\\u0435 \\u0432\\u0430\\u0440\\u0438\\u0430\\u043d\\u0442\\u044b).<\\/p>\"}}},\"17\":\"<p><strong>Lorem Ipsum<\\/strong>&nbsp;- \\u044d\\u0442\\u043e \\u0442\\u0435\\u043a\\u0441\\u0442-\\\"\\u0440\\u044b\\u0431\\u0430\\\", \\u0447\\u0430\\u0441\\u0442\\u043e \\u0438\\u0441\\u043f\\u043e\\u043b\\u044c\\u0437\\u0443\\u0435\\u043c\\u044b\\u0439 \\u0432 \\u043f\\u0435\\u0447\\u0430\\u0442\\u0438 \\u0438 \\u0432\\u044d\\u0431-\\u0434\\u0438\\u0437\\u0430\\u0439\\u043d\\u0435. Lorem Ipsum \\u044f\\u0432\\u043b\\u044f\\u0435\\u0442\\u0441\\u044f \\u0441\\u0442\\u0430\\u043d\\u0434\\u0430\\u0440\\u0442\\u043d\\u043e\\u0439 \\\"\\u0440\\u044b\\u0431\\u043e\\u0439\\\" \\u0434\\u043b\\u044f \\u0442\\u0435\\u043a\\u0441\\u0442\\u043e\\u0432 \\u043d\\u0430 \\u043b\\u0430\\u0442\\u0438\\u043d\\u0438\\u0446\\u0435 \\u0441 \\u043d\\u0430\\u0447\\u0430\\u043b\\u0430 XVI \\u0432\\u0435\\u043a\\u0430. \\u0412 \\u0442\\u043e \\u0432\\u0440\\u0435\\u043c\\u044f \\u043d\\u0435\\u043a\\u0438\\u0439 \\u0431\\u0435\\u0437\\u044b\\u043c\\u044f\\u043d\\u043d\\u044b\\u0439 \\u043f\\u0435\\u0447\\u0430\\u0442\\u043d\\u0438\\u043a \\u0441\\u043e\\u0437\\u0434\\u0430\\u043b \\u0431\\u043e\\u043b\\u044c\\u0448\\u0443\\u044e \\u043a\\u043e\\u043b\\u043b\\u0435\\u043a\\u0446\\u0438\\u044e \\u0440\\u0430\\u0437\\u043c\\u0435\\u0440\\u043e\\u0432 \\u0438 \\u0444\\u043e\\u0440\\u043c \\u0448\\u0440\\u0438\\u0444\\u0442\\u043e\\u0432, \\u0438\\u0441\\u043f\\u043e\\u043b\\u044c\\u0437\\u0443\\u044f Lorem Ipsum \\u0434\\u043b\\u044f \\u0440\\u0430\\u0441\\u043f\\u0435\\u0447\\u0430\\u0442\\u043a\\u0438 \\u043e\\u0431\\u0440\\u0430\\u0437\\u0446\\u043e\\u0432. Lorem Ipsum \\u043d\\u0435 \\u0442\\u043e\\u043b\\u044c\\u043a\\u043e \\u0443\\u0441\\u043f\\u0435\\u0448\\u043d\\u043e \\u043f\\u0435\\u0440\\u0435\\u0436\\u0438\\u043b \\u0431\\u0435\\u0437 \\u0437\\u0430\\u043c\\u0435\\u0442\\u043d\\u044b\\u0445 \\u0438\\u0437\\u043c\\u0435\\u043d\\u0435\\u043d\\u0438\\u0439 \\u043f\\u044f\\u0442\\u044c \\u0432\\u0435\\u043a\\u043e\\u0432, \\u043d\\u043e \\u0438 \\u043f\\u0435\\u0440\\u0435\\u0448\\u0430\\u0433\\u043d\\u0443\\u043b \\u0432 \\u044d\\u043b\\u0435\\u043a\\u0442\\u0440\\u043e\\u043d\\u043d\\u044b\\u0439 \\u0434\\u0438\\u0437\\u0430\\u0439\\u043d.&nbsp;<\\/p>\"}}', '2016-07-01 07:02:25', '2016-07-01 07:02:25', '6ba5f574-122c-4950-b27a-9ec145d47de1'),
 ('83', '74', '2', '1', 'ru', '8', '', '{\"typeId\":\"2\",\"authorId\":\"1\",\"title\":\"If length is given and is positive, then the sequence will have up to that many elements in it\",\"slug\":\"\\u043d\\u043e\\u0432\\u043e\\u0441\\u0442\\u044c-7\",\"postDate\":1467353700,\"expiryDate\":null,\"enabled\":1,\"parentId\":null,\"fields\":{\"10\":[\"35\"],\"7\":{\"80\":{\"type\":\"text\",\"enabled\":\"1\",\"fields\":{\"text\":\"<p><strong>Lorem Ipsum&nbsp;<\\/strong>- \\u044d\\u0442\\u043e \\u0442\\u0435\\u043a\\u0441\\u0442-\\\"\\u0440\\u044b\\u0431\\u0430\\\", \\u0447\\u0430\\u0441\\u0442\\u043e \\u0438\\u0441\\u043f\\u043e\\u043b\\u044c\\u0437\\u0443\\u0435\\u043c\\u044b\\u0439 \\u0432 \\u043f\\u0435\\u0447\\u0430\\u0442\\u0438 \\u0438 \\u0432\\u044d\\u0431-\\u0434\\u0438\\u0437\\u0430\\u0439\\u043d\\u0435. Lorem Ipsum \\u044f\\u0432\\u043b\\u044f\\u0435\\u0442\\u0441\\u044f \\u0441\\u0442\\u0430\\u043d\\u0434\\u0430\\u0440\\u0442\\u043d\\u043e\\u0439 \\\"\\u0440\\u044b\\u0431\\u043e\\u0439\\\" \\u0434\\u043b\\u044f \\u0442\\u0435\\u043a\\u0441\\u0442\\u043e\\u0432 \\u043d\\u0430 \\u043b\\u0430\\u0442\\u0438\\u043d\\u0438\\u0446\\u0435 \\u0441 \\u043d\\u0430\\u0447\\u0430\\u043b\\u0430 XVI \\u0432\\u0435\\u043a\\u0430. \\u0412 \\u0442\\u043e \\u0432\\u0440\\u0435\\u043c\\u044f \\u043d\\u0435\\u043a\\u0438\\u0439 \\u0431\\u0435\\u0437\\u044b\\u043c\\u044f\\u043d\\u043d\\u044b\\u0439 \\u043f\\u0435\\u0447\\u0430\\u0442\\u043d\\u0438\\u043a \\u0441\\u043e\\u0437\\u0434\\u0430\\u043b \\u0431\\u043e\\u043b\\u044c\\u0448\\u0443\\u044e \\u043a\\u043e\\u043b\\u043b\\u0435\\u043a\\u0446\\u0438\\u044e \\u0440\\u0430\\u0437\\u043c\\u0435\\u0440\\u043e\\u0432 \\u0438 \\u0444\\u043e\\u0440\\u043c \\u0448\\u0440\\u0438\\u0444\\u0442\\u043e\\u0432, \\u0438\\u0441\\u043f\\u043e\\u043b\\u044c\\u0437\\u0443\\u044f Lorem Ipsum \\u0434\\u043b\\u044f \\u0440\\u0430\\u0441\\u043f\\u0435\\u0447\\u0430\\u0442\\u043a\\u0438 \\u043e\\u0431\\u0440\\u0430\\u0437\\u0446\\u043e\\u0432. Lorem Ipsum \\u043d\\u0435 \\u0442\\u043e\\u043b\\u044c\\u043a\\u043e \\u0443\\u0441\\u043f\\u0435\\u0448\\u043d\\u043e \\u043f\\u0435\\u0440\\u0435\\u0436\\u0438\\u043b \\u0431\\u0435\\u0437 \\u0437\\u0430\\u043c\\u0435\\u0442\\u043d\\u044b\\u0445 \\u0438\\u0437\\u043c\\u0435\\u043d\\u0435\\u043d\\u0438\\u0439 \\u043f\\u044f\\u0442\\u044c \\u0432\\u0435\\u043a\\u043e\\u0432, \\u043d\\u043e \\u0438 \\u043f\\u0435\\u0440\\u0435\\u0448\\u0430\\u0433\\u043d\\u0443\\u043b \\u0432 \\u044d\\u043b\\u0435\\u043a\\u0442\\u0440\\u043e\\u043d\\u043d\\u044b\\u0439 \\u0434\\u0438\\u0437\\u0430\\u0439\\u043d.&nbsp;<\\/p>\"}},\"81\":{\"type\":\"gallery\",\"enabled\":\"1\",\"fields\":{\"gallery\":[\"26\",\"30\",\"35\"]}},\"82\":{\"type\":\"text\",\"enabled\":\"1\",\"fields\":{\"text\":\"<p>\\u0414\\u0430\\u0432\\u043d\\u043e \\u0432\\u044b\\u044f\\u0441\\u043d\\u0435\\u043d\\u043e, \\u0447\\u0442\\u043e \\u043f\\u0440\\u0438 \\u043e\\u0446\\u0435\\u043d\\u043a\\u0435 \\u0434\\u0438\\u0437\\u0430\\u0439\\u043d\\u0430 \\u0438 \\u043a\\u043e\\u043c\\u043f\\u043e\\u0437\\u0438\\u0446\\u0438\\u0438 \\u0447\\u0438\\u0442\\u0430\\u0435\\u043c\\u044b\\u0439 \\u0442\\u0435\\u043a\\u0441\\u0442 \\u043c\\u0435\\u0448\\u0430\\u0435\\u0442 \\u0441\\u043e\\u0441\\u0440\\u0435\\u0434\\u043e\\u0442\\u043e\\u0447\\u0438\\u0442\\u044c\\u0441\\u044f. Lorem Ipsum \\u0438\\u0441\\u043f\\u043e\\u043b\\u044c\\u0437\\u0443\\u044e\\u0442 \\u043f\\u043e\\u0442\\u043e\\u043c\\u0443, \\u0447\\u0442\\u043e \\u0442\\u043e\\u0442 \\u043e\\u0431\\u0435\\u0441\\u043f\\u0435\\u0447\\u0438\\u0432\\u0430\\u0435\\u0442 \\u0431\\u043e\\u043b\\u0435\\u0435 \\u0438\\u043b\\u0438 \\u043c\\u0435\\u043d\\u0435\\u0435 \\u0441\\u0442\\u0430\\u043d\\u0434\\u0430\\u0440\\u0442\\u043d\\u043e\\u0435 \\u0437\\u0430\\u043f\\u043e\\u043b\\u043d\\u0435\\u043d\\u0438\\u0435 \\u0448\\u0430\\u0431\\u043b\\u043e\\u043d\\u0430, \\u0430 \\u0442\\u0430\\u043a\\u0436\\u0435 \\u0440\\u0435\\u0430\\u043b\\u044c\\u043d\\u043e\\u0435 \\u0440\\u0430\\u0441\\u043f\\u0440\\u0435\\u0434\\u0435\\u043b\\u0435\\u043d\\u0438\\u0435 \\u0431\\u0443\\u043a\\u0432 \\u0438 \\u043f\\u0440\\u043e\\u0431\\u0435\\u043b\\u043e\\u0432 \\u0432 \\u0430\\u0431\\u0437\\u0430\\u0446\\u0430\\u0445, \\u043a\\u043e\\u0442\\u043e\\u0440\\u043e\\u0435 \\u043d\\u0435 \\u043f\\u043e\\u043b\\u0443\\u0447\\u0430\\u0435\\u0442\\u0441\\u044f \\u043f\\u0440\\u0438 \\u043f\\u0440\\u043e\\u0441\\u0442\\u043e\\u0439 \\u0434\\u0443\\u0431\\u043b\\u0438\\u043a\\u0430\\u0446\\u0438\\u0438 \\\"\\u0417\\u0434\\u0435\\u0441\\u044c \\u0432\\u0430\\u0448 \\u0442\\u0435\\u043a\\u0441\\u0442.. \\u0417\\u0434\\u0435\\u0441\\u044c \\u0432\\u0430\\u0448 \\u0442\\u0435\\u043a\\u0441\\u0442.. \\u0417\\u0434\\u0435\\u0441\\u044c \\u0432\\u0430\\u0448 \\u0442\\u0435\\u043a\\u0441\\u0442..\\\"<\\/p>\"}},\"83\":{\"type\":\"image\",\"enabled\":\"1\",\"fields\":{\"image\":[\"25\"]}},\"84\":{\"type\":\"text\",\"enabled\":\"1\",\"fields\":{\"text\":\"<p>\\u041c\\u043d\\u043e\\u0433\\u0438\\u0435 \\u043f\\u0440\\u043e\\u0433\\u0440\\u0430\\u043c\\u043c\\u044b \\u044d\\u043b\\u0435\\u043a\\u0442\\u0440\\u043e\\u043d\\u043d\\u043e\\u0439 \\u0432\\u0451\\u0440\\u0441\\u0442\\u043a\\u0438 \\u0438 \\u0440\\u0435\\u0434\\u0430\\u043a\\u0442\\u043e\\u0440\\u044b HTML \\u0438\\u0441\\u043f\\u043e\\u043b\\u044c\\u0437\\u0443\\u044e\\u0442 Lorem Ipsum \\u0432 \\u043a\\u0430\\u0447\\u0435\\u0441\\u0442\\u0432\\u0435 \\u0442\\u0435\\u043a\\u0441\\u0442\\u0430 \\u043f\\u043e \\u0443\\u043c\\u043e\\u043b\\u0447\\u0430\\u043d\\u0438\\u044e, \\u0442\\u0430\\u043a \\u0447\\u0442\\u043e \\u043f\\u043e\\u0438\\u0441\\u043a \\u043f\\u043e \\u043a\\u043b\\u044e\\u0447\\u0435\\u0432\\u044b\\u043c \\u0441\\u043b\\u043e\\u0432\\u0430\\u043c \\\"lorem ipsum\\\" \\u0441\\u0440\\u0430\\u0437\\u0443 \\u043f\\u043e\\u043a\\u0430\\u0437\\u044b\\u0432\\u0430\\u0435\\u0442, \\u043a\\u0430\\u043a \\u043c\\u043d\\u043e\\u0433\\u043e \\u0432\\u0435\\u0431-\\u0441\\u0442\\u0440\\u0430\\u043d\\u0438\\u0446 \\u0432\\u0441\\u0451 \\u0435\\u0449\\u0451 \\u0434\\u043e\\u0436\\u0438\\u0434\\u0430\\u044e\\u0442\\u0441\\u044f \\u0441\\u0432\\u043e\\u0435\\u0433\\u043e \\u043d\\u0430\\u0441\\u0442\\u043e\\u044f\\u0449\\u0435\\u0433\\u043e \\u0440\\u043e\\u0436\\u0434\\u0435\\u043d\\u0438\\u044f. \\u0417\\u0430 \\u043f\\u0440\\u043e\\u0448\\u0435\\u0434\\u0448\\u0438\\u0435 \\u0433\\u043e\\u0434\\u044b \\u0442\\u0435\\u043a\\u0441\\u0442 Lorem Ipsum \\u043f\\u043e\\u043b\\u0443\\u0447\\u0438\\u043b \\u043c\\u043d\\u043e\\u0433\\u043e \\u0432\\u0435\\u0440\\u0441\\u0438\\u0439. \\u041d\\u0435\\u043a\\u043e\\u0442\\u043e\\u0440\\u044b\\u0435 \\u0432\\u0435\\u0440\\u0441\\u0438\\u0438 \\u043f\\u043e\\u044f\\u0432\\u0438\\u043b\\u0438\\u0441\\u044c \\u043f\\u043e \\u043e\\u0448\\u0438\\u0431\\u043a\\u0435, \\u043d\\u0435\\u043a\\u043e\\u0442\\u043e\\u0440\\u044b\\u0435 - \\u043d\\u0430\\u043c\\u0435\\u0440\\u0435\\u043d\\u043d\\u043e (\\u043d\\u0430\\u043f\\u0440\\u0438\\u043c\\u0435\\u0440, \\u044e\\u043c\\u043e\\u0440\\u0438\\u0441\\u0442\\u0438\\u0447\\u0435\\u0441\\u043a\\u0438\\u0435 \\u0432\\u0430\\u0440\\u0438\\u0430\\u043d\\u0442\\u044b).<\\/p>\"}}},\"17\":\"<p><strong>Lorem Ipsum<\\/strong>&nbsp;- \\u044d\\u0442\\u043e \\u0442\\u0435\\u043a\\u0441\\u0442-\\\"\\u0440\\u044b\\u0431\\u0430\\\", \\u0447\\u0430\\u0441\\u0442\\u043e \\u0438\\u0441\\u043f\\u043e\\u043b\\u044c\\u0437\\u0443\\u0435\\u043c\\u044b\\u0439 \\u0432 \\u043f\\u0435\\u0447\\u0430\\u0442\\u0438 \\u0438 \\u0432\\u044d\\u0431-\\u0434\\u0438\\u0437\\u0430\\u0439\\u043d\\u0435. Lorem Ipsum \\u044f\\u0432\\u043b\\u044f\\u0435\\u0442\\u0441\\u044f \\u0441\\u0442\\u0430\\u043d\\u0434\\u0430\\u0440\\u0442\\u043d\\u043e\\u0439 \\\"\\u0440\\u044b\\u0431\\u043e\\u0439\\\" \\u0434\\u043b\\u044f \\u0442\\u0435\\u043a\\u0441\\u0442\\u043e\\u0432 \\u043d\\u0430 \\u043b\\u0430\\u0442\\u0438\\u043d\\u0438\\u0446\\u0435 \\u0441 \\u043d\\u0430\\u0447\\u0430\\u043b\\u0430 XVI \\u0432\\u0435\\u043a\\u0430. \\u0412 \\u0442\\u043e \\u0432\\u0440\\u0435\\u043c\\u044f \\u043d\\u0435\\u043a\\u0438\\u0439 \\u0431\\u0435\\u0437\\u044b\\u043c\\u044f\\u043d\\u043d\\u044b\\u0439 \\u043f\\u0435\\u0447\\u0430\\u0442\\u043d\\u0438\\u043a \\u0441\\u043e\\u0437\\u0434\\u0430\\u043b \\u0431\\u043e\\u043b\\u044c\\u0448\\u0443\\u044e \\u043a\\u043e\\u043b\\u043b\\u0435\\u043a\\u0446\\u0438\\u044e \\u0440\\u0430\\u0437\\u043c\\u0435\\u0440\\u043e\\u0432 \\u0438 \\u0444\\u043e\\u0440\\u043c \\u0448\\u0440\\u0438\\u0444\\u0442\\u043e\\u0432, \\u0438\\u0441\\u043f\\u043e\\u043b\\u044c\\u0437\\u0443\\u044f Lorem Ipsum \\u0434\\u043b\\u044f \\u0440\\u0430\\u0441\\u043f\\u0435\\u0447\\u0430\\u0442\\u043a\\u0438 \\u043e\\u0431\\u0440\\u0430\\u0437\\u0446\\u043e\\u0432. Lorem Ipsum \\u043d\\u0435 \\u0442\\u043e\\u043b\\u044c\\u043a\\u043e \\u0443\\u0441\\u043f\\u0435\\u0448\\u043d\\u043e \\u043f\\u0435\\u0440\\u0435\\u0436\\u0438\\u043b \\u0431\\u0435\\u0437 \\u0437\\u0430\\u043c\\u0435\\u0442\\u043d\\u044b\\u0445 \\u0438\\u0437\\u043c\\u0435\\u043d\\u0435\\u043d\\u0438\\u0439 \\u043f\\u044f\\u0442\\u044c \\u0432\\u0435\\u043a\\u043e\\u0432, \\u043d\\u043e \\u0438 \\u043f\\u0435\\u0440\\u0435\\u0448\\u0430\\u0433\\u043d\\u0443\\u043b \\u0432 \\u044d\\u043b\\u0435\\u043a\\u0442\\u0440\\u043e\\u043d\\u043d\\u044b\\u0439 \\u0434\\u0438\\u0437\\u0430\\u0439\\u043d.&nbsp;<\\/p>\"}}', '2016-07-01 07:03:33', '2016-07-01 07:03:33', 'b6becd7e-1192-40de-a694-7b30da14efa0'),
 ('84', '85', '9', '1', 'ru', '1', NULL, '{\"typeId\":\"9\",\"authorId\":null,\"title\":\"\\u041e \\u043c\\u0430\\u0440\\u0430\\u0444\\u043e\\u043d\\u0435\",\"slug\":\"\\u043e-\\u043c\\u0430\\u0440\\u0430\\u0444\\u043e\\u043d\\u0435\",\"postDate\":1467357256,\"expiryDate\":null,\"enabled\":1,\"parentId\":null,\"fields\":[]}', '2016-07-01 07:14:16', '2016-07-01 07:14:16', '9827d0f6-6f67-4f9b-a6e2-8476ff030396'),
 ('85', '85', '9', '1', 'ru', '2', '', '{\"typeId\":null,\"authorId\":null,\"title\":\"\\u041e \\u043c\\u0430\\u0440\\u0430\\u0444\\u043e\\u043d\\u0435\",\"slug\":\"\\u043e-\\u043c\\u0430\\u0440\\u0430\\u0444\\u043e\\u043d\\u0435\",\"postDate\":1467357256,\"expiryDate\":null,\"enabled\":1,\"parentId\":null,\"fields\":{\"10\":\"\",\"7\":{\"new1\":{\"type\":\"text\",\"enabled\":\"1\",\"fields\":{\"text\":\"<p>\\u041c\\u043d\\u043e\\u0433\\u0438\\u0435 \\u0434\\u0443\\u043c\\u0430\\u044e\\u0442, \\u0447\\u0442\\u043e Lorem Ipsum - \\u0432\\u0437\\u044f\\u0442\\u044b\\u0439 \\u0441 \\u043f\\u043e\\u0442\\u043e\\u043b\\u043a\\u0430 \\u043f\\u0441\\u0435\\u0432\\u0434\\u043e-\\u043b\\u0430\\u0442\\u0438\\u043d\\u0441\\u043a\\u0438\\u0439 \\u043d\\u0430\\u0431\\u043e\\u0440 \\u0441\\u043b\\u043e\\u0432, \\u043d\\u043e \\u044d\\u0442\\u043e \\u043d\\u0435 \\u0441\\u043e\\u0432\\u0441\\u0435\\u043c \\u0442\\u0430\\u043a. \\u0415\\u0433\\u043e \\u043a\\u043e\\u0440\\u043d\\u0438 \\u0443\\u0445\\u043e\\u0434\\u044f\\u0442 \\u0432 \\u043e\\u0434\\u0438\\u043d \\u0444\\u0440\\u0430\\u0433\\u043c\\u0435\\u043d\\u0442 \\u043a\\u043b\\u0430\\u0441\\u0441\\u0438\\u0447\\u0435\\u0441\\u043a\\u043e\\u0439 \\u043b\\u0430\\u0442\\u044b\\u043d\\u0438 45 \\u0433\\u043e\\u0434\\u0430 \\u043d.\\u044d., \\u0442\\u043e \\u0435\\u0441\\u0442\\u044c \\u0431\\u043e\\u043b\\u0435\\u0435 \\u0434\\u0432\\u0443\\u0445 \\u0442\\u044b\\u0441\\u044f\\u0447\\u0435\\u043b\\u0435\\u0442\\u0438\\u0439 \\u043d\\u0430\\u0437\\u0430\\u0434. \\u0420\\u0438\\u0447\\u0430\\u0440\\u0434 \\u041c\\u0430\\u043a\\u041a\\u043b\\u0438\\u043d\\u0442\\u043e\\u043a, \\u043f\\u0440\\u043e\\u0444\\u0435\\u0441\\u0441\\u043e\\u0440 \\u043b\\u0430\\u0442\\u044b\\u043d\\u0438 \\u0438\\u0437 \\u043a\\u043e\\u043b\\u043b\\u0435\\u0434\\u0436\\u0430 Hampden-Sydney, \\u0448\\u0442\\u0430\\u0442 \\u0412\\u0438\\u0440\\u0434\\u0436\\u0438\\u043d\\u0438\\u044f, \\u0432\\u0437\\u044f\\u043b \\u043e\\u0434\\u043d\\u043e \\u0438\\u0437 \\u0441\\u0430\\u043c\\u044b\\u0445 \\u0441\\u0442\\u0440\\u0430\\u043d\\u043d\\u044b\\u0445 \\u0441\\u043b\\u043e\\u0432 \\u0432 Lorem Ipsum, \\\"consectetur\\\", \\u0438 \\u0437\\u0430\\u043d\\u044f\\u043b\\u0441\\u044f \\u0435\\u0433\\u043e \\u043f\\u043e\\u0438\\u0441\\u043a\\u0430\\u043c\\u0438 \\u0432 \\u043a\\u043b\\u0430\\u0441\\u0441\\u0438\\u0447\\u0435\\u0441\\u043a\\u043e\\u0439 \\u043b\\u0430\\u0442\\u0438\\u043d\\u0441\\u043a\\u043e\\u0439 \\u043b\\u0438\\u0442\\u0435\\u0440\\u0430\\u0442\\u0443\\u0440\\u0435. \\u0412 \\u0440\\u0435\\u0437\\u0443\\u043b\\u044c\\u0442\\u0430\\u0442\\u0435 \\u043e\\u043d \\u043d\\u0430\\u0448\\u0451\\u043b \\u043d\\u0435\\u043e\\u0441\\u043f\\u043e\\u0440\\u0438\\u043c\\u044b\\u0439 \\u043f\\u0435\\u0440\\u0432\\u043e\\u0438\\u0441\\u0442\\u043e\\u0447\\u043d\\u0438\\u043a Lorem Ipsum \\u0432 \\u0440\\u0430\\u0437\\u0434\\u0435\\u043b\\u0430\\u0445 1.10.32 \\u0438 1.10.33 \\u043a\\u043d\\u0438\\u0433\\u0438 \\\"de Finibus Bonorum et Malorum\\\" (\\\"\\u041e \\u043f\\u0440\\u0435\\u0434\\u0435\\u043b\\u0430\\u0445 \\u0434\\u043e\\u0431\\u0440\\u0430 \\u0438 \\u0437\\u043b\\u0430\\\"), \\u043d\\u0430\\u043f\\u0438\\u0441\\u0430\\u043d\\u043d\\u043e\\u0439 \\u0426\\u0438\\u0446\\u0435\\u0440\\u043e\\u043d\\u043e\\u043c \\u0432 45 \\u0433\\u043e\\u0434\\u0443 \\u043d.\\u044d. \\u042d\\u0442\\u043e\\u0442 \\u0442\\u0440\\u0430\\u043a\\u0442\\u0430\\u0442 \\u043f\\u043e \\u0442\\u0435\\u043e\\u0440\\u0438\\u0438 \\u044d\\u0442\\u0438\\u043a\\u0438 \\u0431\\u044b\\u043b \\u043e\\u0447\\u0435\\u043d\\u044c \\u043f\\u043e\\u043f\\u0443\\u043b\\u044f\\u0440\\u0435\\u043d \\u0432 \\u044d\\u043f\\u043e\\u0445\\u0443 \\u0412\\u043e\\u0437\\u0440\\u043e\\u0436\\u0434\\u0435\\u043d\\u0438\\u044f. \\u041f\\u0435\\u0440\\u0432\\u0430\\u044f \\u0441\\u0442\\u0440\\u043e\\u043a\\u0430 Lorem Ipsum, \\\"Lorem ipsum dolor sit amet..\\\", \\u043f\\u0440\\u043e\\u0438\\u0441\\u0445\\u043e\\u0434\\u0438\\u0442 \\u043e\\u0442 \\u043e\\u0434\\u043d\\u043e\\u0439 \\u0438\\u0437 \\u0441\\u0442\\u0440\\u043e\\u043a \\u0432 \\u0440\\u0430\\u0437\\u0434\\u0435\\u043b\\u0435 1.10.32<\\/p>\\r\\n\\r\\n<h3>\\u041a\\u043b\\u0430\\u0441\\u0441\\u0438\\u0447\\u0435\\u0441\\u043a\\u0438\\u0439 \\u0442\\u0435\\u043a\\u0441\\u0442&nbsp;<\\/h3><p>Lorem Ipsum, \\u0438\\u0441\\u043f\\u043e\\u043b\\u044c\\u0437\\u0443\\u0435\\u043c\\u044b\\u0439 \\u0441 XVI \\u0432\\u0435\\u043a\\u0430, \\u043f\\u0440\\u0438\\u0432\\u0435\\u0434\\u0451\\u043d \\u043d\\u0438\\u0436\\u0435. \\u0422\\u0430\\u043a\\u0436\\u0435 \\u0434\\u0430\\u043d\\u044b \\u0440\\u0430\\u0437\\u0434\\u0435\\u043b\\u044b 1.10.32 \\u0438 1.10.33 \\\"de Finibus Bonorum et Malorum\\\" \\u0426\\u0438\\u0446\\u0435\\u0440\\u043e\\u043d\\u0430 \\u0438 \\u0438\\u0445 \\u0430\\u043d\\u0433\\u043b\\u0438\\u0439\\u0441\\u043a\\u0438\\u0439 \\u043f\\u0435\\u0440\\u0435\\u0432\\u043e\\u0434, \\u0441\\u0434\\u0435\\u043b\\u0430\\u043d\\u043d\\u044b\\u0439 H. Rackham, 1914 \\u0433\\u043e\\u0434.<\\/p>\"}},\"new2\":{\"type\":\"gallery\",\"enabled\":\"1\",\"fields\":{\"gallery\":[\"26\",\"30\",\"32\"]}},\"new3\":{\"type\":\"text\",\"enabled\":\"1\",\"fields\":{\"text\":\"<p>Lorem ipsum dolor sit amet, consectetur adipiscing elit, sed do eiusmod tempor incididunt ut labore et dolore magna aliqua. Ut enim ad minim veniam, quis nostrud exercitation ullamco laboris nisi ut aliquip ex ea commodo consequat. Duis aute irure dolor in reprehenderit in voluptate velit esse cillum dolore eu fugiat nulla pariatur. Excepteur sint occaecat cupidatat non proident, sunt in culpa qui officia deserunt mollit anim id est laborum<\\/p>\"}}},\"17\":\"<p>\\u041c\\u043d\\u043e\\u0433\\u0438\\u0435 \\u0434\\u0443\\u043c\\u0430\\u044e\\u0442, \\u0447\\u0442\\u043e Lorem Ipsum - \\u0432\\u0437\\u044f\\u0442\\u044b\\u0439 \\u0441 \\u043f\\u043e\\u0442\\u043e\\u043b\\u043a\\u0430 \\u043f\\u0441\\u0435\\u0432\\u0434\\u043e-\\u043b\\u0430\\u0442\\u0438\\u043d\\u0441\\u043a\\u0438\\u0439 \\u043d\\u0430\\u0431\\u043e\\u0440 \\u0441\\u043b\\u043e\\u0432, \\u043d\\u043e \\u044d\\u0442\\u043e \\u043d\\u0435 \\u0441\\u043e\\u0432\\u0441\\u0435\\u043c \\u0442\\u0430\\u043a. \\u0415\\u0433\\u043e \\u043a\\u043e\\u0440\\u043d\\u0438 \\u0443\\u0445\\u043e\\u0434\\u044f\\u0442 \\u0432 \\u043e\\u0434\\u0438\\u043d \\u0444\\u0440\\u0430\\u0433\\u043c\\u0435\\u043d\\u0442 \\u043a\\u043b\\u0430\\u0441\\u0441\\u0438\\u0447\\u0435\\u0441\\u043a\\u043e\\u0439 \\u043b\\u0430\\u0442\\u044b\\u043d\\u0438 45 \\u0433\\u043e\\u0434\\u0430 \\u043d.\\u044d., \\u0442\\u043e \\u0435\\u0441\\u0442\\u044c \\u0431\\u043e\\u043b\\u0435\\u0435 \\u0434\\u0432\\u0443\\u0445 \\u0442\\u044b\\u0441\\u044f\\u0447\\u0435\\u043b\\u0435\\u0442\\u0438\\u0439 \\u043d\\u0430\\u0437\\u0430\\u0434. \\u0420\\u0438\\u0447\\u0430\\u0440\\u0434 \\u041c\\u0430\\u043a\\u041a\\u043b\\u0438\\u043d\\u0442\\u043e\\u043a, \\u043f\\u0440\\u043e\\u0444\\u0435\\u0441\\u0441\\u043e\\u0440 \\u043b\\u0430\\u0442\\u044b\\u043d\\u0438 \\u0438\\u0437 \\u043a\\u043e\\u043b\\u043b\\u0435\\u0434\\u0436\\u0430 Hampden-Sydney, \\u0448\\u0442\\u0430\\u0442 \\u0412\\u0438\\u0440\\u0434\\u0436\\u0438\\u043d\\u0438\\u044f, \\u0432\\u0437\\u044f\\u043b \\u043e\\u0434\\u043d\\u043e \\u0438\\u0437 \\u0441\\u0430\\u043c\\u044b\\u0445 \\u0441\\u0442\\u0440\\u0430\\u043d\\u043d\\u044b\\u0445 \\u0441\\u043b\\u043e\\u0432 \\u0432 Lorem Ipsum, \\\"consectetur\\\", \\u0438 \\u0437\\u0430\\u043d\\u044f\\u043b\\u0441\\u044f \\u0435\\u0433\\u043e \\u043f\\u043e\\u0438\\u0441\\u043a\\u0430\\u043c\\u0438 \\u0432 \\u043a\\u043b\\u0430\\u0441\\u0441\\u0438\\u0447\\u0435\\u0441\\u043a\\u043e\\u0439 \\u043b\\u0430\\u0442\\u0438\\u043d\\u0441\\u043a\\u043e\\u0439 \\u043b\\u0438\\u0442\\u0435\\u0440\\u0430\\u0442\\u0443\\u0440\\u0435. \\u0412 \\u0440\\u0435\\u0437\\u0443\\u043b\\u044c\\u0442\\u0430\\u0442\\u0435 \\u043e\\u043d \\u043d\\u0430\\u0448\\u0451\\u043b \\u043d\\u0435\\u043e\\u0441\\u043f\\u043e\\u0440\\u0438\\u043c\\u044b\\u0439 \\u043f\\u0435\\u0440\\u0432\\u043e\\u0438\\u0441\\u0442\\u043e\\u0447\\u043d\\u0438\\u043a Lorem Ipsum \\u0432 \\u0440\\u0430\\u0437\\u0434\\u0435\\u043b\\u0430\\u0445 1.10.32 \\u0438 1.10.33 \\u043a\\u043d\\u0438\\u0433\\u0438 \\\"de Finibus Bonorum et Malorum\\\" (\\\"\\u041e \\u043f\\u0440\\u0435\\u0434\\u0435\\u043b\\u0430\\u0445 \\u0434\\u043e\\u0431\\u0440\\u0430 \\u0438 \\u0437\\u043b\\u0430\\\"), \\u043d\\u0430\\u043f\\u0438\\u0441\\u0430\\u043d\\u043d\\u043e\\u0439 \\u0426\\u0438\\u0446\\u0435\\u0440\\u043e\\u043d\\u043e\\u043c \\u0432 45 \\u0433\\u043e\\u0434\\u0443 \\u043d.\\u044d. \\u042d\\u0442\\u043e\\u0442 \\u0442\\u0440\\u0430\\u043a\\u0442\\u0430\\u0442 \\u043f\\u043e \\u0442\\u0435\\u043e\\u0440\\u0438\\u0438 \\u044d\\u0442\\u0438\\u043a\\u0438 \\u0431\\u044b\\u043b \\u043e\\u0447\\u0435\\u043d\\u044c \\u043f\\u043e\\u043f\\u0443\\u043b\\u044f\\u0440\\u0435\\u043d \\u0432 \\u044d\\u043f\\u043e\\u0445\\u0443 \\u0412\\u043e\\u0437\\u0440\\u043e\\u0436\\u0434\\u0435\\u043d\\u0438\\u044f. \\u041f\\u0435\\u0440\\u0432\\u0430\\u044f \\u0441\\u0442\\u0440\\u043e\\u043a\\u0430 Lorem Ipsum, \\\"Lorem ipsum dolor sit amet..\\\", \\u043f\\u0440\\u043e\\u0438\\u0441\\u0445\\u043e\\u0434\\u0438\\u0442 \\u043e\\u0442 \\u043e\\u0434\\u043d\\u043e\\u0439 \\u0438\\u0437 \\u0441\\u0442\\u0440\\u043e\\u043a \\u0432 \\u0440\\u0430\\u0437\\u0434\\u0435\\u043b\\u0435 1.10.32<\\/p>\\r\\n\\r\\n<p>\\u041a\\u043b\\u0430\\u0441\\u0441\\u0438\\u0447\\u0435\\u0441\\u043a\\u0438\\u0439 \\u0442\\u0435\\u043a\\u0441\\u0442 Lorem Ipsum, \\u0438\\u0441\\u043f\\u043e\\u043b\\u044c\\u0437\\u0443\\u0435\\u043c\\u044b\\u0439 \\u0441 XVI \\u0432\\u0435\\u043a\\u0430, \\u043f\\u0440\\u0438\\u0432\\u0435\\u0434\\u0451\\u043d \\u043d\\u0438\\u0436\\u0435. \\u0422\\u0430\\u043a\\u0436\\u0435 \\u0434\\u0430\\u043d\\u044b \\u0440\\u0430\\u0437\\u0434\\u0435\\u043b\\u044b 1.10.32 \\u0438 1.10.33 \\\"de Finibus Bonorum et Malorum\\\" \\u0426\\u0438\\u0446\\u0435\\u0440\\u043e\\u043d\\u0430 \\u0438 \\u0438\\u0445 \\u0430\\u043d\\u0433\\u043b\\u0438\\u0439\\u0441\\u043a\\u0438\\u0439 \\u043f\\u0435\\u0440\\u0435\\u0432\\u043e\\u0434, \\u0441\\u0434\\u0435\\u043b\\u0430\\u043d\\u043d\\u044b\\u0439 H. Rackham, 1914 \\u0433\\u043e\\u0434.<\\/p>\"}}', '2016-07-01 07:23:06', '2016-07-01 07:23:06', '36b6ff2a-6e47-48d9-904f-3080f4dc4b62'),
 ('86', '85', '9', '1', 'ru', '3', '', '{\"typeId\":\"9\",\"authorId\":null,\"title\":\"\\u041e \\u043c\\u0430\\u0440\\u0430\\u0444\\u043e\\u043d\\u0435\",\"slug\":\"\\u043e-\\u043c\\u0430\\u0440\\u0430\\u0444\\u043e\\u043d\\u0435\",\"postDate\":1467357864,\"expiryDate\":null,\"enabled\":1,\"parentId\":null,\"fields\":{\"10\":\"\",\"7\":{\"86\":{\"type\":\"text\",\"enabled\":\"1\",\"fields\":{\"text\":\"<h3>Hampden-Sydney<\\/h3><p>\\u041c\\u043d\\u043e\\u0433\\u0438\\u0435 \\u0434\\u0443\\u043c\\u0430\\u044e\\u0442, \\u0447\\u0442\\u043e Lorem Ipsum - \\u0432\\u0437\\u044f\\u0442\\u044b\\u0439 \\u0441 \\u043f\\u043e\\u0442\\u043e\\u043b\\u043a\\u0430 \\u043f\\u0441\\u0435\\u0432\\u0434\\u043e-\\u043b\\u0430\\u0442\\u0438\\u043d\\u0441\\u043a\\u0438\\u0439 \\u043d\\u0430\\u0431\\u043e\\u0440 \\u0441\\u043b\\u043e\\u0432, \\u043d\\u043e \\u044d\\u0442\\u043e \\u043d\\u0435 \\u0441\\u043e\\u0432\\u0441\\u0435\\u043c \\u0442\\u0430\\u043a. \\u0415\\u0433\\u043e \\u043a\\u043e\\u0440\\u043d\\u0438 \\u0443\\u0445\\u043e\\u0434\\u044f\\u0442 \\u0432 \\u043e\\u0434\\u0438\\u043d \\u0444\\u0440\\u0430\\u0433\\u043c\\u0435\\u043d\\u0442 \\u043a\\u043b\\u0430\\u0441\\u0441\\u0438\\u0447\\u0435\\u0441\\u043a\\u043e\\u0439 \\u043b\\u0430\\u0442\\u044b\\u043d\\u0438 45 \\u0433\\u043e\\u0434\\u0430 \\u043d.\\u044d., \\u0442\\u043e \\u0435\\u0441\\u0442\\u044c \\u0431\\u043e\\u043b\\u0435\\u0435 \\u0434\\u0432\\u0443\\u0445 \\u0442\\u044b\\u0441\\u044f\\u0447\\u0435\\u043b\\u0435\\u0442\\u0438\\u0439 \\u043d\\u0430\\u0437\\u0430\\u0434. \\u0420\\u0438\\u0447\\u0430\\u0440\\u0434 \\u041c\\u0430\\u043a\\u041a\\u043b\\u0438\\u043d\\u0442\\u043e\\u043a, \\u043f\\u0440\\u043e\\u0444\\u0435\\u0441\\u0441\\u043e\\u0440 \\u043b\\u0430\\u0442\\u044b\\u043d\\u0438 \\u0438\\u0437 \\u043a\\u043e\\u043b\\u043b\\u0435\\u0434\\u0436\\u0430 Hampden-Sydney, \\u0448\\u0442\\u0430\\u0442 \\u0412\\u0438\\u0440\\u0434\\u0436\\u0438\\u043d\\u0438\\u044f, \\u0432\\u0437\\u044f\\u043b \\u043e\\u0434\\u043d\\u043e \\u0438\\u0437 \\u0441\\u0430\\u043c\\u044b\\u0445 \\u0441\\u0442\\u0440\\u0430\\u043d\\u043d\\u044b\\u0445 \\u0441\\u043b\\u043e\\u0432 \\u0432 Lorem Ipsum, \\\"consectetur\\\", \\u0438 \\u0437\\u0430\\u043d\\u044f\\u043b\\u0441\\u044f \\u0435\\u0433\\u043e \\u043f\\u043e\\u0438\\u0441\\u043a\\u0430\\u043c\\u0438 \\u0432 \\u043a\\u043b\\u0430\\u0441\\u0441\\u0438\\u0447\\u0435\\u0441\\u043a\\u043e\\u0439 \\u043b\\u0430\\u0442\\u0438\\u043d\\u0441\\u043a\\u043e\\u0439 \\u043b\\u0438\\u0442\\u0435\\u0440\\u0430\\u0442\\u0443\\u0440\\u0435. \\u0412 \\u0440\\u0435\\u0437\\u0443\\u043b\\u044c\\u0442\\u0430\\u0442\\u0435 \\u043e\\u043d \\u043d\\u0430\\u0448\\u0451\\u043b \\u043d\\u0435\\u043e\\u0441\\u043f\\u043e\\u0440\\u0438\\u043c\\u044b\\u0439 \\u043f\\u0435\\u0440\\u0432\\u043e\\u0438\\u0441\\u0442\\u043e\\u0447\\u043d\\u0438\\u043a Lorem Ipsum \\u0432 \\u0440\\u0430\\u0437\\u0434\\u0435\\u043b\\u0430\\u0445 1.10.32 \\u0438 1.10.33 \\u043a\\u043d\\u0438\\u0433\\u0438 \\\"de Finibus Bonorum et Malorum\\\" (\\\"\\u041e \\u043f\\u0440\\u0435\\u0434\\u0435\\u043b\\u0430\\u0445 \\u0434\\u043e\\u0431\\u0440\\u0430 \\u0438 \\u0437\\u043b\\u0430\\\"), \\u043d\\u0430\\u043f\\u0438\\u0441\\u0430\\u043d\\u043d\\u043e\\u0439 \\u0426\\u0438\\u0446\\u0435\\u0440\\u043e\\u043d\\u043e\\u043c \\u0432 45 \\u0433\\u043e\\u0434\\u0443 \\u043d.\\u044d. \\u042d\\u0442\\u043e\\u0442 \\u0442\\u0440\\u0430\\u043a\\u0442\\u0430\\u0442 \\u043f\\u043e \\u0442\\u0435\\u043e\\u0440\\u0438\\u0438 \\u044d\\u0442\\u0438\\u043a\\u0438 \\u0431\\u044b\\u043b \\u043e\\u0447\\u0435\\u043d\\u044c \\u043f\\u043e\\u043f\\u0443\\u043b\\u044f\\u0440\\u0435\\u043d \\u0432 \\u044d\\u043f\\u043e\\u0445\\u0443 \\u0412\\u043e\\u0437\\u0440\\u043e\\u0436\\u0434\\u0435\\u043d\\u0438\\u044f. \\u041f\\u0435\\u0440\\u0432\\u0430\\u044f \\u0441\\u0442\\u0440\\u043e\\u043a\\u0430 Lorem Ipsum, \\\"Lorem ipsum dolor sit amet..\\\", \\u043f\\u0440\\u043e\\u0438\\u0441\\u0445\\u043e\\u0434\\u0438\\u0442 \\u043e\\u0442 \\u043e\\u0434\\u043d\\u043e\\u0439 \\u0438\\u0437 \\u0441\\u0442\\u0440\\u043e\\u043a \\u0432 \\u0440\\u0430\\u0437\\u0434\\u0435\\u043b\\u0435 1.10.32<\\/p>\\r\\n\\r\\n<h3>\\u041a\\u043b\\u0430\\u0441\\u0441\\u0438\\u0447\\u0435\\u0441\\u043a\\u0438\\u0439 \\u0442\\u0435\\u043a\\u0441\\u0442&nbsp;<\\/h3>\\r\\n\\r\\n<p>Lorem Ipsum, \\u0438\\u0441\\u043f\\u043e\\u043b\\u044c\\u0437\\u0443\\u0435\\u043c\\u044b\\u0439 \\u0441 XVI \\u0432\\u0435\\u043a\\u0430, \\u043f\\u0440\\u0438\\u0432\\u0435\\u0434\\u0451\\u043d \\u043d\\u0438\\u0436\\u0435. \\u0422\\u0430\\u043a\\u0436\\u0435 \\u0434\\u0430\\u043d\\u044b \\u0440\\u0430\\u0437\\u0434\\u0435\\u043b\\u044b 1.10.32 \\u0438 1.10.33 \\\"de Finibus Bonorum et Malorum\\\" \\u0426\\u0438\\u0446\\u0435\\u0440\\u043e\\u043d\\u0430 \\u0438 \\u0438\\u0445 \\u0430\\u043d\\u0433\\u043b\\u0438\\u0439\\u0441\\u043a\\u0438\\u0439 \\u043f\\u0435\\u0440\\u0435\\u0432\\u043e\\u0434, \\u0441\\u0434\\u0435\\u043b\\u0430\\u043d\\u043d\\u044b\\u0439 H. Rackham, 1914 \\u0433\\u043e\\u0434.<\\/p>\"}},\"87\":{\"type\":\"gallery\",\"enabled\":\"1\",\"fields\":{\"gallery\":[\"26\",\"30\",\"32\"]}},\"88\":{\"type\":\"text\",\"enabled\":\"1\",\"fields\":{\"text\":\"<p>Lorem ipsum dolor sit amet, consectetur adipiscing elit, sed do eiusmod tempor incididunt ut labore et dolore magna aliqua. Ut enim ad minim veniam, quis nostrud exercitation ullamco laboris nisi ut aliquip ex ea commodo consequat. Duis aute irure dolor in reprehenderit in voluptate velit esse cillum dolore eu fugiat nulla pariatur. Excepteur sint occaecat cupidatat non proident, sunt in culpa qui officia deserunt mollit anim id est laborum<\\/p>\"}}},\"17\":\"<p>\\u041c\\u043d\\u043e\\u0433\\u0438\\u0435 \\u0434\\u0443\\u043c\\u0430\\u044e\\u0442, \\u0447\\u0442\\u043e Lorem Ipsum - \\u0432\\u0437\\u044f\\u0442\\u044b\\u0439 \\u0441 \\u043f\\u043e\\u0442\\u043e\\u043b\\u043a\\u0430 \\u043f\\u0441\\u0435\\u0432\\u0434\\u043e-\\u043b\\u0430\\u0442\\u0438\\u043d\\u0441\\u043a\\u0438\\u0439 \\u043d\\u0430\\u0431\\u043e\\u0440 \\u0441\\u043b\\u043e\\u0432, \\u043d\\u043e \\u044d\\u0442\\u043e \\u043d\\u0435 \\u0441\\u043e\\u0432\\u0441\\u0435\\u043c \\u0442\\u0430\\u043a. \\u0415\\u0433\\u043e \\u043a\\u043e\\u0440\\u043d\\u0438 \\u0443\\u0445\\u043e\\u0434\\u044f\\u0442 \\u0432 \\u043e\\u0434\\u0438\\u043d \\u0444\\u0440\\u0430\\u0433\\u043c\\u0435\\u043d\\u0442 \\u043a\\u043b\\u0430\\u0441\\u0441\\u0438\\u0447\\u0435\\u0441\\u043a\\u043e\\u0439 \\u043b\\u0430\\u0442\\u044b\\u043d\\u0438 45 \\u0433\\u043e\\u0434\\u0430 \\u043d.\\u044d., \\u0442\\u043e \\u0435\\u0441\\u0442\\u044c \\u0431\\u043e\\u043b\\u0435\\u0435 \\u0434\\u0432\\u0443\\u0445 \\u0442\\u044b\\u0441\\u044f\\u0447\\u0435\\u043b\\u0435\\u0442\\u0438\\u0439 \\u043d\\u0430\\u0437\\u0430\\u0434. \\u0420\\u0438\\u0447\\u0430\\u0440\\u0434 \\u041c\\u0430\\u043a\\u041a\\u043b\\u0438\\u043d\\u0442\\u043e\\u043a, \\u043f\\u0440\\u043e\\u0444\\u0435\\u0441\\u0441\\u043e\\u0440 \\u043b\\u0430\\u0442\\u044b\\u043d\\u0438 \\u0438\\u0437 \\u043a\\u043e\\u043b\\u043b\\u0435\\u0434\\u0436\\u0430 Hampden-Sydney, \\u0448\\u0442\\u0430\\u0442 \\u0412\\u0438\\u0440\\u0434\\u0436\\u0438\\u043d\\u0438\\u044f, \\u0432\\u0437\\u044f\\u043b \\u043e\\u0434\\u043d\\u043e \\u0438\\u0437 \\u0441\\u0430\\u043c\\u044b\\u0445 \\u0441\\u0442\\u0440\\u0430\\u043d\\u043d\\u044b\\u0445 \\u0441\\u043b\\u043e\\u0432 \\u0432 Lorem Ipsum, \\\"consectetur\\\", \\u0438 \\u0437\\u0430\\u043d\\u044f\\u043b\\u0441\\u044f \\u0435\\u0433\\u043e \\u043f\\u043e\\u0438\\u0441\\u043a\\u0430\\u043c\\u0438 \\u0432 \\u043a\\u043b\\u0430\\u0441\\u0441\\u0438\\u0447\\u0435\\u0441\\u043a\\u043e\\u0439 \\u043b\\u0430\\u0442\\u0438\\u043d\\u0441\\u043a\\u043e\\u0439 \\u043b\\u0438\\u0442\\u0435\\u0440\\u0430\\u0442\\u0443\\u0440\\u0435. \\u0412 \\u0440\\u0435\\u0437\\u0443\\u043b\\u044c\\u0442\\u0430\\u0442\\u0435 \\u043e\\u043d \\u043d\\u0430\\u0448\\u0451\\u043b \\u043d\\u0435\\u043e\\u0441\\u043f\\u043e\\u0440\\u0438\\u043c\\u044b\\u0439 \\u043f\\u0435\\u0440\\u0432\\u043e\\u0438\\u0441\\u0442\\u043e\\u0447\\u043d\\u0438\\u043a Lorem Ipsum \\u0432 \\u0440\\u0430\\u0437\\u0434\\u0435\\u043b\\u0430\\u0445 1.10.32 \\u0438 1.10.33 \\u043a\\u043d\\u0438\\u0433\\u0438 \\\"de Finibus Bonorum et Malorum\\\" (\\\"\\u041e \\u043f\\u0440\\u0435\\u0434\\u0435\\u043b\\u0430\\u0445 \\u0434\\u043e\\u0431\\u0440\\u0430 \\u0438 \\u0437\\u043b\\u0430\\\"), \\u043d\\u0430\\u043f\\u0438\\u0441\\u0430\\u043d\\u043d\\u043e\\u0439 \\u0426\\u0438\\u0446\\u0435\\u0440\\u043e\\u043d\\u043e\\u043c \\u0432 45 \\u0433\\u043e\\u0434\\u0443 \\u043d.\\u044d. \\u042d\\u0442\\u043e\\u0442 \\u0442\\u0440\\u0430\\u043a\\u0442\\u0430\\u0442 \\u043f\\u043e \\u0442\\u0435\\u043e\\u0440\\u0438\\u0438 \\u044d\\u0442\\u0438\\u043a\\u0438 \\u0431\\u044b\\u043b \\u043e\\u0447\\u0435\\u043d\\u044c \\u043f\\u043e\\u043f\\u0443\\u043b\\u044f\\u0440\\u0435\\u043d \\u0432 \\u044d\\u043f\\u043e\\u0445\\u0443 \\u0412\\u043e\\u0437\\u0440\\u043e\\u0436\\u0434\\u0435\\u043d\\u0438\\u044f. \\u041f\\u0435\\u0440\\u0432\\u0430\\u044f \\u0441\\u0442\\u0440\\u043e\\u043a\\u0430 Lorem Ipsum, \\\"Lorem ipsum dolor sit amet..\\\", \\u043f\\u0440\\u043e\\u0438\\u0441\\u0445\\u043e\\u0434\\u0438\\u0442 \\u043e\\u0442 \\u043e\\u0434\\u043d\\u043e\\u0439 \\u0438\\u0437 \\u0441\\u0442\\u0440\\u043e\\u043a \\u0432 \\u0440\\u0430\\u0437\\u0434\\u0435\\u043b\\u0435 1.10.32<\\/p>\\r\\n\\r\\n<p>\\u041a\\u043b\\u0430\\u0441\\u0441\\u0438\\u0447\\u0435\\u0441\\u043a\\u0438\\u0439 \\u0442\\u0435\\u043a\\u0441\\u0442 Lorem Ipsum, \\u0438\\u0441\\u043f\\u043e\\u043b\\u044c\\u0437\\u0443\\u0435\\u043c\\u044b\\u0439 \\u0441 XVI \\u0432\\u0435\\u043a\\u0430, \\u043f\\u0440\\u0438\\u0432\\u0435\\u0434\\u0451\\u043d \\u043d\\u0438\\u0436\\u0435. \\u0422\\u0430\\u043a\\u0436\\u0435 \\u0434\\u0430\\u043d\\u044b \\u0440\\u0430\\u0437\\u0434\\u0435\\u043b\\u044b 1.10.32 \\u0438 1.10.33 \\\"de Finibus Bonorum et Malorum\\\" \\u0426\\u0438\\u0446\\u0435\\u0440\\u043e\\u043d\\u0430 \\u0438 \\u0438\\u0445 \\u0430\\u043d\\u0433\\u043b\\u0438\\u0439\\u0441\\u043a\\u0438\\u0439 \\u043f\\u0435\\u0440\\u0435\\u0432\\u043e\\u0434, \\u0441\\u0434\\u0435\\u043b\\u0430\\u043d\\u043d\\u044b\\u0439 H. Rackham, 1914 \\u0433\\u043e\\u0434.<\\/p>\"}}', '2016-07-01 07:24:54', '2016-07-01 07:24:54', '3fb3e3d6-2e8a-4807-bd1a-77dc6c914911'),
 ('87', '85', '9', '1', 'ru', '4', '', '{\"typeId\":\"9\",\"authorId\":null,\"title\":\"\\u041e \\u043c\\u0430\\u0440\\u0430\\u0444\\u043e\\u043d\\u0435\",\"slug\":\"\\u043e-\\u043c\\u0430\\u0440\\u0430\\u0444\\u043e\\u043d\\u0435\",\"postDate\":1467357864,\"expiryDate\":null,\"enabled\":1,\"parentId\":null,\"fields\":{\"10\":\"\",\"7\":{\"86\":{\"type\":\"text\",\"enabled\":\"1\",\"fields\":{\"text\":\"<p>But I must explain to you how all this mistaken idea of denouncing pleasure and praising pain was born and I will give you a complete account of the system, and expound the actual teachings of the great explorer of the truth, the master-builder of human happiness. No one rejects, dislikes, or avoids pleasure itself, because it is pleasure, but because those who do not know how to pursue pleasure rationally encounter consequences that are extremely painful. Nor again is there anyone who loves or pursues or desires to obtain pain of itself, because it is pain, but because occasionally circumstances occur in which toil and pain can procure him some great pleasure. To take a trivial example, which of us ever undertakes laborious physical exercise, except to obtain some advantage from it? But who has any right to find fault with a man who chooses to enjoy a pleasure that has no annoying consequences, or one who avoids a pain that produces no resultant pleasure?<\\/p>\"}},\"87\":{\"type\":\"gallery\",\"enabled\":\"1\",\"fields\":{\"gallery\":[\"26\",\"30\",\"32\"]}},\"88\":{\"type\":\"text\",\"enabled\":\"1\",\"fields\":{\"text\":\"<p>Lorem ipsum dolor sit amet, consectetur adipiscing elit, sed do eiusmod tempor incididunt ut labore et dolore magna aliqua. Ut enim ad minim veniam, quis nostrud exercitation ullamco laboris nisi ut aliquip ex ea commodo consequat. Duis aute irure dolor in reprehenderit in voluptate velit esse cillum dolore eu fugiat nulla pariatur. Excepteur sint occaecat cupidatat non proident, sunt in culpa qui officia deserunt mollit anim id est laborum<\\/p>\"}}},\"17\":\"<p>\\u041c\\u043d\\u043e\\u0433\\u0438\\u0435 \\u0434\\u0443\\u043c\\u0430\\u044e\\u0442, \\u0447\\u0442\\u043e Lorem Ipsum - \\u0432\\u0437\\u044f\\u0442\\u044b\\u0439 \\u0441 \\u043f\\u043e\\u0442\\u043e\\u043b\\u043a\\u0430 \\u043f\\u0441\\u0435\\u0432\\u0434\\u043e-\\u043b\\u0430\\u0442\\u0438\\u043d\\u0441\\u043a\\u0438\\u0439 \\u043d\\u0430\\u0431\\u043e\\u0440 \\u0441\\u043b\\u043e\\u0432, \\u043d\\u043e \\u044d\\u0442\\u043e \\u043d\\u0435 \\u0441\\u043e\\u0432\\u0441\\u0435\\u043c \\u0442\\u0430\\u043a. \\u0415\\u0433\\u043e \\u043a\\u043e\\u0440\\u043d\\u0438 \\u0443\\u0445\\u043e\\u0434\\u044f\\u0442 \\u0432 \\u043e\\u0434\\u0438\\u043d \\u0444\\u0440\\u0430\\u0433\\u043c\\u0435\\u043d\\u0442 \\u043a\\u043b\\u0430\\u0441\\u0441\\u0438\\u0447\\u0435\\u0441\\u043a\\u043e\\u0439 \\u043b\\u0430\\u0442\\u044b\\u043d\\u0438 45 \\u0433\\u043e\\u0434\\u0430 \\u043d.\\u044d., \\u0442\\u043e \\u0435\\u0441\\u0442\\u044c \\u0431\\u043e\\u043b\\u0435\\u0435 \\u0434\\u0432\\u0443\\u0445 \\u0442\\u044b\\u0441\\u044f\\u0447\\u0435\\u043b\\u0435\\u0442\\u0438\\u0439 \\u043d\\u0430\\u0437\\u0430\\u0434. \\u0420\\u0438\\u0447\\u0430\\u0440\\u0434 \\u041c\\u0430\\u043a\\u041a\\u043b\\u0438\\u043d\\u0442\\u043e\\u043a, \\u043f\\u0440\\u043e\\u0444\\u0435\\u0441\\u0441\\u043e\\u0440 \\u043b\\u0430\\u0442\\u044b\\u043d\\u0438 \\u0438\\u0437 \\u043a\\u043e\\u043b\\u043b\\u0435\\u0434\\u0436\\u0430 Hampden-Sydney, \\u0448\\u0442\\u0430\\u0442 \\u0412\\u0438\\u0440\\u0434\\u0436\\u0438\\u043d\\u0438\\u044f, \\u0432\\u0437\\u044f\\u043b \\u043e\\u0434\\u043d\\u043e \\u0438\\u0437 \\u0441\\u0430\\u043c\\u044b\\u0445 \\u0441\\u0442\\u0440\\u0430\\u043d\\u043d\\u044b\\u0445 \\u0441\\u043b\\u043e\\u0432 \\u0432 Lorem Ipsum, \\\"consectetur\\\", \\u0438 \\u0437\\u0430\\u043d\\u044f\\u043b\\u0441\\u044f \\u0435\\u0433\\u043e \\u043f\\u043e\\u0438\\u0441\\u043a\\u0430\\u043c\\u0438 \\u0432 \\u043a\\u043b\\u0430\\u0441\\u0441\\u0438\\u0447\\u0435\\u0441\\u043a\\u043e\\u0439 \\u043b\\u0430\\u0442\\u0438\\u043d\\u0441\\u043a\\u043e\\u0439 \\u043b\\u0438\\u0442\\u0435\\u0440\\u0430\\u0442\\u0443\\u0440\\u0435. \\u0412 \\u0440\\u0435\\u0437\\u0443\\u043b\\u044c\\u0442\\u0430\\u0442\\u0435 \\u043e\\u043d \\u043d\\u0430\\u0448\\u0451\\u043b \\u043d\\u0435\\u043e\\u0441\\u043f\\u043e\\u0440\\u0438\\u043c\\u044b\\u0439 \\u043f\\u0435\\u0440\\u0432\\u043e\\u0438\\u0441\\u0442\\u043e\\u0447\\u043d\\u0438\\u043a Lorem Ipsum \\u0432 \\u0440\\u0430\\u0437\\u0434\\u0435\\u043b\\u0430\\u0445 1.10.32 \\u0438 1.10.33 \\u043a\\u043d\\u0438\\u0433\\u0438 \\\"de Finibus Bonorum et Malorum\\\" (\\\"\\u041e \\u043f\\u0440\\u0435\\u0434\\u0435\\u043b\\u0430\\u0445 \\u0434\\u043e\\u0431\\u0440\\u0430 \\u0438 \\u0437\\u043b\\u0430\\\"), \\u043d\\u0430\\u043f\\u0438\\u0441\\u0430\\u043d\\u043d\\u043e\\u0439 \\u0426\\u0438\\u0446\\u0435\\u0440\\u043e\\u043d\\u043e\\u043c \\u0432 45 \\u0433\\u043e\\u0434\\u0443 \\u043d.\\u044d. \\u042d\\u0442\\u043e\\u0442 \\u0442\\u0440\\u0430\\u043a\\u0442\\u0430\\u0442 \\u043f\\u043e \\u0442\\u0435\\u043e\\u0440\\u0438\\u0438 \\u044d\\u0442\\u0438\\u043a\\u0438 \\u0431\\u044b\\u043b \\u043e\\u0447\\u0435\\u043d\\u044c \\u043f\\u043e\\u043f\\u0443\\u043b\\u044f\\u0440\\u0435\\u043d \\u0432 \\u044d\\u043f\\u043e\\u0445\\u0443 \\u0412\\u043e\\u0437\\u0440\\u043e\\u0436\\u0434\\u0435\\u043d\\u0438\\u044f. \\u041f\\u0435\\u0440\\u0432\\u0430\\u044f \\u0441\\u0442\\u0440\\u043e\\u043a\\u0430 Lorem Ipsum, \\\"Lorem ipsum dolor sit amet..\\\", \\u043f\\u0440\\u043e\\u0438\\u0441\\u0445\\u043e\\u0434\\u0438\\u0442 \\u043e\\u0442 \\u043e\\u0434\\u043d\\u043e\\u0439 \\u0438\\u0437 \\u0441\\u0442\\u0440\\u043e\\u043a \\u0432 \\u0440\\u0430\\u0437\\u0434\\u0435\\u043b\\u0435 1.10.32<\\/p>\\r\\n\\r\\n<p>\\u041a\\u043b\\u0430\\u0441\\u0441\\u0438\\u0447\\u0435\\u0441\\u043a\\u0438\\u0439 \\u0442\\u0435\\u043a\\u0441\\u0442 Lorem Ipsum, \\u0438\\u0441\\u043f\\u043e\\u043b\\u044c\\u0437\\u0443\\u0435\\u043c\\u044b\\u0439 \\u0441 XVI \\u0432\\u0435\\u043a\\u0430, \\u043f\\u0440\\u0438\\u0432\\u0435\\u0434\\u0451\\u043d \\u043d\\u0438\\u0436\\u0435. \\u0422\\u0430\\u043a\\u0436\\u0435 \\u0434\\u0430\\u043d\\u044b \\u0440\\u0430\\u0437\\u0434\\u0435\\u043b\\u044b 1.10.32 \\u0438 1.10.33 \\\"de Finibus Bonorum et Malorum\\\" \\u0426\\u0438\\u0446\\u0435\\u0440\\u043e\\u043d\\u0430 \\u0438 \\u0438\\u0445 \\u0430\\u043d\\u0433\\u043b\\u0438\\u0439\\u0441\\u043a\\u0438\\u0439 \\u043f\\u0435\\u0440\\u0435\\u0432\\u043e\\u0434, \\u0441\\u0434\\u0435\\u043b\\u0430\\u043d\\u043d\\u044b\\u0439 H. Rackham, 1914 \\u0433\\u043e\\u0434.<\\/p>\"}}', '2016-07-01 07:25:20', '2016-07-01 07:25:20', '68b1bc0d-59ba-461e-8483-32a8b761f0ac'),
 ('88', '85', '9', '1', 'ru', '5', '', '{\"typeId\":\"9\",\"authorId\":null,\"title\":\"\\u041e \\u043c\\u0430\\u0440\\u0430\\u0444\\u043e\\u043d\\u0435\",\"slug\":\"\\u043e-\\u043c\\u0430\\u0440\\u0430\\u0444\\u043e\\u043d\\u0435\",\"postDate\":1467357864,\"expiryDate\":null,\"enabled\":1,\"parentId\":null,\"fields\":{\"10\":[\"89\"],\"7\":{\"86\":{\"type\":\"text\",\"enabled\":\"1\",\"fields\":{\"text\":\"<p>But I must explain to you how all this mistaken idea of denouncing pleasure and praising pain was born and I will give you a complete account of the system, and expound the actual teachings of the great explorer of the truth, the master-builder of human happiness. No one rejects, dislikes, or avoids pleasure itself, because it is pleasure, but because those who do not know how to pursue pleasure rationally encounter consequences that are extremely painful. Nor again is there anyone who loves or pursues or desires to obtain pain of itself, because it is pain, but because occasionally circumstances occur in which toil and pain can procure him some great pleasure. To take a trivial example, which of us ever undertakes laborious physical exercise, except to obtain some advantage from it? But who has any right to find fault with a man who chooses to enjoy a pleasure that has no annoying consequences, or one who avoids a pain that produces no resultant pleasure?<\\/p>\"}},\"87\":{\"type\":\"gallery\",\"enabled\":\"1\",\"fields\":{\"gallery\":[\"26\",\"30\",\"32\"]}},\"88\":{\"type\":\"text\",\"enabled\":\"1\",\"fields\":{\"text\":\"<p>Lorem ipsum dolor sit amet, consectetur adipiscing elit, sed do eiusmod tempor incididunt ut labore et dolore magna aliqua. Ut enim ad minim veniam, quis nostrud exercitation ullamco laboris nisi ut aliquip ex ea commodo consequat. Duis aute irure dolor in reprehenderit in voluptate velit esse cillum dolore eu fugiat nulla pariatur. Excepteur sint occaecat cupidatat non proident, sunt in culpa qui officia deserunt mollit anim id est laborum<\\/p>\"}}},\"17\":\"<p>\\u041c\\u043d\\u043e\\u0433\\u0438\\u0435 \\u0434\\u0443\\u043c\\u0430\\u044e\\u0442, \\u0447\\u0442\\u043e Lorem Ipsum - \\u0432\\u0437\\u044f\\u0442\\u044b\\u0439 \\u0441 \\u043f\\u043e\\u0442\\u043e\\u043b\\u043a\\u0430 \\u043f\\u0441\\u0435\\u0432\\u0434\\u043e-\\u043b\\u0430\\u0442\\u0438\\u043d\\u0441\\u043a\\u0438\\u0439 \\u043d\\u0430\\u0431\\u043e\\u0440 \\u0441\\u043b\\u043e\\u0432, \\u043d\\u043e \\u044d\\u0442\\u043e \\u043d\\u0435 \\u0441\\u043e\\u0432\\u0441\\u0435\\u043c \\u0442\\u0430\\u043a. \\u0415\\u0433\\u043e \\u043a\\u043e\\u0440\\u043d\\u0438 \\u0443\\u0445\\u043e\\u0434\\u044f\\u0442 \\u0432 \\u043e\\u0434\\u0438\\u043d \\u0444\\u0440\\u0430\\u0433\\u043c\\u0435\\u043d\\u0442 \\u043a\\u043b\\u0430\\u0441\\u0441\\u0438\\u0447\\u0435\\u0441\\u043a\\u043e\\u0439 \\u043b\\u0430\\u0442\\u044b\\u043d\\u0438 45 \\u0433\\u043e\\u0434\\u0430 \\u043d.\\u044d., \\u0442\\u043e \\u0435\\u0441\\u0442\\u044c \\u0431\\u043e\\u043b\\u0435\\u0435 \\u0434\\u0432\\u0443\\u0445 \\u0442\\u044b\\u0441\\u044f\\u0447\\u0435\\u043b\\u0435\\u0442\\u0438\\u0439 \\u043d\\u0430\\u0437\\u0430\\u0434. \\u0420\\u0438\\u0447\\u0430\\u0440\\u0434 \\u041c\\u0430\\u043a\\u041a\\u043b\\u0438\\u043d\\u0442\\u043e\\u043a, \\u043f\\u0440\\u043e\\u0444\\u0435\\u0441\\u0441\\u043e\\u0440 \\u043b\\u0430\\u0442\\u044b\\u043d\\u0438 \\u0438\\u0437 \\u043a\\u043e\\u043b\\u043b\\u0435\\u0434\\u0436\\u0430 Hampden-Sydney, \\u0448\\u0442\\u0430\\u0442 \\u0412\\u0438\\u0440\\u0434\\u0436\\u0438\\u043d\\u0438\\u044f, \\u0432\\u0437\\u044f\\u043b \\u043e\\u0434\\u043d\\u043e \\u0438\\u0437 \\u0441\\u0430\\u043c\\u044b\\u0445 \\u0441\\u0442\\u0440\\u0430\\u043d\\u043d\\u044b\\u0445 \\u0441\\u043b\\u043e\\u0432 \\u0432 Lorem Ipsum, \\\"consectetur\\\", \\u0438 \\u0437\\u0430\\u043d\\u044f\\u043b\\u0441\\u044f \\u0435\\u0433\\u043e \\u043f\\u043e\\u0438\\u0441\\u043a\\u0430\\u043c\\u0438 \\u0432 \\u043a\\u043b\\u0430\\u0441\\u0441\\u0438\\u0447\\u0435\\u0441\\u043a\\u043e\\u0439 \\u043b\\u0430\\u0442\\u0438\\u043d\\u0441\\u043a\\u043e\\u0439 \\u043b\\u0438\\u0442\\u0435\\u0440\\u0430\\u0442\\u0443\\u0440\\u0435. \\u0412 \\u0440\\u0435\\u0437\\u0443\\u043b\\u044c\\u0442\\u0430\\u0442\\u0435 \\u043e\\u043d \\u043d\\u0430\\u0448\\u0451\\u043b \\u043d\\u0435\\u043e\\u0441\\u043f\\u043e\\u0440\\u0438\\u043c\\u044b\\u0439 \\u043f\\u0435\\u0440\\u0432\\u043e\\u0438\\u0441\\u0442\\u043e\\u0447\\u043d\\u0438\\u043a Lorem Ipsum \\u0432 \\u0440\\u0430\\u0437\\u0434\\u0435\\u043b\\u0430\\u0445 1.10.32 \\u0438 1.10.33 \\u043a\\u043d\\u0438\\u0433\\u0438 \\\"de Finibus Bonorum et Malorum\\\" (\\\"\\u041e \\u043f\\u0440\\u0435\\u0434\\u0435\\u043b\\u0430\\u0445 \\u0434\\u043e\\u0431\\u0440\\u0430 \\u0438 \\u0437\\u043b\\u0430\\\"), \\u043d\\u0430\\u043f\\u0438\\u0441\\u0430\\u043d\\u043d\\u043e\\u0439 \\u0426\\u0438\\u0446\\u0435\\u0440\\u043e\\u043d\\u043e\\u043c \\u0432 45 \\u0433\\u043e\\u0434\\u0443 \\u043d.\\u044d. \\u042d\\u0442\\u043e\\u0442 \\u0442\\u0440\\u0430\\u043a\\u0442\\u0430\\u0442 \\u043f\\u043e \\u0442\\u0435\\u043e\\u0440\\u0438\\u0438 \\u044d\\u0442\\u0438\\u043a\\u0438 \\u0431\\u044b\\u043b \\u043e\\u0447\\u0435\\u043d\\u044c \\u043f\\u043e\\u043f\\u0443\\u043b\\u044f\\u0440\\u0435\\u043d \\u0432 \\u044d\\u043f\\u043e\\u0445\\u0443 \\u0412\\u043e\\u0437\\u0440\\u043e\\u0436\\u0434\\u0435\\u043d\\u0438\\u044f. \\u041f\\u0435\\u0440\\u0432\\u0430\\u044f \\u0441\\u0442\\u0440\\u043e\\u043a\\u0430 Lorem Ipsum, \\\"Lorem ipsum dolor sit amet..\\\", \\u043f\\u0440\\u043e\\u0438\\u0441\\u0445\\u043e\\u0434\\u0438\\u0442 \\u043e\\u0442 \\u043e\\u0434\\u043d\\u043e\\u0439 \\u0438\\u0437 \\u0441\\u0442\\u0440\\u043e\\u043a \\u0432 \\u0440\\u0430\\u0437\\u0434\\u0435\\u043b\\u0435 1.10.32<\\/p>\\r\\n\\r\\n<p>\\u041a\\u043b\\u0430\\u0441\\u0441\\u0438\\u0447\\u0435\\u0441\\u043a\\u0438\\u0439 \\u0442\\u0435\\u043a\\u0441\\u0442 Lorem Ipsum, \\u0438\\u0441\\u043f\\u043e\\u043b\\u044c\\u0437\\u0443\\u0435\\u043c\\u044b\\u0439 \\u0441 XVI \\u0432\\u0435\\u043a\\u0430, \\u043f\\u0440\\u0438\\u0432\\u0435\\u0434\\u0451\\u043d \\u043d\\u0438\\u0436\\u0435. \\u0422\\u0430\\u043a\\u0436\\u0435 \\u0434\\u0430\\u043d\\u044b \\u0440\\u0430\\u0437\\u0434\\u0435\\u043b\\u044b 1.10.32 \\u0438 1.10.33 \\\"de Finibus Bonorum et Malorum\\\" \\u0426\\u0438\\u0446\\u0435\\u0440\\u043e\\u043d\\u0430 \\u0438 \\u0438\\u0445 \\u0430\\u043d\\u0433\\u043b\\u0438\\u0439\\u0441\\u043a\\u0438\\u0439 \\u043f\\u0435\\u0440\\u0435\\u0432\\u043e\\u0434, \\u0441\\u0434\\u0435\\u043b\\u0430\\u043d\\u043d\\u044b\\u0439 H. Rackham, 1914 \\u0433\\u043e\\u0434.<\\/p>\"}}', '2016-07-01 07:26:03', '2016-07-01 07:26:03', 'ec9c06e9-4b2d-468c-9ba3-fa10551f03f3'),
 ('89', '85', '9', '1', 'ru', '6', '', '{\"typeId\":\"9\",\"authorId\":null,\"title\":\"\\u041e \\u043c\\u0430\\u0440\\u0430\\u0444\\u043e\\u043d\\u0435 \\u041c\\u043d\\u043e\\u0433\\u0438\\u0435 \\u0434\\u0443\\u043c\\u0430\\u044e\\u0442, \\u0447\\u0442\\u043e Lorem Ipsum - \\u0432\\u0437\\u044f\\u0442\\u044b\\u0439 \\u0441 \\u043f\\u043e\\u0442\\u043e\\u043b\\u043a\\u0430 \\u043f\\u0441\\u0435\\u0432\\u0434\\u043e-\\u043b\\u0430\\u0442\\u0438\\u043d\\u0441\\u043a\\u0438\\u0439 \\u043d\\u0430\\u0431\\u043e\\u0440 \\u0441\\u043b\\u043e\\u0432\",\"slug\":\"\\u043e-\\u043c\\u0430\\u0440\\u0430\\u0444\\u043e\\u043d\\u0435\",\"postDate\":1467357864,\"expiryDate\":null,\"enabled\":1,\"parentId\":null,\"fields\":{\"10\":[\"89\"],\"7\":{\"86\":{\"type\":\"text\",\"enabled\":\"1\",\"fields\":{\"text\":\"<p>But I must explain to you how all this mistaken idea of denouncing pleasure and praising pain was born and I will give you a complete account of the system, and expound the actual teachings of the great explorer of the truth, the master-builder of human happiness. No one rejects, dislikes, or avoids pleasure itself, because it is pleasure, but because those who do not know how to pursue pleasure rationally encounter consequences that are extremely painful. Nor again is there anyone who loves or pursues or desires to obtain pain of itself, because it is pain, but because occasionally circumstances occur in which toil and pain can procure him some great pleasure. To take a trivial example, which of us ever undertakes laborious physical exercise, except to obtain some advantage from it? But who has any right to find fault with a man who chooses to enjoy a pleasure that has no annoying consequences, or one who avoids a pain that produces no resultant pleasure?<\\/p>\"}},\"87\":{\"type\":\"gallery\",\"enabled\":\"1\",\"fields\":{\"gallery\":[\"26\",\"30\",\"32\"]}},\"88\":{\"type\":\"text\",\"enabled\":\"1\",\"fields\":{\"text\":\"<p>Lorem ipsum dolor sit amet, consectetur adipiscing elit, sed do eiusmod tempor incididunt ut labore et dolore magna aliqua. Ut enim ad minim veniam, quis nostrud exercitation ullamco laboris nisi ut aliquip ex ea commodo consequat. Duis aute irure dolor in reprehenderit in voluptate velit esse cillum dolore eu fugiat nulla pariatur. Excepteur sint occaecat cupidatat non proident, sunt in culpa qui officia deserunt mollit anim id est laborum<\\/p>\"}}},\"17\":\"<p>\\u041c\\u043d\\u043e\\u0433\\u0438\\u0435 \\u0434\\u0443\\u043c\\u0430\\u044e\\u0442, \\u0447\\u0442\\u043e Lorem Ipsum - \\u0432\\u0437\\u044f\\u0442\\u044b\\u0439 \\u0441 \\u043f\\u043e\\u0442\\u043e\\u043b\\u043a\\u0430 \\u043f\\u0441\\u0435\\u0432\\u0434\\u043e-\\u043b\\u0430\\u0442\\u0438\\u043d\\u0441\\u043a\\u0438\\u0439 \\u043d\\u0430\\u0431\\u043e\\u0440 \\u0441\\u043b\\u043e\\u0432, \\u043d\\u043e \\u044d\\u0442\\u043e \\u043d\\u0435 \\u0441\\u043e\\u0432\\u0441\\u0435\\u043c \\u0442\\u0430\\u043a. \\u0415\\u0433\\u043e \\u043a\\u043e\\u0440\\u043d\\u0438 \\u0443\\u0445\\u043e\\u0434\\u044f\\u0442 \\u0432 \\u043e\\u0434\\u0438\\u043d \\u0444\\u0440\\u0430\\u0433\\u043c\\u0435\\u043d\\u0442 \\u043a\\u043b\\u0430\\u0441\\u0441\\u0438\\u0447\\u0435\\u0441\\u043a\\u043e\\u0439 \\u043b\\u0430\\u0442\\u044b\\u043d\\u0438 45 \\u0433\\u043e\\u0434\\u0430 \\u043d.\\u044d., \\u0442\\u043e \\u0435\\u0441\\u0442\\u044c \\u0431\\u043e\\u043b\\u0435\\u0435 \\u0434\\u0432\\u0443\\u0445 \\u0442\\u044b\\u0441\\u044f\\u0447\\u0435\\u043b\\u0435\\u0442\\u0438\\u0439 \\u043d\\u0430\\u0437\\u0430\\u0434. \\u0420\\u0438\\u0447\\u0430\\u0440\\u0434 \\u041c\\u0430\\u043a\\u041a\\u043b\\u0438\\u043d\\u0442\\u043e\\u043a, \\u043f\\u0440\\u043e\\u0444\\u0435\\u0441\\u0441\\u043e\\u0440 \\u043b\\u0430\\u0442\\u044b\\u043d\\u0438 \\u0438\\u0437 \\u043a\\u043e\\u043b\\u043b\\u0435\\u0434\\u0436\\u0430 Hampden-Sydney, \\u0448\\u0442\\u0430\\u0442 \\u0412\\u0438\\u0440\\u0434\\u0436\\u0438\\u043d\\u0438\\u044f, \\u0432\\u0437\\u044f\\u043b \\u043e\\u0434\\u043d\\u043e \\u0438\\u0437 \\u0441\\u0430\\u043c\\u044b\\u0445 \\u0441\\u0442\\u0440\\u0430\\u043d\\u043d\\u044b\\u0445 \\u0441\\u043b\\u043e\\u0432 \\u0432 Lorem Ipsum, \\\"consectetur\\\", \\u0438 \\u0437\\u0430\\u043d\\u044f\\u043b\\u0441\\u044f \\u0435\\u0433\\u043e \\u043f\\u043e\\u0438\\u0441\\u043a\\u0430\\u043c\\u0438 \\u0432 \\u043a\\u043b\\u0430\\u0441\\u0441\\u0438\\u0447\\u0435\\u0441\\u043a\\u043e\\u0439 \\u043b\\u0430\\u0442\\u0438\\u043d\\u0441\\u043a\\u043e\\u0439 \\u043b\\u0438\\u0442\\u0435\\u0440\\u0430\\u0442\\u0443\\u0440\\u0435. \\u0412 \\u0440\\u0435\\u0437\\u0443\\u043b\\u044c\\u0442\\u0430\\u0442\\u0435 \\u043e\\u043d \\u043d\\u0430\\u0448\\u0451\\u043b \\u043d\\u0435\\u043e\\u0441\\u043f\\u043e\\u0440\\u0438\\u043c\\u044b\\u0439 \\u043f\\u0435\\u0440\\u0432\\u043e\\u0438\\u0441\\u0442\\u043e\\u0447\\u043d\\u0438\\u043a Lorem Ipsum \\u0432 \\u0440\\u0430\\u0437\\u0434\\u0435\\u043b\\u0430\\u0445 1.10.32 \\u0438 1.10.33 \\u043a\\u043d\\u0438\\u0433\\u0438 \\\"de Finibus Bonorum et Malorum\\\" (\\\"\\u041e \\u043f\\u0440\\u0435\\u0434\\u0435\\u043b\\u0430\\u0445 \\u0434\\u043e\\u0431\\u0440\\u0430 \\u0438 \\u0437\\u043b\\u0430\\\"), \\u043d\\u0430\\u043f\\u0438\\u0441\\u0430\\u043d\\u043d\\u043e\\u0439 \\u0426\\u0438\\u0446\\u0435\\u0440\\u043e\\u043d\\u043e\\u043c \\u0432 45 \\u0433\\u043e\\u0434\\u0443 \\u043d.\\u044d. \\u042d\\u0442\\u043e\\u0442 \\u0442\\u0440\\u0430\\u043a\\u0442\\u0430\\u0442 \\u043f\\u043e \\u0442\\u0435\\u043e\\u0440\\u0438\\u0438 \\u044d\\u0442\\u0438\\u043a\\u0438 \\u0431\\u044b\\u043b \\u043e\\u0447\\u0435\\u043d\\u044c \\u043f\\u043e\\u043f\\u0443\\u043b\\u044f\\u0440\\u0435\\u043d \\u0432 \\u044d\\u043f\\u043e\\u0445\\u0443 \\u0412\\u043e\\u0437\\u0440\\u043e\\u0436\\u0434\\u0435\\u043d\\u0438\\u044f. \\u041f\\u0435\\u0440\\u0432\\u0430\\u044f \\u0441\\u0442\\u0440\\u043e\\u043a\\u0430 Lorem Ipsum, \\\"Lorem ipsum dolor sit amet..\\\", \\u043f\\u0440\\u043e\\u0438\\u0441\\u0445\\u043e\\u0434\\u0438\\u0442 \\u043e\\u0442 \\u043e\\u0434\\u043d\\u043e\\u0439 \\u0438\\u0437 \\u0441\\u0442\\u0440\\u043e\\u043a \\u0432 \\u0440\\u0430\\u0437\\u0434\\u0435\\u043b\\u0435 1.10.32<\\/p>\\r\\n\\r\\n<p>\\u041a\\u043b\\u0430\\u0441\\u0441\\u0438\\u0447\\u0435\\u0441\\u043a\\u0438\\u0439 \\u0442\\u0435\\u043a\\u0441\\u0442 Lorem Ipsum, \\u0438\\u0441\\u043f\\u043e\\u043b\\u044c\\u0437\\u0443\\u0435\\u043c\\u044b\\u0439 \\u0441 XVI \\u0432\\u0435\\u043a\\u0430, \\u043f\\u0440\\u0438\\u0432\\u0435\\u0434\\u0451\\u043d \\u043d\\u0438\\u0436\\u0435. \\u0422\\u0430\\u043a\\u0436\\u0435 \\u0434\\u0430\\u043d\\u044b \\u0440\\u0430\\u0437\\u0434\\u0435\\u043b\\u044b 1.10.32 \\u0438 1.10.33 \\\"de Finibus Bonorum et Malorum\\\" \\u0426\\u0438\\u0446\\u0435\\u0440\\u043e\\u043d\\u0430 \\u0438 \\u0438\\u0445 \\u0430\\u043d\\u0433\\u043b\\u0438\\u0439\\u0441\\u043a\\u0438\\u0439 \\u043f\\u0435\\u0440\\u0435\\u0432\\u043e\\u0434, \\u0441\\u0434\\u0435\\u043b\\u0430\\u043d\\u043d\\u044b\\u0439 H. Rackham, 1914 \\u0433\\u043e\\u0434.<\\/p>\"}}', '2016-07-01 07:30:39', '2016-07-01 07:30:39', '2e6917be-0362-44ea-bffe-ed1b8f5498e1'),
 ('90', '85', '9', '1', 'ru', '7', '', '{\"typeId\":\"9\",\"authorId\":null,\"title\":\"\\u041e \\u043c\\u0430\\u0440\\u0430\\u0444\\u043e\\u043d\\u0435\",\"slug\":\"\\u043e-\\u043c\\u0430\\u0440\\u0430\\u0444\\u043e\\u043d\\u0435\",\"postDate\":1467357864,\"expiryDate\":null,\"enabled\":1,\"parentId\":null,\"fields\":{\"10\":[\"89\"],\"7\":{\"86\":{\"type\":\"text\",\"enabled\":\"1\",\"fields\":{\"text\":\"<p>But I must explain to you how all this mistaken idea of denouncing pleasure and praising pain was born and I will give you a complete account of the system, and expound the actual teachings of the great explorer of the truth, the master-builder of human happiness. No one rejects, dislikes, or avoids pleasure itself, because it is pleasure, but because those who do not know how to pursue pleasure rationally encounter consequences that are extremely painful. Nor again is there anyone who loves or pursues or desires to obtain pain of itself, because it is pain, but because occasionally circumstances occur in which toil and pain can procure him some great pleasure. To take a trivial example, which of us ever undertakes laborious physical exercise, except to obtain some advantage from it? But who has any right to find fault with a man who chooses to enjoy a pleasure that has no annoying consequences, or one who avoids a pain that produces no resultant pleasure?<\\/p>\"}},\"87\":{\"type\":\"gallery\",\"enabled\":\"1\",\"fields\":{\"gallery\":[\"26\",\"30\",\"32\"]}},\"88\":{\"type\":\"text\",\"enabled\":\"1\",\"fields\":{\"text\":\"<p>Lorem ipsum dolor sit amet, consectetur adipiscing elit, sed do eiusmod tempor incididunt ut labore et dolore magna aliqua. Ut enim ad minim veniam, quis nostrud exercitation ullamco laboris nisi ut aliquip ex ea commodo consequat. Duis aute irure dolor in reprehenderit in voluptate velit esse cillum dolore eu fugiat nulla pariatur. Excepteur sint occaecat cupidatat non proident, sunt in culpa qui officia deserunt mollit anim id est laborum<\\/p>\"}}},\"17\":\"<p>\\u041c\\u043d\\u043e\\u0433\\u0438\\u0435 \\u0434\\u0443\\u043c\\u0430\\u044e\\u0442, \\u0447\\u0442\\u043e Lorem Ipsum - \\u0432\\u0437\\u044f\\u0442\\u044b\\u0439 \\u0441 \\u043f\\u043e\\u0442\\u043e\\u043b\\u043a\\u0430 \\u043f\\u0441\\u0435\\u0432\\u0434\\u043e-\\u043b\\u0430\\u0442\\u0438\\u043d\\u0441\\u043a\\u0438\\u0439 \\u043d\\u0430\\u0431\\u043e\\u0440 \\u0441\\u043b\\u043e\\u0432, \\u043d\\u043e \\u044d\\u0442\\u043e \\u043d\\u0435 \\u0441\\u043e\\u0432\\u0441\\u0435\\u043c \\u0442\\u0430\\u043a. \\u0415\\u0433\\u043e \\u043a\\u043e\\u0440\\u043d\\u0438 \\u0443\\u0445\\u043e\\u0434\\u044f\\u0442 \\u0432 \\u043e\\u0434\\u0438\\u043d \\u0444\\u0440\\u0430\\u0433\\u043c\\u0435\\u043d\\u0442 \\u043a\\u043b\\u0430\\u0441\\u0441\\u0438\\u0447\\u0435\\u0441\\u043a\\u043e\\u0439 \\u043b\\u0430\\u0442\\u044b\\u043d\\u0438 45 \\u0433\\u043e\\u0434\\u0430 \\u043d.\\u044d., \\u0442\\u043e \\u0435\\u0441\\u0442\\u044c \\u0431\\u043e\\u043b\\u0435\\u0435 \\u0434\\u0432\\u0443\\u0445 \\u0442\\u044b\\u0441\\u044f\\u0447\\u0435\\u043b\\u0435\\u0442\\u0438\\u0439 \\u043d\\u0430\\u0437\\u0430\\u0434. \\u0420\\u0438\\u0447\\u0430\\u0440\\u0434 \\u041c\\u0430\\u043a\\u041a\\u043b\\u0438\\u043d\\u0442\\u043e\\u043a, \\u043f\\u0440\\u043e\\u0444\\u0435\\u0441\\u0441\\u043e\\u0440 \\u043b\\u0430\\u0442\\u044b\\u043d\\u0438 \\u0438\\u0437 \\u043a\\u043e\\u043b\\u043b\\u0435\\u0434\\u0436\\u0430 Hampden-Sydney, \\u0448\\u0442\\u0430\\u0442 \\u0412\\u0438\\u0440\\u0434\\u0436\\u0438\\u043d\\u0438\\u044f, \\u0432\\u0437\\u044f\\u043b \\u043e\\u0434\\u043d\\u043e \\u0438\\u0437 \\u0441\\u0430\\u043c\\u044b\\u0445 \\u0441\\u0442\\u0440\\u0430\\u043d\\u043d\\u044b\\u0445 \\u0441\\u043b\\u043e\\u0432 \\u0432 Lorem Ipsum, \\\"consectetur\\\", \\u0438 \\u0437\\u0430\\u043d\\u044f\\u043b\\u0441\\u044f \\u0435\\u0433\\u043e \\u043f\\u043e\\u0438\\u0441\\u043a\\u0430\\u043c\\u0438 \\u0432 \\u043a\\u043b\\u0430\\u0441\\u0441\\u0438\\u0447\\u0435\\u0441\\u043a\\u043e\\u0439 \\u043b\\u0430\\u0442\\u0438\\u043d\\u0441\\u043a\\u043e\\u0439 \\u043b\\u0438\\u0442\\u0435\\u0440\\u0430\\u0442\\u0443\\u0440\\u0435. \\u0412 \\u0440\\u0435\\u0437\\u0443\\u043b\\u044c\\u0442\\u0430\\u0442\\u0435 \\u043e\\u043d \\u043d\\u0430\\u0448\\u0451\\u043b \\u043d\\u0435\\u043e\\u0441\\u043f\\u043e\\u0440\\u0438\\u043c\\u044b\\u0439 \\u043f\\u0435\\u0440\\u0432\\u043e\\u0438\\u0441\\u0442\\u043e\\u0447\\u043d\\u0438\\u043a Lorem Ipsum \\u0432 \\u0440\\u0430\\u0437\\u0434\\u0435\\u043b\\u0430\\u0445 1.10.32 \\u0438 1.10.33 \\u043a\\u043d\\u0438\\u0433\\u0438 \\\"de Finibus Bonorum et Malorum\\\" (\\\"\\u041e \\u043f\\u0440\\u0435\\u0434\\u0435\\u043b\\u0430\\u0445 \\u0434\\u043e\\u0431\\u0440\\u0430 \\u0438 \\u0437\\u043b\\u0430\\\"), \\u043d\\u0430\\u043f\\u0438\\u0441\\u0430\\u043d\\u043d\\u043e\\u0439 \\u0426\\u0438\\u0446\\u0435\\u0440\\u043e\\u043d\\u043e\\u043c \\u0432 45 \\u0433\\u043e\\u0434\\u0443 \\u043d.\\u044d. \\u042d\\u0442\\u043e\\u0442 \\u0442\\u0440\\u0430\\u043a\\u0442\\u0430\\u0442 \\u043f\\u043e \\u0442\\u0435\\u043e\\u0440\\u0438\\u0438 \\u044d\\u0442\\u0438\\u043a\\u0438 \\u0431\\u044b\\u043b \\u043e\\u0447\\u0435\\u043d\\u044c \\u043f\\u043e\\u043f\\u0443\\u043b\\u044f\\u0440\\u0435\\u043d \\u0432 \\u044d\\u043f\\u043e\\u0445\\u0443 \\u0412\\u043e\\u0437\\u0440\\u043e\\u0436\\u0434\\u0435\\u043d\\u0438\\u044f. \\u041f\\u0435\\u0440\\u0432\\u0430\\u044f \\u0441\\u0442\\u0440\\u043e\\u043a\\u0430 Lorem Ipsum, \\\"Lorem ipsum dolor sit amet..\\\", \\u043f\\u0440\\u043e\\u0438\\u0441\\u0445\\u043e\\u0434\\u0438\\u0442 \\u043e\\u0442 \\u043e\\u0434\\u043d\\u043e\\u0439 \\u0438\\u0437 \\u0441\\u0442\\u0440\\u043e\\u043a \\u0432 \\u0440\\u0430\\u0437\\u0434\\u0435\\u043b\\u0435 1.10.32<\\/p>\\r\\n\\r\\n<p>\\u041a\\u043b\\u0430\\u0441\\u0441\\u0438\\u0447\\u0435\\u0441\\u043a\\u0438\\u0439 \\u0442\\u0435\\u043a\\u0441\\u0442 Lorem Ipsum, \\u0438\\u0441\\u043f\\u043e\\u043b\\u044c\\u0437\\u0443\\u0435\\u043c\\u044b\\u0439 \\u0441 XVI \\u0432\\u0435\\u043a\\u0430, \\u043f\\u0440\\u0438\\u0432\\u0435\\u0434\\u0451\\u043d \\u043d\\u0438\\u0436\\u0435. \\u0422\\u0430\\u043a\\u0436\\u0435 \\u0434\\u0430\\u043d\\u044b \\u0440\\u0430\\u0437\\u0434\\u0435\\u043b\\u044b 1.10.32 \\u0438 1.10.33 \\\"de Finibus Bonorum et Malorum\\\" \\u0426\\u0438\\u0446\\u0435\\u0440\\u043e\\u043d\\u0430 \\u0438 \\u0438\\u0445 \\u0430\\u043d\\u0433\\u043b\\u0438\\u0439\\u0441\\u043a\\u0438\\u0439 \\u043f\\u0435\\u0440\\u0435\\u0432\\u043e\\u0434, \\u0441\\u0434\\u0435\\u043b\\u0430\\u043d\\u043d\\u044b\\u0439 H. Rackham, 1914 \\u0433\\u043e\\u0434.<\\/p>\"}}', '2016-07-01 07:31:46', '2016-07-01 07:31:46', '2d9e14ce-fb10-4b7e-9403-80495a945342'),
 ('91', '90', '4', '1', 'ru', '1', '', '{\"typeId\":null,\"authorId\":\"1\",\"title\":\"\\u042d\\u0442\\u043e \\u0442\\u0435\\u0441\\u0442\\u043e\\u0432\\u0430\\u044f \\u0441\\u0442\\u0440\\u0430\\u043d\\u0438\\u0446\\u0430\",\"slug\":\"\\u044d\\u0442\\u043e-\\u0442\\u0435\\u0441\\u0442\\u043e\\u0432\\u0430\\u044f-\\u0441\\u0442\\u0440\\u0430\\u043d\\u0438\\u0446\\u0430\",\"postDate\":1467361003,\"expiryDate\":null,\"enabled\":1,\"parentId\":\"\",\"fields\":{\"10\":\"\",\"7\":{\"new1\":{\"type\":\"text\",\"enabled\":\"1\",\"fields\":{\"text\":\"<p>\\u0432\\u044b\\u0444\\u0432\\u044b\\u0444\\u0432\\u0444\\u044b\\u0432<\\/p>\"}}}}}', '2016-07-01 08:16:43', '2016-07-01 08:16:43', 'dc6947d3-174a-407a-ab5f-1870106be989');



DROP TABLE IF EXISTS `craft_fieldgroups`;


--
-- Schema for table `craft_fieldgroups`
--
CREATE TABLE `craft_fieldgroups` (
  `id` int(11) NOT NULL AUTO_INCREMENT,
  `name` varchar(255) COLLATE utf8_unicode_ci NOT NULL,
  `dateCreated` datetime NOT NULL,
  `dateUpdated` datetime NOT NULL,
  `uid` char(36) COLLATE utf8_unicode_ci NOT NULL DEFAULT '0',
  PRIMARY KEY (`id`),
  UNIQUE KEY `craft_fieldgroups_name_unq_idx` (`name`)
) ENGINE=InnoDB AUTO_INCREMENT=4 DEFAULT CHARSET=utf8 COLLATE=utf8_unicode_ci;

--
-- Data for table `craft_fieldgroups`
--

INSERT INTO `craft_fieldgroups` (`id`, `name`, `dateCreated`, `dateUpdated`, `uid`) VALUES
 ('1', 'Default', '2016-06-27 11:32:39', '2016-06-27 11:32:39', 'f23a6387-140d-40ca-b624-7e82ebce167a'),
 ('3', 'Галерея', '2016-06-27 12:50:07', '2016-06-27 12:50:07', 'e8f5d6a4-b777-4f39-9cc9-a5affa1bf96e');



DROP TABLE IF EXISTS `craft_fieldlayoutfields`;


--
-- Schema for table `craft_fieldlayoutfields`
--
CREATE TABLE `craft_fieldlayoutfields` (
  `id` int(11) NOT NULL AUTO_INCREMENT,
  `layoutId` int(11) NOT NULL,
  `tabId` int(11) NOT NULL,
  `fieldId` int(11) NOT NULL,
  `required` tinyint(1) unsigned NOT NULL DEFAULT '0',
  `sortOrder` smallint(6) unsigned DEFAULT NULL,
  `dateCreated` datetime NOT NULL,
  `dateUpdated` datetime NOT NULL,
  `uid` char(36) COLLATE utf8_unicode_ci NOT NULL DEFAULT '0',
  PRIMARY KEY (`id`),
  UNIQUE KEY `craft_fieldlayoutfields_layoutId_fieldId_unq_idx` (`layoutId`,`fieldId`),
  KEY `craft_fieldlayoutfields_sortOrder_idx` (`sortOrder`),
  KEY `craft_fieldlayoutfields_tabId_fk` (`tabId`),
  KEY `craft_fieldlayoutfields_fieldId_fk` (`fieldId`)
) ENGINE=InnoDB AUTO_INCREMENT=93 DEFAULT CHARSET=utf8 COLLATE=utf8_unicode_ci;

--
-- Data for table `craft_fieldlayoutfields`
--

INSERT INTO `craft_fieldlayoutfields` (`id`, `layoutId`, `tabId`, `fieldId`, `required`, `sortOrder`, `dateCreated`, `dateUpdated`, `uid`) VALUES
 ('16', '17', '12', '6', '0', '1', '2016-06-27 11:52:43', '2016-06-27 11:52:43', 'e817b538-c472-4b42-b99f-e21c1f1b8226'),
 ('24', '28', '19', '10', '0', '2', '2016-06-27 12:08:58', '2016-06-27 12:08:58', 'd6b62e7c-297c-4160-96b0-574a729c7570'),
 ('25', '28', '19', '11', '0', '3', '2016-06-27 12:08:58', '2016-06-27 12:08:58', '0c7ff1ec-c5ca-4be2-a9dd-e88c1cacbd18'),
 ('36', '37', '27', '13', '0', '1', '2016-06-27 12:24:36', '2016-06-27 12:24:36', 'c4e2bdde-2d40-4806-a75c-4abf8ad2381e'),
 ('41', '44', '31', '10', '0', '1', '2016-06-30 02:24:08', '2016-06-30 02:24:08', '9f5eed6f-fe38-4edd-bf37-4a4d411f9fec'),
 ('42', '44', '31', '14', '0', '2', '2016-06-30 02:24:08', '2016-06-30 02:24:08', 'bb5f2864-3707-4510-accd-f7bd4a42823e'),
 ('46', '49', '35', '1', '1', '1', '2016-06-30 11:23:54', '2016-06-30 11:23:54', '66b94345-0a12-4e14-8c70-80502ad4fa98'),
 ('48', '51', '37', '15', '0', '1', '2016-06-30 11:37:22', '2016-06-30 11:37:22', '38e517c3-787b-4bfb-930d-09331eced4c9'),
 ('49', '51', '37', '11', '0', '2', '2016-06-30 11:37:22', '2016-06-30 11:37:22', '01356fcb-0f65-4ae3-975c-5462ef8cd26f'),
 ('66', '64', '50', '11', '0', '1', '2016-06-30 13:32:05', '2016-06-30 13:32:05', '9b65e780-9f00-488a-9032-b268f135920a'),
 ('67', '65', '51', '11', '0', '1', '2016-06-30 13:32:10', '2016-06-30 13:32:10', '44dc9dae-9bce-45b2-8aa6-99e69c798535'),
 ('68', '66', '52', '11', '0', '1', '2016-06-30 13:32:15', '2016-06-30 13:32:15', '6cb54f3f-7159-40dc-a35d-7791936b72b2'),
 ('69', '67', '53', '11', '0', '1', '2016-06-30 13:32:19', '2016-06-30 13:32:19', '8043a2cd-fc1c-4c43-9053-952b815e3254'),
 ('72', '69', '55', '16', '0', '1', '2016-06-30 13:53:20', '2016-06-30 13:53:20', '9328e82d-1b17-48f8-bae7-cdd0676ba28d'),
 ('73', '69', '55', '10', '0', '2', '2016-06-30 13:53:20', '2016-06-30 13:53:20', '6e34fde3-189a-4f2e-bc4b-9a92f47dbe51'),
 ('74', '69', '55', '1', '0', '3', '2016-06-30 13:53:20', '2016-06-30 13:53:20', '662fff12-fd0c-48b4-adb0-b61884d30a9e'),
 ('78', '71', '57', '10', '0', '1', '2016-07-01 05:45:09', '2016-07-01 05:45:09', '85030935-415e-418a-97f6-65d1b9cbb760'),
 ('79', '71', '57', '17', '0', '2', '2016-07-01 05:45:09', '2016-07-01 05:45:09', '51e295f5-dae3-4bd2-88b4-c7fc0deb99f2'),
 ('80', '71', '57', '7', '0', '3', '2016-07-01 05:45:09', '2016-07-01 05:45:09', '353a750e-86c9-4fa0-a2a3-d17dce2ec57c'),
 ('81', '72', '58', '8', '0', '1', '2016-07-01 05:49:55', '2016-07-01 05:49:55', 'e6908998-d671-47aa-a707-5daa14bd444e'),
 ('82', '73', '59', '9', '0', '1', '2016-07-01 05:49:55', '2016-07-01 05:49:55', 'e0b20a82-cb0e-4156-bb6d-497df02e0cc2'),
 ('83', '74', '60', '18', '0', '1', '2016-07-01 05:49:55', '2016-07-01 05:49:55', 'b6124d0b-f10a-4a51-af34-37b6911245f0'),
 ('87', '77', '62', '10', '0', '1', '2016-07-01 07:14:57', '2016-07-01 07:14:57', '2829381c-ae05-4d0c-9383-5694d4a04253'),
 ('88', '77', '62', '17', '0', '2', '2016-07-01 07:14:57', '2016-07-01 07:14:57', '8c49b633-f3a2-4896-92ac-db8b01001323'),
 ('89', '77', '62', '7', '0', '3', '2016-07-01 07:14:57', '2016-07-01 07:14:57', '4c4ba845-bd21-4baa-b22a-bacf1d55f1a9'),
 ('92', '79', '64', '7', '0', '1', '2016-07-01 08:16:56', '2016-07-01 08:16:56', '21fea917-9be3-466c-afe9-8ce8f379b39d');



DROP TABLE IF EXISTS `craft_fieldlayouts`;


--
-- Schema for table `craft_fieldlayouts`
--
CREATE TABLE `craft_fieldlayouts` (
  `id` int(11) NOT NULL AUTO_INCREMENT,
  `type` varchar(150) COLLATE utf8_unicode_ci NOT NULL,
  `dateCreated` datetime NOT NULL,
  `dateUpdated` datetime NOT NULL,
  `uid` char(36) COLLATE utf8_unicode_ci NOT NULL DEFAULT '0',
  PRIMARY KEY (`id`),
  KEY `craft_fieldlayouts_type_idx` (`type`)
) ENGINE=InnoDB AUTO_INCREMENT=80 DEFAULT CHARSET=utf8 COLLATE=utf8_unicode_ci;

--
-- Data for table `craft_fieldlayouts`
--

INSERT INTO `craft_fieldlayouts` (`id`, `type`, `dateCreated`, `dateUpdated`, `uid`) VALUES
 ('1', 'Tag', '2016-06-27 11:32:39', '2016-06-27 11:32:39', 'a2c9cce8-53c4-425c-b395-4e32e97e5891'),
 ('17', 'Entry', '2016-06-27 11:52:43', '2016-06-27 11:52:43', 'f0ede1f9-c4fe-439f-b1e2-d26ea49f551a'),
 ('28', 'Entry', '2016-06-27 12:08:58', '2016-06-27 12:08:58', 'c3b630fa-18b9-422b-ac63-90635cc92644'),
 ('32', 'Asset', '2016-06-27 12:12:21', '2016-06-27 12:12:21', '76af6253-7417-4aac-898f-5eac1d4b4a52'),
 ('37', 'GlobalSet', '2016-06-27 12:24:36', '2016-06-27 12:24:36', '8957964f-d6e6-4288-bb1c-25d4d8a298aa'),
 ('43', 'Entry', '2016-06-27 12:54:06', '2016-06-27 12:54:06', 'a0f2f050-cad0-462b-a1f1-1d28ac028a47'),
 ('44', 'Entry', '2016-06-30 02:24:08', '2016-06-30 02:24:08', '25b45f69-fad9-44dd-a751-a75c18770da6'),
 ('45', 'Asset', '2016-06-30 02:28:05', '2016-06-30 02:28:05', '6caca325-4079-43a7-9799-93428048dcf2'),
 ('49', 'Entry', '2016-06-30 11:23:54', '2016-06-30 11:23:54', '0d94e444-27bb-4ac6-9349-2214e6fa5892'),
 ('51', 'GlobalSet', '2016-06-30 11:37:22', '2016-06-30 11:37:22', '962b128e-b408-4440-9f05-13cb22acd23d'),
 ('64', 'GlobalSet', '2016-06-30 13:32:05', '2016-06-30 13:32:05', 'b9e79ac4-0c5c-46d3-943c-ff8f5e6cda80'),
 ('65', 'GlobalSet', '2016-06-30 13:32:10', '2016-06-30 13:32:10', '3922c494-2980-4aae-a691-c90c56e294e1'),
 ('66', 'GlobalSet', '2016-06-30 13:32:15', '2016-06-30 13:32:15', 'dc3ff664-7481-497f-9782-573a9a0dfd70'),
 ('67', 'GlobalSet', '2016-06-30 13:32:19', '2016-06-30 13:32:19', '1a0a6daf-7c91-4265-8549-3665cbb43204'),
 ('69', 'Entry', '2016-06-30 13:53:20', '2016-06-30 13:53:20', '9ec47d1b-6930-4029-9e70-a798eecc07a9'),
 ('71', 'Entry', '2016-07-01 05:45:09', '2016-07-01 05:45:09', 'b72572ab-95e3-4fe1-a166-339df5cfc18c'),
 ('72', 'MatrixBlock', '2016-07-01 05:49:55', '2016-07-01 05:49:55', 'cc91b402-18f3-4397-83b4-3deec66787f5'),
 ('73', 'MatrixBlock', '2016-07-01 05:49:55', '2016-07-01 05:49:55', 'a1a1b2d5-1db8-4691-a852-f850d5fc5e22'),
 ('74', 'MatrixBlock', '2016-07-01 05:49:55', '2016-07-01 05:49:55', '73ff0f4b-8e43-4266-8ce8-169e60b27be3'),
 ('77', 'Entry', '2016-07-01 07:14:57', '2016-07-01 07:14:57', '90d439d8-b0ed-467c-9b29-42723fd233ce'),
 ('79', 'Entry', '2016-07-01 08:16:56', '2016-07-01 08:16:56', '28dbe60a-bf4f-4bba-b992-57440dbd86f1');



DROP TABLE IF EXISTS `craft_fieldlayouttabs`;


--
-- Schema for table `craft_fieldlayouttabs`
--
CREATE TABLE `craft_fieldlayouttabs` (
  `id` int(11) NOT NULL AUTO_INCREMENT,
  `layoutId` int(11) NOT NULL,
  `name` varchar(255) COLLATE utf8_unicode_ci NOT NULL,
  `sortOrder` smallint(6) unsigned DEFAULT NULL,
  `dateCreated` datetime NOT NULL,
  `dateUpdated` datetime NOT NULL,
  `uid` char(36) COLLATE utf8_unicode_ci NOT NULL DEFAULT '0',
  PRIMARY KEY (`id`),
  KEY `craft_fieldlayouttabs_sortOrder_idx` (`sortOrder`),
  KEY `craft_fieldlayouttabs_layoutId_fk` (`layoutId`)
) ENGINE=InnoDB AUTO_INCREMENT=65 DEFAULT CHARSET=utf8 COLLATE=utf8_unicode_ci;

--
-- Data for table `craft_fieldlayouttabs`
--

INSERT INTO `craft_fieldlayouttabs` (`id`, `layoutId`, `name`, `sortOrder`, `dateCreated`, `dateUpdated`, `uid`) VALUES
 ('12', '17', 'Контент', '1', '2016-06-27 11:52:43', '2016-06-27 11:52:43', '833f051d-a2c5-445b-b7a4-b5559586b8f6'),
 ('19', '28', 'Tab 1', '1', '2016-06-27 12:08:58', '2016-06-27 12:08:58', '2391c6a7-0cc6-4c81-b932-65b022f447a9'),
 ('27', '37', 'Контент', '1', '2016-06-27 12:24:36', '2016-06-27 12:24:36', '3b77fcc9-9a32-423b-a558-d2e325764ff7'),
 ('31', '44', 'Tab 1', '1', '2016-06-30 02:24:08', '2016-06-30 02:24:08', '1420516b-af8c-42cd-a0e0-76220c59c0f0'),
 ('35', '49', 'Content', '1', '2016-06-30 11:23:54', '2016-06-30 11:23:54', 'b645d7d5-dd71-4d7c-9e64-a67ee6d760d6'),
 ('37', '51', 'Контент', '1', '2016-06-30 11:37:22', '2016-06-30 11:37:22', 'e1566051-2d09-4fc8-9dad-503d15861d5f'),
 ('50', '64', 'Контент', '1', '2016-06-30 13:32:05', '2016-06-30 13:32:05', 'dd93b1bd-2ed3-4e81-a6c6-5060479e57d8'),
 ('51', '65', 'Контент', '1', '2016-06-30 13:32:10', '2016-06-30 13:32:10', 'a8c85d05-d7f9-49b5-8a6f-c76eca526d32'),
 ('52', '66', 'Контент', '1', '2016-06-30 13:32:15', '2016-06-30 13:32:15', 'e37c9559-715d-4b43-b554-8d2cfc0ba747'),
 ('53', '67', 'Контент', '1', '2016-06-30 13:32:19', '2016-06-30 13:32:19', '5eb03f95-bc40-40a7-a72e-717cc33e69c9'),
 ('55', '69', 'Tab 1', '1', '2016-06-30 13:53:20', '2016-06-30 13:53:20', '47d6422a-4ba0-4316-bd6e-d649eb4e9fb2'),
 ('57', '71', 'Content', '1', '2016-07-01 05:45:09', '2016-07-01 05:45:09', '9e7b7070-cd82-4f21-9d85-268f7ae19645'),
 ('58', '72', 'Content', '1', '2016-07-01 05:49:55', '2016-07-01 05:49:55', '99b2d3d4-d4bf-4e4e-9743-e1eee01a8ff1'),
 ('59', '73', 'Content', '1', '2016-07-01 05:49:55', '2016-07-01 05:49:55', '8fce459f-9346-4db6-86c4-8de364df49e1'),
 ('60', '74', 'Content', '1', '2016-07-01 05:49:55', '2016-07-01 05:49:55', 'd9602639-aea8-4329-ab97-d3b93c850d72'),
 ('62', '77', 'Tab 1', '1', '2016-07-01 07:14:57', '2016-07-01 07:14:57', '809b8e5b-4c59-4151-bd43-d82533ca6078'),
 ('64', '79', 'Tab 1', '1', '2016-07-01 08:16:56', '2016-07-01 08:16:56', '8ade24af-fd3c-4fdf-9fc9-da07c0c3bee6');



DROP TABLE IF EXISTS `craft_fields`;


--
-- Schema for table `craft_fields`
--
CREATE TABLE `craft_fields` (
  `id` int(11) NOT NULL AUTO_INCREMENT,
  `groupId` int(11) DEFAULT NULL,
  `name` varchar(255) COLLATE utf8_unicode_ci NOT NULL,
  `handle` varchar(58) COLLATE utf8_unicode_ci NOT NULL,
  `context` varchar(255) COLLATE utf8_unicode_ci NOT NULL DEFAULT 'global',
  `instructions` text COLLATE utf8_unicode_ci,
  `translatable` tinyint(1) unsigned NOT NULL DEFAULT '0',
  `type` varchar(150) COLLATE utf8_unicode_ci NOT NULL,
  `settings` text COLLATE utf8_unicode_ci,
  `dateCreated` datetime NOT NULL,
  `dateUpdated` datetime NOT NULL,
  `uid` char(36) COLLATE utf8_unicode_ci NOT NULL DEFAULT '0',
  PRIMARY KEY (`id`),
  UNIQUE KEY `craft_fields_handle_context_unq_idx` (`handle`,`context`),
  KEY `craft_fields_context_idx` (`context`),
  KEY `craft_fields_groupId_fk` (`groupId`)
) ENGINE=InnoDB AUTO_INCREMENT=19 DEFAULT CHARSET=utf8 COLLATE=utf8_unicode_ci;

--
-- Data for table `craft_fields`
--

INSERT INTO `craft_fields` (`id`, `groupId`, `name`, `handle`, `context`, `instructions`, `translatable`, `type`, `settings`, `dateCreated`, `dateUpdated`, `uid`) VALUES
 ('1', '1', 'Body', 'body', 'global', NULL, '1', 'RichText', '{\"configFile\":\"Standard.json\",\"columnType\":\"text\"}', '2016-06-27 11:32:39', '2016-06-27 11:32:39', '859eb526-7615-4fca-9eb3-940376ab8635'),
 ('2', '1', 'Tags', 'tags', 'global', NULL, '0', 'Tags', '{\"source\":\"taggroup:1\"}', '2016-06-27 11:32:39', '2016-06-27 11:32:39', 'a0d80cc2-1929-47b3-b7a1-fd281ee9925f'),
 ('6', '1', 'Запись', 'entry', 'global', '', '0', 'Entries', '{\"sources\":\"*\",\"limit\":\"1\",\"selectionLabel\":\"\"}', '2016-06-27 11:48:39', '2016-06-30 14:31:40', 'bfba28e4-2b27-44fc-b767-cd6153d1bfd2'),
 ('7', '1', 'Контент', 'articleBody', 'global', '', '0', 'Matrix', '{\"maxBlocks\":null}', '2016-06-27 12:01:15', '2016-07-01 05:49:54', 'd6115c57-8db0-4061-a372-63602c12d3fe'),
 ('8', NULL, 'Text', 'text', 'matrixBlockType:1', '', '0', 'RichText', '{\"configFile\":\"Standard.json\",\"availableAssetSources\":\"*\",\"availableTransforms\":\"*\",\"cleanupHtml\":\"1\",\"purifyHtml\":\"1\",\"columnType\":\"text\"}', '2016-06-27 12:01:16', '2016-07-01 05:49:55', 'b06c90b9-4e54-48a0-8a72-6f70f5682cdc'),
 ('9', NULL, 'Галерея', 'gallery', 'matrixBlockType:2', '', '0', 'Assets', '{\"useSingleFolder\":\"\",\"sources\":\"*\",\"defaultUploadLocationSource\":\"1\",\"defaultUploadLocationSubpath\":\"\",\"singleUploadLocationSource\":\"1\",\"singleUploadLocationSubpath\":\"\",\"restrictFiles\":\"\",\"limit\":\"\",\"viewMode\":\"large\",\"selectionLabel\":\"\"}', '2016-06-27 12:03:27', '2016-07-01 05:49:55', '654af76b-0d66-41c1-aac4-449412a8eff9'),
 ('10', '1', 'Изображение', 'image', 'global', '', '0', 'Assets', '{\"useSingleFolder\":\"\",\"sources\":\"*\",\"defaultUploadLocationSource\":\"1\",\"defaultUploadLocationSubpath\":\"\",\"singleUploadLocationSource\":\"1\",\"singleUploadLocationSubpath\":\"\",\"restrictFiles\":\"\",\"limit\":\"1\",\"viewMode\":\"list\",\"selectionLabel\":\"\"}', '2016-06-27 12:03:49', '2016-06-27 12:33:21', 'd37334e6-eb3e-4da4-84b0-91aea7f25e47'),
 ('11', '1', 'Ссылка', 'hyperlink', 'global', '', '0', 'PlainText', '{\"placeholder\":\"http:\\/\\/\",\"maxLength\":\"\",\"multiline\":\"\",\"initialRows\":\"4\"}', '2016-06-27 12:06:33', '2016-06-27 12:06:33', '3abc7d78-4725-4152-88d7-5cb8e38b337e'),
 ('13', '1', 'Дата', 'date', 'global', '', '0', 'Date', '{\"minuteIncrement\":\"30\",\"showTime\":1,\"showDate\":1}', '2016-06-27 12:20:54', '2016-06-27 12:20:54', 'c2d62ccc-def1-48a7-87f5-220e96d88d19'),
 ('14', '3', 'Фотографии', 'photos', 'global', '', '0', 'Assets', '{\"useSingleFolder\":\"\",\"sources\":\"*\",\"defaultUploadLocationSource\":\"1\",\"defaultUploadLocationSubpath\":\"\",\"singleUploadLocationSource\":\"1\",\"singleUploadLocationSubpath\":\"\",\"restrictFiles\":\"\",\"limit\":\"\",\"viewMode\":\"large\",\"selectionLabel\":\"\"}', '2016-06-27 12:50:40', '2016-06-27 12:50:40', '0e097924-4d17-4e99-ae51-39c65bd4309c'),
 ('15', '1', 'Название', 'nodeTitle', 'global', '', '0', 'PlainText', '{\"placeholder\":\"\",\"maxLength\":\"\",\"multiline\":\"\",\"initialRows\":\"4\"}', '2016-06-30 11:37:12', '2016-06-30 11:37:12', '94a6f93c-ee03-4105-a756-cc2380046742'),
 ('16', '1', 'Заголовок статьи', 'articleHeading', 'global', '', '0', 'PlainText', '{\"placeholder\":\"\",\"maxLength\":\"\",\"multiline\":\"\",\"initialRows\":\"4\"}', '2016-06-30 13:53:07', '2016-06-30 13:53:07', 'f09ca7eb-986f-41a2-b97c-544edafbbd47'),
 ('17', '1', 'Короткое описание', 'shortDescription', 'global', '', '0', 'RichText', '{\"configFile\":\"Simple.json\",\"availableAssetSources\":\"*\",\"availableTransforms\":\"*\",\"cleanupHtml\":\"1\",\"purifyHtml\":\"1\",\"columnType\":\"text\"}', '2016-07-01 05:44:48', '2016-07-01 05:44:48', '2ac39830-b0e9-4269-973a-cafd149dfc82'),
 ('18', NULL, 'Изображение', 'image', 'matrixBlockType:3', '', '0', 'Assets', '{\"useSingleFolder\":\"\",\"sources\":\"*\",\"defaultUploadLocationSource\":\"1\",\"defaultUploadLocationSubpath\":\"\",\"singleUploadLocationSource\":\"1\",\"singleUploadLocationSubpath\":\"\",\"restrictFiles\":\"\",\"limit\":\"1\",\"viewMode\":\"large\",\"selectionLabel\":\"\"}', '2016-07-01 05:49:55', '2016-07-01 05:49:55', 'c8a147c1-2402-47f7-97f9-dafd323414bc');



DROP TABLE IF EXISTS `craft_globalsets`;


--
-- Schema for table `craft_globalsets`
--
CREATE TABLE `craft_globalsets` (
  `id` int(11) NOT NULL,
  `name` varchar(255) COLLATE utf8_unicode_ci NOT NULL,
  `handle` varchar(255) COLLATE utf8_unicode_ci NOT NULL,
  `fieldLayoutId` int(10) DEFAULT NULL,
  `dateCreated` datetime NOT NULL,
  `dateUpdated` datetime NOT NULL,
  `uid` char(36) COLLATE utf8_unicode_ci NOT NULL DEFAULT '0',
  PRIMARY KEY (`id`),
  UNIQUE KEY `craft_globalsets_name_unq_idx` (`name`),
  UNIQUE KEY `craft_globalsets_handle_unq_idx` (`handle`),
  KEY `craft_globalsets_fieldLayoutId_fk` (`fieldLayoutId`)
) ENGINE=InnoDB DEFAULT CHARSET=utf8 COLLATE=utf8_unicode_ci;

--
-- Data for table `craft_globalsets`
--

INSERT INTO `craft_globalsets` (`id`, `name`, `handle`, `fieldLayoutId`, `dateCreated`, `dateUpdated`, `uid`) VALUES
 ('4', 'Вконтакте', 'socialVk', '67', '2016-06-27 11:37:43', '2016-06-30 13:32:19', '0613bcaa-1ad7-4a1f-8951-9264a6130395'),
 ('5', 'Twitter', 'socialTwitter', '66', '2016-06-27 11:46:49', '2016-06-30 13:32:15', '09c17f25-ced4-47b0-a5b0-16968dfd7128'),
 ('6', 'Facebook', 'socialFacebook', '64', '2016-06-27 11:47:04', '2016-06-30 13:32:05', 'b0f852e0-19df-4529-8f59-1bcb9f7a9f77'),
 ('7', 'Instagram', 'socialInstagram', '65', '2016-06-27 11:47:18', '2016-06-30 13:32:10', '139b8801-7072-4927-b7a2-dfa375ce47a1'),
 ('17', 'Дата марафона', 'countdown', '37', '2016-06-27 12:22:05', '2016-06-27 12:24:36', '6374879b-1885-4eee-805e-6619169e47c0'),
 ('55', 'Кнопка стать участником', 'mainButton', '51', '2016-06-30 11:35:43', '2016-06-30 11:37:22', 'd0ae0126-129e-4af0-b329-4f55983d0c1c');



DROP TABLE IF EXISTS `craft_info`;


--
-- Schema for table `craft_info`
--
CREATE TABLE `craft_info` (
  `id` int(11) NOT NULL AUTO_INCREMENT,
  `version` varchar(15) COLLATE utf8_unicode_ci NOT NULL,
  `build` int(11) unsigned NOT NULL,
  `schemaVersion` varchar(15) COLLATE utf8_unicode_ci NOT NULL,
  `releaseDate` datetime NOT NULL,
  `edition` tinyint(1) unsigned NOT NULL DEFAULT '0',
  `siteName` varchar(100) COLLATE utf8_unicode_ci NOT NULL,
  `siteUrl` varchar(255) COLLATE utf8_unicode_ci NOT NULL,
  `timezone` varchar(30) COLLATE utf8_unicode_ci DEFAULT NULL,
  `on` tinyint(1) unsigned NOT NULL DEFAULT '0',
  `maintenance` tinyint(1) unsigned NOT NULL DEFAULT '0',
  `track` varchar(40) COLLATE utf8_unicode_ci NOT NULL,
  `dateCreated` datetime NOT NULL,
  `dateUpdated` datetime NOT NULL,
  `uid` char(36) COLLATE utf8_unicode_ci NOT NULL DEFAULT '0',
  PRIMARY KEY (`id`)
) ENGINE=InnoDB AUTO_INCREMENT=2 DEFAULT CHARSET=utf8 COLLATE=utf8_unicode_ci;

--
-- Data for table `craft_info`
--

INSERT INTO `craft_info` (`id`, `version`, `build`, `schemaVersion`, `releaseDate`, `edition`, `siteName`, `siteUrl`, `timezone`, `on`, `maintenance`, `track`, `dateCreated`, `dateUpdated`, `uid`) VALUES
 ('1', '2.6', '2789', '2.6.5', '2016-05-26 08:10:05', '0', 'Северный марафон', 'http://northmarathon.io', 'Asia/Yakutsk', '1', '0', 'stable', '2016-06-27 11:32:34', '2016-06-30 11:16:03', 'fcdeb340-eb22-426d-acfe-1ddca79ba119');



DROP TABLE IF EXISTS `craft_locales`;


--
-- Schema for table `craft_locales`
--
CREATE TABLE `craft_locales` (
  `locale` char(12) COLLATE utf8_unicode_ci NOT NULL,
  `sortOrder` smallint(6) unsigned DEFAULT NULL,
  `dateCreated` datetime NOT NULL,
  `dateUpdated` datetime NOT NULL,
  `uid` char(36) COLLATE utf8_unicode_ci NOT NULL DEFAULT '0',
  PRIMARY KEY (`locale`),
  KEY `craft_locales_sortOrder_idx` (`sortOrder`)
) ENGINE=InnoDB DEFAULT CHARSET=utf8 COLLATE=utf8_unicode_ci;

--
-- Data for table `craft_locales`
--

INSERT INTO `craft_locales` (`locale`, `sortOrder`, `dateCreated`, `dateUpdated`, `uid`) VALUES
 ('ru', '1', '2016-06-27 11:32:36', '2016-06-27 11:32:36', '830c5eb6-2f82-4199-a463-d977cf1d4b4d');



DROP TABLE IF EXISTS `craft_matrixblocks`;


--
-- Schema for table `craft_matrixblocks`
--
CREATE TABLE `craft_matrixblocks` (
  `id` int(11) NOT NULL,
  `ownerId` int(11) NOT NULL,
  `fieldId` int(11) NOT NULL,
  `typeId` int(11) DEFAULT NULL,
  `sortOrder` smallint(6) unsigned DEFAULT NULL,
  `ownerLocale` char(12) COLLATE utf8_unicode_ci DEFAULT NULL,
  `dateCreated` datetime NOT NULL,
  `dateUpdated` datetime NOT NULL,
  `uid` char(36) COLLATE utf8_unicode_ci NOT NULL DEFAULT '0',
  PRIMARY KEY (`id`),
  KEY `craft_matrixblocks_ownerId_idx` (`ownerId`),
  KEY `craft_matrixblocks_fieldId_idx` (`fieldId`),
  KEY `craft_matrixblocks_typeId_idx` (`typeId`),
  KEY `craft_matrixblocks_sortOrder_idx` (`sortOrder`),
  KEY `craft_matrixblocks_ownerLocale_fk` (`ownerLocale`)
) ENGINE=InnoDB DEFAULT CHARSET=utf8 COLLATE=utf8_unicode_ci;

--
-- Data for table `craft_matrixblocks`
--

INSERT INTO `craft_matrixblocks` (`id`, `ownerId`, `fieldId`, `typeId`, `sortOrder`, `ownerLocale`, `dateCreated`, `dateUpdated`, `uid`) VALUES
 ('59', '3', '7', '1', '3', NULL, '2016-06-30 16:03:18', '2016-07-01 05:48:12', 'd39c5a14-81eb-48a2-a506-374fe7b88b12'),
 ('60', '3', '7', '2', '2', NULL, '2016-06-30 16:15:16', '2016-07-01 05:48:12', 'c5978e6c-43b2-4db4-8201-9fe4da7cc540'),
 ('62', '61', '7', '1', '3', NULL, '2016-06-30 16:23:13', '2016-07-01 05:53:53', '34846de1-69fb-4087-8ce9-7908b99147e3'),
 ('63', '61', '7', '2', '4', NULL, '2016-06-30 16:23:13', '2016-07-01 05:53:53', '359034c8-c452-4886-afb1-4b529c7d2e6f'),
 ('64', '22', '7', '1', '1', NULL, '2016-07-01 05:24:15', '2016-07-01 05:54:16', 'fda37b1f-11ca-4d42-8a67-67cb97cac7cf'),
 ('65', '22', '7', '2', '2', NULL, '2016-07-01 05:34:06', '2016-07-01 05:54:16', '2567de26-c6f5-427e-b075-7f072e7db366'),
 ('66', '22', '7', '1', '3', NULL, '2016-07-01 05:38:32', '2016-07-01 05:54:16', '9f3f4190-0b86-4612-a1b3-48bd0cb38281'),
 ('67', '3', '7', '1', '1', NULL, '2016-07-01 05:48:12', '2016-07-01 05:48:12', 'd8190e4c-a5df-4b6a-be2b-37ed5b82b53c'),
 ('68', '61', '7', '3', '2', NULL, '2016-07-01 05:50:22', '2016-07-01 05:53:53', '5c9e94d2-dcb3-42b8-abbe-5bc70baff9d8'),
 ('69', '61', '7', '1', '1', NULL, '2016-07-01 05:53:11', '2016-07-01 05:53:53', 'f6a01d97-b32b-425a-8816-b81de337b4da'),
 ('80', '74', '7', '1', '1', NULL, '2016-07-01 06:59:01', '2016-07-01 07:03:33', '158c35ed-5892-4f3d-aa41-de7c5b077fb9'),
 ('81', '74', '7', '2', '2', NULL, '2016-07-01 06:59:01', '2016-07-01 07:03:33', '858b2128-0ce3-4739-92db-d4192f842c86'),
 ('82', '74', '7', '1', '3', NULL, '2016-07-01 06:59:36', '2016-07-01 07:03:33', '72ae29b4-9d89-4d69-a5ab-0e2db6868851'),
 ('83', '74', '7', '3', '4', NULL, '2016-07-01 06:59:36', '2016-07-01 07:03:33', '5f6056af-e2d6-4324-82a1-16ddda222721'),
 ('84', '74', '7', '1', '5', NULL, '2016-07-01 06:59:36', '2016-07-01 07:03:33', 'fe569425-98db-413b-8ac7-c7ad4bed6fad'),
 ('86', '85', '7', '1', '1', NULL, '2016-07-01 07:23:06', '2016-07-01 07:31:46', '856500b7-7e0d-49f8-aa12-9e1c98b44dc1'),
 ('87', '85', '7', '2', '2', NULL, '2016-07-01 07:23:06', '2016-07-01 07:31:46', 'a11d8a1e-5759-4448-b012-4b3e5adc31ab'),
 ('88', '85', '7', '1', '3', NULL, '2016-07-01 07:23:06', '2016-07-01 07:31:46', '3693f7b1-68c1-41ee-99ca-65f78bfba7bd'),
 ('91', '90', '7', '1', '1', NULL, '2016-07-01 08:16:43', '2016-07-01 08:16:43', 'b068ca4d-18b2-451b-aeba-8501636097ea');



DROP TABLE IF EXISTS `craft_matrixblocktypes`;


--
-- Schema for table `craft_matrixblocktypes`
--
CREATE TABLE `craft_matrixblocktypes` (
  `id` int(11) NOT NULL AUTO_INCREMENT,
  `fieldId` int(11) NOT NULL,
  `fieldLayoutId` int(11) DEFAULT NULL,
  `name` varchar(255) COLLATE utf8_unicode_ci NOT NULL,
  `handle` varchar(255) COLLATE utf8_unicode_ci NOT NULL,
  `sortOrder` smallint(6) unsigned DEFAULT NULL,
  `dateCreated` datetime NOT NULL,
  `dateUpdated` datetime NOT NULL,
  `uid` char(36) COLLATE utf8_unicode_ci NOT NULL DEFAULT '0',
  PRIMARY KEY (`id`),
  UNIQUE KEY `craft_matrixblocktypes_name_fieldId_unq_idx` (`name`,`fieldId`),
  UNIQUE KEY `craft_matrixblocktypes_handle_fieldId_unq_idx` (`handle`,`fieldId`),
  KEY `craft_matrixblocktypes_fieldId_fk` (`fieldId`),
  KEY `craft_matrixblocktypes_fieldLayoutId_fk` (`fieldLayoutId`)
) ENGINE=InnoDB AUTO_INCREMENT=4 DEFAULT CHARSET=utf8 COLLATE=utf8_unicode_ci;

--
-- Data for table `craft_matrixblocktypes`
--

INSERT INTO `craft_matrixblocktypes` (`id`, `fieldId`, `fieldLayoutId`, `name`, `handle`, `sortOrder`, `dateCreated`, `dateUpdated`, `uid`) VALUES
 ('1', '7', '72', 'Text', 'text', '1', '2016-06-27 12:01:15', '2016-07-01 05:49:55', '50e93009-2778-4c11-ab5d-17069ef68641'),
 ('2', '7', '73', 'Галерея', 'gallery', '2', '2016-06-27 12:01:16', '2016-07-01 05:49:55', '23ac165e-5155-4974-900a-37601aa920ec'),
 ('3', '7', '74', 'Изображение', 'image', '3', '2016-07-01 05:49:55', '2016-07-01 05:49:55', '12429b3c-4ebe-4ce2-bc54-d7c51e4c5a24');



DROP TABLE IF EXISTS `craft_matrixcontent_articlebody`;


--
-- Schema for table `craft_matrixcontent_articlebody`
--
CREATE TABLE `craft_matrixcontent_articlebody` (
  `id` int(11) NOT NULL AUTO_INCREMENT,
  `elementId` int(11) NOT NULL,
  `locale` char(12) COLLATE utf8_unicode_ci NOT NULL,
  `field_text_text` text COLLATE utf8_unicode_ci,
  `dateCreated` datetime NOT NULL,
  `dateUpdated` datetime NOT NULL,
  `uid` char(36) COLLATE utf8_unicode_ci NOT NULL DEFAULT '0',
  PRIMARY KEY (`id`),
  UNIQUE KEY `craft_matrixcontent_articlebody_elementId_locale_unq_idx` (`elementId`,`locale`),
  KEY `craft_matrixcontent_articlebody_locale_fk` (`locale`)
) ENGINE=InnoDB AUTO_INCREMENT=20 DEFAULT CHARSET=utf8 COLLATE=utf8_unicode_ci;

--
-- Data for table `craft_matrixcontent_articlebody`
--

INSERT INTO `craft_matrixcontent_articlebody` (`id`, `elementId`, `locale`, `field_text_text`, `dateCreated`, `dateUpdated`, `uid`) VALUES
 ('1', '59', 'ru', '<p>asdasdasd</p>', '2016-06-30 16:03:18', '2016-07-01 05:48:12', 'bc62916d-c366-4760-a622-0b0b6c5810af'),
 ('2', '60', 'ru', NULL, '2016-06-30 16:15:16', '2016-07-01 05:48:12', 'd4a9bf32-79ea-4a58-818c-73e4d09b240e'),
 ('3', '62', 'ru', '<p>On the other hand, we denounce with righteous indignation and dislike men who are so beguiled and demoralized by the charms of pleasure of the moment, so blinded by desire, that they cannot foresee the pain and trouble that are bound to ensue; and equal blame belongs to those who fail in their duty through weakness of will, which is the same as saying through shrinking from toil and pain. </p><p>These cases are perfectly simple and easy to distinguish. In a free hour, when our power of choice is untrammelled and when nothing prevents our being able to do what we like best, every pleasure is to be welcomed and every pain avoided. But in certain circumstances and owing to the claims of duty or the obligations of business it will frequently occur that pleasures have to be repudiated and annoyances accepted. The wise man therefore always holds in these matters to this principle of selection: he rejects pleasures to secure other greater pleasures, or else he endures pains to avoid worse pains.<a href=\"{entry:21:url}\"></a></p>', '2016-06-30 16:23:13', '2016-07-01 05:53:53', 'cd4465bf-2574-4a6c-89e9-471230a01d69'),
 ('4', '63', 'ru', NULL, '2016-06-30 16:23:13', '2016-07-01 05:53:53', '5aaf5589-4c7e-43d8-affa-b6e14d58d9a1'),
 ('5', '64', 'ru', '<p>Dolor sit amet, consectetur adipiscing elit, sed do eiusmod tempor incididunt ut labore et dolore magna aliqua. Ut enim ad minim veniam, quis nostrud exercitation ullamco laboris nisi ut aliquip ex ea commodo consequat. Duis aute irure dolor in reprehenderit in voluptate velit esse cillum dolore eu fugiat nulla pariatur. Excepteur sint occaecat cupidatat non proident, sunt in culpa qui officia deserunt mollit anim id est laborum.<br /></p>\n\n\n\n\n\n<p>Sed ut perspiciatis unde omnis iste natus error sit voluptatem accusantium doloremque laudantium, totam rem aperiam, eaque ipsa quae ab illo inventore veritatis et quasi architecto beatae vitae dicta sunt explicabo. Nemo enim ipsam voluptatem quia voluptas sit aspernatur aut odit aut fugit, sed quia consequuntur magni dolores eos qui ratione voluptatem sequi nesciunt. </p>\n\n\n\n\n\n<p>Neque porro quisquam est, qui dolorem ipsum quia dolor sit amet, consectetur, adipisci velit, sed quia non numquam eius modi tempora incidunt ut labore et dolore magnam aliquam quaerat voluptatem. Ut enim ad minima veniam, quis nostrum exercitationem ullam corporis suscipit laboriosam, nisi ut aliquid ex ea commodi consequatur? Quis autem vel eum iure reprehenderit qui in ea voluptate velit esse quam nihil molestiae consequatur, vel illum qui dolorem eum fugiat quo voluptas nulla pariatur?</p>', '2016-07-01 05:24:15', '2016-07-01 05:54:16', '709b9f42-d71f-41c2-921f-a61dc4ba44cb'),
 ('6', '65', 'ru', NULL, '2016-07-01 05:34:06', '2016-07-01 05:54:16', '8205699e-73be-4607-b27a-262c694bfafe'),
 ('7', '66', 'ru', '<h3>Sed ut perspiciatis </h3>\n\n<p>unde omnis iste natus error sit voluptatem accusantium doloremque laudantium, totam rem aperiam, eaque ipsa quae ab illo inventore veritatis et quasi architecto beatae vitae dicta sunt explicabo. Nemo enim ipsam voluptatem quia voluptas sit aspernatur aut odit aut fugit, sed quia consequuntur magni dolores eos qui ratione voluptatem sequi nesciunt. </p>\n\n\n\n\n\n<h4>Neque porro </h4>\n\n\n\n\n\n<p>quisquam est, qui dolorem ipsum quia dolor sit amet, consectetur, adipisci velit, sed quia non numquam eius modi tempora incidunt ut labore et dolore magnam aliquam quaerat voluptatem. Ut enim ad minima veniam, quis nostrum exercitationem ullam corporis suscipit laboriosam, nisi ut aliquid ex ea commodi consequatur? Quis autem vel eum iure reprehenderit qui in ea voluptate velit esse quam nihil molestiae consequatur, vel illum qui dolorem eum fugiat quo voluptas nulla pariatur?</p>', '2016-07-01 05:38:32', '2016-07-01 05:54:16', 'd1489511-50b9-4c42-b176-d2417d8fead7'),
 ('8', '67', 'ru', '<p>Lorem ipsum dolor sit amet, consectetur adipiscing elit, sed do eiusmod tempor incididunt ut labore et dolore magna aliqua.<strong> Ut enim ad minim veniam, quis nostrud exercitation ullamco laboris nisi ut aliquip ex ea commodo </strong>consequat. Duis aute irure dolor in reprehenderit in voluptate velit esse cillum dolore eu fugiat nulla pariatur. Excepteur sint occaecat cupidatat non proident, sunt in culpa qui officia deserunt mollit anim id est laborum.</p><p>But I must explain to you how all this mistaken idea of denouncing pleasure and praising pain was born and I will give you a complete account of the system, and expound the actual teachings of the great explorer of the truth, the master-builder of human happiness. <strong class=\"redactor-inline-converted\">No one rejects</strong>, dislikes, or avoids pleasure itself, because it is pleasure, but because those who do not know how to pursue pleasure rationally encounter consequences that are extremely painful. </p><p>Nor again is there anyone who loves or pursues or desires to obtain pain of itself, because it is pain, but because occasionally circumstances occur in which toil and pain can procure him some great pleasure. To take a trivial example, which of us ever undertakes laborious physical exercise, except to obtain some advantage from it? But who has any right to find fault with a man who chooses to enjoy a pleasure that has no annoying consequences, or one who avoids a pain that produces no resultant pleasure?<br /></p>', '2016-07-01 05:48:12', '2016-07-01 05:48:12', '12cc3991-8e36-461d-8b86-982ac856e370'),
 ('9', '68', 'ru', NULL, '2016-07-01 05:50:22', '2016-07-01 05:53:53', '1798a274-c108-418a-817e-44d8ff044d68'),
 ('10', '69', 'ru', '<p>Et accusamus et iusto odio dignissimos ducimus qui blanditiis praesentium voluptatum deleniti atque corrupti quos dolores et quas molestias <strong>excepturi</strong> sint occaecati cupiditate non provident, similique sunt in culpa qui officia deserunt mollitia animi, id est laborum et dolorum fuga. <br /></p>', '2016-07-01 05:53:11', '2016-07-01 05:53:53', 'fa9e1c26-fc14-41d1-ae76-18b7bc0a98f9'),
 ('11', '80', 'ru', '<p><strong>Lorem Ipsum </strong>- это текст-\"рыба\", часто используемый в печати и вэб-дизайне. Lorem Ipsum является стандартной \"рыбой\" для текстов на латинице с начала XVI века. В то время некий безымянный печатник создал большую коллекцию размеров и форм шрифтов, используя Lorem Ipsum для распечатки образцов. Lorem Ipsum не только успешно пережил без заметных изменений пять веков, но и перешагнул в электронный дизайн. </p>', '2016-07-01 06:59:01', '2016-07-01 07:03:33', '4378ad07-e1bb-4de6-9c5c-c276e112bd24'),
 ('12', '81', 'ru', NULL, '2016-07-01 06:59:01', '2016-07-01 07:03:33', 'a6839d7b-e5fd-4dbd-a199-efd24a0ee9ac'),
 ('13', '82', 'ru', '<p>Давно выяснено, что при оценке дизайна и композиции читаемый текст мешает сосредоточиться. Lorem Ipsum используют потому, что тот обеспечивает более или менее стандартное заполнение шаблона, а также реальное распределение букв и пробелов в абзацах, которое не получается при простой дубликации \"Здесь ваш текст.. Здесь ваш текст.. Здесь ваш текст..\"</p>', '2016-07-01 06:59:36', '2016-07-01 07:03:33', '56fd6867-8220-49ae-8b40-781374d436bb'),
 ('14', '83', 'ru', NULL, '2016-07-01 06:59:36', '2016-07-01 07:03:33', '5812290d-08dd-4bbf-9fec-2ea08dc967df'),
 ('15', '84', 'ru', '<p>Многие программы электронной вёрстки и редакторы HTML используют Lorem Ipsum в качестве текста по умолчанию, так что поиск по ключевым словам \"lorem ipsum\" сразу показывает, как много веб-страниц всё ещё дожидаются своего настоящего рождения. За прошедшие годы текст Lorem Ipsum получил много версий. Некоторые версии появились по ошибке, некоторые - намеренно (например, юмористические варианты).</p>', '2016-07-01 06:59:36', '2016-07-01 07:03:33', '680cbe50-3784-40ea-a255-5001080376a0'),
 ('16', '86', 'ru', '<p>But I must explain to you how all this mistaken idea of denouncing pleasure and praising pain was born and I will give you a complete account of the system, and expound the actual teachings of the great explorer of the truth, the master-builder of human happiness. No one rejects, dislikes, or avoids pleasure itself, because it is pleasure, but because those who do not know how to pursue pleasure rationally encounter consequences that are extremely painful. Nor again is there anyone who loves or pursues or desires to obtain pain of itself, because it is pain, but because occasionally circumstances occur in which toil and pain can procure him some great pleasure. To take a trivial example, which of us ever undertakes laborious physical exercise, except to obtain some advantage from it? But who has any right to find fault with a man who chooses to enjoy a pleasure that has no annoying consequences, or one who avoids a pain that produces no resultant pleasure?</p>', '2016-07-01 07:23:06', '2016-07-01 07:31:46', '80edb0a5-845b-449c-b1fc-a74a3531158b'),
 ('17', '87', 'ru', NULL, '2016-07-01 07:23:06', '2016-07-01 07:31:46', '8b619f54-3dd3-41c9-b2cf-cff8a1c5e705'),
 ('18', '88', 'ru', '<p>Lorem ipsum dolor sit amet, consectetur adipiscing elit, sed do eiusmod tempor incididunt ut labore et dolore magna aliqua. Ut enim ad minim veniam, quis nostrud exercitation ullamco laboris nisi ut aliquip ex ea commodo consequat. Duis aute irure dolor in reprehenderit in voluptate velit esse cillum dolore eu fugiat nulla pariatur. Excepteur sint occaecat cupidatat non proident, sunt in culpa qui officia deserunt mollit anim id est laborum</p>', '2016-07-01 07:23:06', '2016-07-01 07:31:46', 'cf509610-555d-466d-a423-c3b76745440a'),
 ('19', '91', 'ru', '<p>выфвыфвфыв</p>', '2016-07-01 08:16:43', '2016-07-01 08:16:43', '48f6797e-4e9c-49ac-bd4b-5f8ca4db8007');



DROP TABLE IF EXISTS `craft_migrations`;


--
-- Schema for table `craft_migrations`
--
CREATE TABLE `craft_migrations` (
  `id` int(11) NOT NULL AUTO_INCREMENT,
  `pluginId` int(11) DEFAULT NULL,
  `version` varchar(255) COLLATE utf8_unicode_ci NOT NULL,
  `applyTime` datetime NOT NULL,
  `dateCreated` datetime NOT NULL,
  `dateUpdated` datetime NOT NULL,
  `uid` char(36) COLLATE utf8_unicode_ci NOT NULL DEFAULT '0',
  PRIMARY KEY (`id`),
  UNIQUE KEY `craft_migrations_version_unq_idx` (`version`),
  KEY `craft_migrations_pluginId_fk` (`pluginId`)
) ENGINE=InnoDB AUTO_INCREMENT=34 DEFAULT CHARSET=utf8 COLLATE=utf8_unicode_ci;

--
-- Data for table `craft_migrations`
--

INSERT INTO `craft_migrations` (`id`, `pluginId`, `version`, `applyTime`, `dateCreated`, `dateUpdated`, `uid`) VALUES
 ('1', NULL, 'm000000_000000_base', '2016-06-27 11:32:34', '2016-06-27 11:32:34', '2016-06-27 11:32:34', 'c313cd5f-5f3c-47c0-a3a1-b1445d2f88b7'),
 ('2', NULL, 'm140730_000001_add_filename_and_format_to_transformindex', '2016-06-27 11:32:34', '2016-06-27 11:32:35', '2016-06-27 11:32:35', '3fc568bd-4f79-4bb4-8321-4c485bf04145'),
 ('3', NULL, 'm140815_000001_add_format_to_transforms', '2016-06-27 11:32:34', '2016-06-27 11:32:35', '2016-06-27 11:32:35', '0e352373-0029-4eee-a94f-d8bf2c0f8c71'),
 ('4', NULL, 'm140822_000001_allow_more_than_128_items_per_field', '2016-06-27 11:32:34', '2016-06-27 11:32:35', '2016-06-27 11:32:35', '93dfbd23-e121-48b0-83ef-5ab103fc4b13'),
 ('5', NULL, 'm140829_000001_single_title_formats', '2016-06-27 11:32:34', '2016-06-27 11:32:35', '2016-06-27 11:32:35', '6c4c7a61-7a1b-46df-8fb2-2f93a2612fdf'),
 ('6', NULL, 'm140831_000001_extended_cache_keys', '2016-06-27 11:32:34', '2016-06-27 11:32:35', '2016-06-27 11:32:35', '6ea11e59-4601-4873-a382-0e6ff4cb6242'),
 ('7', NULL, 'm140922_000001_delete_orphaned_matrix_blocks', '2016-06-27 11:32:34', '2016-06-27 11:32:35', '2016-06-27 11:32:35', 'e90e2bf9-d9b2-4547-95c6-8135ee7b766e'),
 ('8', NULL, 'm141008_000001_elements_index_tune', '2016-06-27 11:32:34', '2016-06-27 11:32:35', '2016-06-27 11:32:35', '77b0516a-0831-4e7c-aa99-5de3950f75fa'),
 ('9', NULL, 'm141009_000001_assets_source_handle', '2016-06-27 11:32:34', '2016-06-27 11:32:35', '2016-06-27 11:32:35', '6b1e1b41-0b10-436f-93b5-93279651dd13'),
 ('10', NULL, 'm141024_000001_field_layout_tabs', '2016-06-27 11:32:34', '2016-06-27 11:32:35', '2016-06-27 11:32:35', '5f848e5b-f542-4a75-b411-c86ee3933c1f'),
 ('11', NULL, 'm141030_000000_plugin_schema_versions', '2016-06-27 11:32:34', '2016-06-27 11:32:35', '2016-06-27 11:32:35', '68534504-d248-416d-86a5-86b53a395c39'),
 ('12', NULL, 'm141030_000001_drop_structure_move_permission', '2016-06-27 11:32:34', '2016-06-27 11:32:35', '2016-06-27 11:32:35', '2af39f8e-7c46-4232-8636-bbecbd2723ad'),
 ('13', NULL, 'm141103_000001_tag_titles', '2016-06-27 11:32:34', '2016-06-27 11:32:35', '2016-06-27 11:32:35', 'ecdadb73-e809-41c1-aeb3-e0e2bb24d88c'),
 ('14', NULL, 'm141109_000001_user_status_shuffle', '2016-06-27 11:32:34', '2016-06-27 11:32:35', '2016-06-27 11:32:35', 'e13dee5f-7fc7-4d87-bbdb-8b1dc169fffd'),
 ('15', NULL, 'm141126_000001_user_week_start_day', '2016-06-27 11:32:34', '2016-06-27 11:32:35', '2016-06-27 11:32:35', '56473947-deea-44c6-8d04-4cfd319528a5'),
 ('16', NULL, 'm150210_000001_adjust_user_photo_size', '2016-06-27 11:32:34', '2016-06-27 11:32:35', '2016-06-27 11:32:35', '69ccd232-3fde-4584-b3cb-82562c5dd9a1'),
 ('17', NULL, 'm150724_000001_adjust_quality_settings', '2016-06-27 11:32:34', '2016-06-27 11:32:35', '2016-06-27 11:32:35', '15beba63-b3f7-4f51-986a-225275b877ff'),
 ('18', NULL, 'm150827_000000_element_index_settings', '2016-06-27 11:32:34', '2016-06-27 11:32:35', '2016-06-27 11:32:35', 'd1e9912c-c06c-4f08-8b0f-2e2f218901b1'),
 ('19', NULL, 'm150918_000001_add_colspan_to_widgets', '2016-06-27 11:32:34', '2016-06-27 11:32:36', '2016-06-27 11:32:36', 'd94b46ff-484c-4fbf-82b1-4a8b8f9c814f'),
 ('20', NULL, 'm151007_000000_clear_asset_caches', '2016-06-27 11:32:34', '2016-06-27 11:32:36', '2016-06-27 11:32:36', 'c98e0770-e377-4402-a212-e6a839263676'),
 ('21', NULL, 'm151109_000000_text_url_formats', '2016-06-27 11:32:34', '2016-06-27 11:32:36', '2016-06-27 11:32:36', '2f237aec-d424-41f8-9cc4-bc7808306ad1'),
 ('22', NULL, 'm151110_000000_move_logo', '2016-06-27 11:32:34', '2016-06-27 11:32:36', '2016-06-27 11:32:36', '466908c0-90fe-4114-8cd2-b60668d0020d'),
 ('23', NULL, 'm151117_000000_adjust_image_widthheight', '2016-06-27 11:32:34', '2016-06-27 11:32:36', '2016-06-27 11:32:36', '624dc91c-695b-4121-a667-97d96801558c'),
 ('24', NULL, 'm151127_000000_clear_license_key_status', '2016-06-27 11:32:34', '2016-06-27 11:32:36', '2016-06-27 11:32:36', '2201392b-5e4a-4288-be98-a0449af79f1c'),
 ('25', NULL, 'm151127_000000_plugin_license_keys', '2016-06-27 11:32:34', '2016-06-27 11:32:36', '2016-06-27 11:32:36', '8f9ce55b-5088-4a28-9a70-4e28d91d7351'),
 ('26', NULL, 'm151130_000000_update_pt_widget_feeds', '2016-06-27 11:32:34', '2016-06-27 11:32:36', '2016-06-27 11:32:36', '99989b43-e35b-42d1-bc4b-31491814765d'),
 ('27', NULL, 'm160114_000000_asset_sources_public_url_default_true', '2016-06-27 11:32:34', '2016-06-27 11:32:36', '2016-06-27 11:32:36', '9ce6797e-1dc8-4647-bb05-5b7fdec36905'),
 ('28', NULL, 'm160223_000000_sortorder_to_smallint', '2016-06-27 11:32:34', '2016-06-27 11:32:36', '2016-06-27 11:32:36', '6abed959-1ad0-4098-9227-4df91de730e7'),
 ('29', NULL, 'm160229_000000_set_default_entry_statuses', '2016-06-27 11:32:34', '2016-06-27 11:32:36', '2016-06-27 11:32:36', 'bf1e1cbf-c429-4a81-b1f3-d927ae7b8d1e'),
 ('30', NULL, 'm160304_000000_client_permissions', '2016-06-27 11:32:34', '2016-06-27 11:32:36', '2016-06-27 11:32:36', 'add5f4f5-8b8d-4d28-ba5a-9d7359e510a6'),
 ('31', NULL, 'm160322_000000_asset_filesize', '2016-06-27 11:32:34', '2016-06-27 11:32:36', '2016-06-27 11:32:36', 'bf1c675a-cdb2-4ab0-943c-fc72b0b288a1'),
 ('32', NULL, 'm160503_000000_orphaned_fieldlayouts', '2016-06-27 11:32:34', '2016-06-27 11:32:36', '2016-06-27 11:32:36', 'ae8e6262-656e-448e-9ce1-d3c977fee29a'),
 ('33', NULL, 'm160510_000000_tasksettings', '2016-06-27 11:32:34', '2016-06-27 11:32:36', '2016-06-27 11:32:36', 'cd0fff22-7bf4-4e1c-81dc-2ebfe10bf1ae');



DROP TABLE IF EXISTS `craft_plugins`;


--
-- Schema for table `craft_plugins`
--
CREATE TABLE `craft_plugins` (
  `id` int(11) NOT NULL AUTO_INCREMENT,
  `class` varchar(150) COLLATE utf8_unicode_ci NOT NULL,
  `version` varchar(15) COLLATE utf8_unicode_ci NOT NULL,
  `schemaVersion` varchar(15) COLLATE utf8_unicode_ci DEFAULT NULL,
  `licenseKey` char(24) COLLATE utf8_unicode_ci DEFAULT NULL,
  `licenseKeyStatus` enum('valid','invalid','mismatched','unknown') COLLATE utf8_unicode_ci NOT NULL DEFAULT 'unknown',
  `enabled` tinyint(1) unsigned NOT NULL DEFAULT '0',
  `settings` text COLLATE utf8_unicode_ci,
  `installDate` datetime NOT NULL,
  `dateCreated` datetime NOT NULL,
  `dateUpdated` datetime NOT NULL,
  `uid` char(36) COLLATE utf8_unicode_ci NOT NULL DEFAULT '0',
  PRIMARY KEY (`id`)
) ENGINE=InnoDB AUTO_INCREMENT=2 DEFAULT CHARSET=utf8 COLLATE=utf8_unicode_ci;

--
-- Data for table `craft_plugins`
--

INSERT INTO `craft_plugins` (`id`, `class`, `version`, `schemaVersion`, `licenseKey`, `licenseKeyStatus`, `enabled`, `settings`, `installDate`, `dateCreated`, `dateUpdated`, `uid`) VALUES
 ('1', 'Anchors', '1.2', '1.0.0', NULL, 'unknown', '1', NULL, '2016-06-27 11:40:23', '2016-06-27 11:40:23', '2016-07-01 05:24:05', 'b84bb5da-62ce-45d9-8bab-1e26c34f2367');



DROP TABLE IF EXISTS `craft_rackspaceaccess`;


--
-- Schema for table `craft_rackspaceaccess`
--
CREATE TABLE `craft_rackspaceaccess` (
  `id` int(11) NOT NULL AUTO_INCREMENT,
  `connectionKey` varchar(255) COLLATE utf8_unicode_ci NOT NULL,
  `token` varchar(255) COLLATE utf8_unicode_ci NOT NULL,
  `storageUrl` varchar(255) COLLATE utf8_unicode_ci NOT NULL,
  `cdnUrl` varchar(255) COLLATE utf8_unicode_ci NOT NULL,
  `dateCreated` datetime NOT NULL,
  `dateUpdated` datetime NOT NULL,
  `uid` char(36) COLLATE utf8_unicode_ci NOT NULL DEFAULT '0',
  PRIMARY KEY (`id`),
  UNIQUE KEY `craft_rackspaceaccess_connectionKey_unq_idx` (`connectionKey`)
) ENGINE=InnoDB DEFAULT CHARSET=utf8 COLLATE=utf8_unicode_ci;

DROP TABLE IF EXISTS `craft_relations`;


--
-- Schema for table `craft_relations`
--
CREATE TABLE `craft_relations` (
  `id` int(11) NOT NULL AUTO_INCREMENT,
  `fieldId` int(11) NOT NULL,
  `sourceId` int(11) NOT NULL,
  `sourceLocale` char(12) COLLATE utf8_unicode_ci DEFAULT NULL,
  `targetId` int(11) NOT NULL,
  `sortOrder` smallint(6) DEFAULT NULL,
  `dateCreated` datetime NOT NULL,
  `dateUpdated` datetime NOT NULL,
  `uid` char(36) COLLATE utf8_unicode_ci NOT NULL DEFAULT '0',
  PRIMARY KEY (`id`),
  UNIQUE KEY `craft_relations_fieldId_sourceId_sourceLocale_targetId_unq_idx` (`fieldId`,`sourceId`,`sourceLocale`,`targetId`),
  KEY `craft_relations_sourceId_fk` (`sourceId`),
  KEY `craft_relations_sourceLocale_fk` (`sourceLocale`),
  KEY `craft_relations_targetId_fk` (`targetId`)
) ENGINE=InnoDB AUTO_INCREMENT=178 DEFAULT CHARSET=utf8 COLLATE=utf8_unicode_ci;

--
-- Data for table `craft_relations`
--

INSERT INTO `craft_relations` (`id`, `fieldId`, `sourceId`, `sourceLocale`, `targetId`, `sortOrder`, `dateCreated`, `dateUpdated`, `uid`) VALUES
 ('1', '10', '11', NULL, '10', '1', '2016-06-27 12:13:00', '2016-06-27 12:13:00', '1ba569b9-0ce0-49c5-85f6-b57e2a31acd2'),
 ('6', '6', '12', NULL, '22', '1', '2016-06-27 12:55:24', '2016-06-27 12:55:24', '3cbc9198-9ca4-4ded-9551-45246936989f'),
 ('21', '10', '23', NULL, '28', '1', '2016-06-30 03:30:56', '2016-06-30 03:30:56', '85388a84-6724-472c-a1c3-7b5dd1607784'),
 ('22', '14', '23', NULL, '25', '1', '2016-06-30 03:30:56', '2016-06-30 03:30:56', 'd58fdee5-7dd8-4139-9be0-6a9126b17459'),
 ('23', '14', '23', NULL, '26', '2', '2016-06-30 03:30:56', '2016-06-30 03:30:56', '8477782c-e1ab-4704-8b1c-86f1ada63965'),
 ('24', '14', '23', NULL, '27', '3', '2016-06-30 03:30:56', '2016-06-30 03:30:56', 'de872c77-f79b-4edf-b418-68e267e434f5'),
 ('25', '14', '23', NULL, '28', '4', '2016-06-30 03:30:56', '2016-06-30 03:30:56', '93c89ea7-661c-4f02-8895-ea7633b1d33e'),
 ('26', '14', '23', NULL, '29', '5', '2016-06-30 03:30:56', '2016-06-30 03:30:56', '20e4887d-7a8e-4a77-86d6-6328cbbf2cbd'),
 ('27', '14', '23', NULL, '24', '6', '2016-06-30 03:30:56', '2016-06-30 03:30:56', '3ad8fa4d-df8f-4fe0-930b-f17523f69da2'),
 ('28', '14', '23', NULL, '30', '7', '2016-06-30 03:30:56', '2016-06-30 03:30:56', '183222cd-e767-4dca-b107-b76294a21499'),
 ('29', '14', '23', NULL, '31', '8', '2016-06-30 03:30:56', '2016-06-30 03:30:56', 'da4c8df0-ea4a-48e4-8ba6-cf2931f1f74b'),
 ('47', '10', '39', NULL, '29', '1', '2016-06-30 04:09:06', '2016-06-30 04:09:06', '40af6b7d-255d-4124-b74e-2ad5300e5f7b'),
 ('48', '14', '39', NULL, '38', '1', '2016-06-30 04:09:06', '2016-06-30 04:09:06', '900d0fa1-bb23-4c62-8d31-1d50cd8be0a2'),
 ('49', '14', '39', NULL, '37', '2', '2016-06-30 04:09:06', '2016-06-30 04:09:06', 'ad234771-31a4-43e6-860c-95afbe1c1fbd'),
 ('50', '14', '39', NULL, '36', '3', '2016-06-30 04:09:06', '2016-06-30 04:09:06', '5d0c2361-00b6-4ceb-953a-ef2a1ff9394d'),
 ('51', '14', '39', NULL, '35', '4', '2016-06-30 04:09:06', '2016-06-30 04:09:06', '9b82cec9-dd29-4ae0-af3d-9d6da0b9e7e9'),
 ('52', '14', '39', NULL, '34', '5', '2016-06-30 04:09:06', '2016-06-30 04:09:06', '91c56867-7fe2-45a8-aa38-2d941060cd69'),
 ('53', '14', '39', NULL, '33', '6', '2016-06-30 04:09:06', '2016-06-30 04:09:06', '1dc04628-2743-4776-993c-3a65deb72e7c'),
 ('54', '14', '39', NULL, '32', '7', '2016-06-30 04:09:06', '2016-06-30 04:09:06', '417848e9-68f5-4031-b4c6-e54794dff9f0'),
 ('55', '14', '39', NULL, '30', '8', '2016-06-30 04:09:06', '2016-06-30 04:09:06', 'b9c6b974-d42f-4a00-a20c-094a9ba001de'),
 ('56', '10', '57', NULL, '10', '1', '2016-06-30 14:56:05', '2016-06-30 14:56:05', 'c5f7b1f4-42ee-4442-b261-45a3e5d65ef5'),
 ('57', '10', '58', NULL, '10', '1', '2016-06-30 14:56:17', '2016-06-30 14:56:17', '8abcf398-748b-45c8-acb3-45ea1ca736dc'),
 ('103', '10', '3', NULL, '18', '1', '2016-07-01 05:48:12', '2016-07-01 05:48:12', 'f89be061-b782-4a75-86d5-3c601b612763'),
 ('104', '9', '60', NULL, '38', '1', '2016-07-01 05:48:12', '2016-07-01 05:48:12', '7e9db669-6a1c-4220-97c0-9ebcfa4e6cff'),
 ('105', '9', '60', NULL, '37', '2', '2016-07-01 05:48:12', '2016-07-01 05:48:12', '9d992f9a-def8-4184-86dc-9d8ce2ba4f7d'),
 ('106', '9', '60', NULL, '31', '3', '2016-07-01 05:48:12', '2016-07-01 05:48:12', 'f7eb22cd-9158-45bc-b90a-162c07fbe44d'),
 ('118', '10', '61', NULL, '31', '1', '2016-07-01 05:53:53', '2016-07-01 05:53:53', 'ac9a8ce4-faca-4de3-9eaa-97dd75a37647'),
 ('119', '18', '68', NULL, '38', '1', '2016-07-01 05:53:53', '2016-07-01 05:53:53', '557a787b-1dc7-4902-ad24-5e61ebba4474'),
 ('120', '9', '63', NULL, '30', '1', '2016-07-01 05:53:53', '2016-07-01 05:53:53', '7b280578-3c8b-4126-97ef-412807ec3c15'),
 ('121', '9', '65', NULL, '31', '1', '2016-07-01 05:54:16', '2016-07-01 05:54:16', '550f7a77-5fff-41fc-a989-95126ca3b55e'),
 ('122', '9', '65', NULL, '25', '2', '2016-07-01 05:54:16', '2016-07-01 05:54:16', 'f2808b37-a664-422c-8648-afe834b6e953'),
 ('123', '9', '65', NULL, '36', '3', '2016-07-01 05:54:16', '2016-07-01 05:54:16', 'f9ed73b2-d593-480a-8ece-7bf37c6d3d30'),
 ('124', '9', '65', NULL, '26', '4', '2016-07-01 05:54:16', '2016-07-01 05:54:16', '6b5011ec-515a-4e83-bd83-90473b301c27'),
 ('125', '9', '65', NULL, '30', '5', '2016-07-01 05:54:16', '2016-07-01 05:54:16', 'c18aafb2-f02f-4cc1-9b2d-7a5de0b15cb0'),
 ('126', '10', '77', NULL, '37', '1', '2016-07-01 06:19:43', '2016-07-01 06:19:43', '4fde1585-f95b-4d9f-9e84-d2c95d37bf89'),
 ('127', '10', '79', NULL, '38', '1', '2016-07-01 06:40:24', '2016-07-01 06:40:24', '201de156-cb11-4f55-9a14-04239f87b9cf'),
 ('130', '10', '75', NULL, '28', '1', '2016-07-01 06:57:26', '2016-07-01 06:57:26', '8cb6127d-2df2-49f2-b01b-0fc58def8e16'),
 ('152', '10', '74', NULL, '35', '1', '2016-07-01 07:03:33', '2016-07-01 07:03:33', '377b6d90-3c1c-4bb5-8b26-e13691720f78'),
 ('153', '9', '81', NULL, '26', '1', '2016-07-01 07:03:33', '2016-07-01 07:03:33', '3399eb40-71f2-4ee7-9e52-e8fdae8446bf'),
 ('154', '9', '81', NULL, '30', '2', '2016-07-01 07:03:33', '2016-07-01 07:03:33', '0c44c2e2-9f7d-444b-912d-fd6cb4cd9d9c'),
 ('155', '9', '81', NULL, '35', '3', '2016-07-01 07:03:33', '2016-07-01 07:03:33', '7e78af0f-fdcc-40c8-a99c-cab5da04ae19'),
 ('156', '18', '83', NULL, '25', '1', '2016-07-01 07:03:33', '2016-07-01 07:03:33', '3270a192-8544-4c02-855e-1823d0c84a6e'),
 ('174', '10', '85', NULL, '89', '1', '2016-07-01 07:31:46', '2016-07-01 07:31:46', '535986e2-1d0a-47b3-9d8c-465bf275c2ab'),
 ('175', '9', '87', NULL, '26', '1', '2016-07-01 07:31:46', '2016-07-01 07:31:46', '8b334da9-ac16-405a-b909-9992785af349'),
 ('176', '9', '87', NULL, '30', '2', '2016-07-01 07:31:46', '2016-07-01 07:31:46', '3a38c04e-78ef-4ec7-ac1f-0db5d66a9fec'),
 ('177', '9', '87', NULL, '32', '3', '2016-07-01 07:31:46', '2016-07-01 07:31:46', 'af82d858-b86e-4a44-a641-f5e5e0f645fa');



DROP TABLE IF EXISTS `craft_routes`;


--
-- Schema for table `craft_routes`
--
CREATE TABLE `craft_routes` (
  `id` int(11) NOT NULL AUTO_INCREMENT,
  `locale` char(12) COLLATE utf8_unicode_ci DEFAULT NULL,
  `urlParts` varchar(255) COLLATE utf8_unicode_ci NOT NULL,
  `urlPattern` varchar(255) COLLATE utf8_unicode_ci NOT NULL,
  `template` varchar(255) COLLATE utf8_unicode_ci NOT NULL,
  `sortOrder` smallint(6) unsigned DEFAULT NULL,
  `dateCreated` datetime NOT NULL,
  `dateUpdated` datetime NOT NULL,
  `uid` char(36) COLLATE utf8_unicode_ci NOT NULL DEFAULT '0',
  PRIMARY KEY (`id`),
  UNIQUE KEY `craft_routes_urlPattern_unq_idx` (`urlPattern`),
  KEY `craft_routes_locale_idx` (`locale`)
) ENGINE=InnoDB DEFAULT CHARSET=utf8 COLLATE=utf8_unicode_ci;

DROP TABLE IF EXISTS `craft_searchindex`;


--
-- Schema for table `craft_searchindex`
--
CREATE TABLE `craft_searchindex` (
  `elementId` int(11) NOT NULL,
  `attribute` varchar(25) COLLATE utf8_unicode_ci NOT NULL,
  `fieldId` int(11) NOT NULL,
  `locale` char(12) COLLATE utf8_unicode_ci NOT NULL,
  `keywords` text COLLATE utf8_unicode_ci NOT NULL,
  PRIMARY KEY (`elementId`,`attribute`,`fieldId`,`locale`),
  FULLTEXT KEY `craft_searchindex_keywords_idx` (`keywords`)
) ENGINE=MyISAM DEFAULT CHARSET=utf8 COLLATE=utf8_unicode_ci;

--
-- Data for table `craft_searchindex`
--

INSERT INTO `craft_searchindex` (`elementId`, `attribute`, `fieldId`, `locale`, `keywords`) VALUES
 ('1', 'username', '0', 'ru', ' northmarathon '),
 ('1', 'firstname', '0', 'ru', ''),
 ('1', 'lastname', '0', 'ru', ''),
 ('1', 'fullname', '0', 'ru', ''),
 ('1', 'email', '0', 'ru', ' sirworker ya ru '),
 ('1', 'slug', '0', 'ru', ''),
 ('2', 'slug', '0', 'ru', ' homepage '),
 ('2', 'title', '0', 'ru', ' главная страница '),
 ('2', 'field', '1', 'ru', ' it s true this site doesn t have a whole lot of content yet but don t worry our web developers have just installed the cms and they re setting things up for the content editors this very moment soon northmarathon io will be an oasis of fresh perspectives sharp analyses and astute opinions that will keep you coming back again and again '),
 ('3', 'field', '1', 'ru', ' craft is the cms that s powering northmarathon io it s beautiful powerful flexible and easy to use and it s made by pixel tonic we can t wait to dive in and see what it s capable of this is even more captivating content which you couldn t see on the news index page because it was entered after a page break and the news index template only likes to show the content on the first page craft a nice alternative to word if you re making a website '),
 ('3', 'field', '2', 'ru', ''),
 ('3', 'slug', '0', 'ru', ' we just installed craft '),
 ('3', 'title', '0', 'ru', ' мы просто установили craft cms '),
 ('4', 'slug', '0', 'ru', ''),
 ('4', 'field', '3', 'ru', ' вконтакте '),
 ('4', 'field', '4', 'ru', ' https vk com '),
 ('4', 'field', '5', 'ru', ' vk '),
 ('5', 'field', '4', 'ru', ' https twitter com '),
 ('5', 'slug', '0', 'ru', ''),
 ('6', 'field', '4', 'ru', ' https facebook com '),
 ('6', 'slug', '0', 'ru', ''),
 ('7', 'field', '4', 'ru', ' https instagram com '),
 ('7', 'slug', '0', 'ru', ''),
 ('20', 'field', '16', 'ru', ' станьте участниками марафона '),
 ('10', 'filename', '0', 'ru', ' banner png '),
 ('10', 'extension', '0', 'ru', ' png '),
 ('10', 'kind', '0', 'ru', ' image '),
 ('10', 'slug', '0', 'ru', ' banner '),
 ('10', 'title', '0', 'ru', ' banner '),
 ('11', 'field', '10', 'ru', ' banner '),
 ('11', 'field', '11', 'ru', ' http s vfu ru '),
 ('11', 'slug', '0', 'ru', ' свфу '),
 ('11', 'title', '0', 'ru', ' свфу '),
 ('12', 'field', '6', 'ru', ' о марафоне '),
 ('12', 'slug', '0', 'ru', ' about '),
 ('12', 'title', '0', 'ru', ' о марафоне '),
 ('13', 'field', '6', 'ru', ''),
 ('13', 'slug', '0', 'ru', ' news '),
 ('13', 'title', '0', 'ru', ' новости '),
 ('14', 'field', '6', 'ru', ''),
 ('14', 'slug', '0', 'ru', ' forum '),
 ('14', 'title', '0', 'ru', ' форум '),
 ('15', 'field', '6', 'ru', ''),
 ('15', 'slug', '0', 'ru', ' gallery '),
 ('15', 'title', '0', 'ru', ' галерея '),
 ('16', 'field', '6', 'ru', ''),
 ('16', 'slug', '0', 'ru', ' contacts '),
 ('16', 'title', '0', 'ru', ' контакты '),
 ('17', 'field', '13', 'ru', ' 2016 07 30 '),
 ('17', 'slug', '0', 'ru', ''),
 ('18', 'filename', '0', 'ru', ' picture 2 big png '),
 ('18', 'extension', '0', 'ru', ' png '),
 ('18', 'kind', '0', 'ru', ' image '),
 ('18', 'slug', '0', 'ru', ' picture 2 big '),
 ('18', 'title', '0', 'ru', ' picture 2 big '),
 ('3', 'field', '10', 'ru', ' picture 2 big '),
 ('3', 'field', '7', 'ru', ' lorem ipsum dolor sit amet consectetur adipiscing elit sed do eiusmod tempor incididunt ut labore et dolore magna aliqua ut enim ad minim veniam quis nostrud exercitation ullamco laboris nisi ut aliquip ex ea commodo consequat duis aute irure dolor in reprehenderit in voluptate velit esse cillum dolore eu fugiat nulla pariatur excepteur sint occaecat cupidatat non proident sunt in culpa qui officia deserunt mollit anim id est laborum but i must explain to you how all this mistaken idea of denouncing pleasure and praising pain was born and i will give you a complete account of the system and expound the actual teachings of the great explorer of the truth the master builder of human happiness no one rejects dislikes or avoids pleasure itself because it is pleasure but because those who do not know how to pursue pleasure rationally encounter consequences that are extremely painful nor again is there anyone who loves or pursues or desires to obtain pain of itself because it is pain but because occasionally circumstances occur in which toil and pain can procure him some great pleasure to take a trivial example which of us ever undertakes laborious physical exercise except to obtain some advantage from it but who has any right to find fault with a man who chooses to enjoy a pleasure that has no annoying consequences or one who avoids a pain that produces no resultant pleasure alla studiya kreslo boke bernskiy zennenhund sobaka chevrolet chevelle 1966 szadi asdasdasd '),
 ('20', 'title', '0', 'ru', ' контакты '),
 ('20', 'slug', '0', 'ru', ' контакты '),
 ('21', 'slug', '0', 'ru', ''),
 ('21', 'title', '0', 'ru', ' форум '),
 ('57', 'field', '10', 'ru', ' banner '),
 ('22', 'field', '10', 'ru', ''),
 ('22', 'field', '7', 'ru', ' dolor sit amet consectetur adipiscing elit sed do eiusmod tempor incididunt ut labore et dolore magna aliqua ut enim ad minim veniam quis nostrud exercitation ullamco laboris nisi ut aliquip ex ea commodo consequat duis aute irure dolor in reprehenderit in voluptate velit esse cillum dolore eu fugiat nulla pariatur excepteur sint occaecat cupidatat non proident sunt in culpa qui officia deserunt mollit anim id est laborum sed ut perspiciatis unde omnis iste natus error sit voluptatem accusantium doloremque laudantium totam rem aperiam eaque ipsa quae ab illo inventore veritatis et quasi architecto beatae vitae dicta sunt explicabo nemo enim ipsam voluptatem quia voluptas sit aspernatur aut odit aut fugit sed quia consequuntur magni dolores eos qui ratione voluptatem sequi nesciunt neque porro quisquam est qui dolorem ipsum quia dolor sit amet consectetur adipisci velit sed quia non numquam eius modi tempora incidunt ut labore et dolore magnam aliquam quaerat voluptatem ut enim ad minima veniam quis nostrum exercitationem ullam corporis suscipit laboriosam nisi ut aliquid ex ea commodi consequatur quis autem vel eum iure reprehenderit qui in ea voluptate velit esse quam nihil molestiae consequatur vel illum qui dolorem eum fugiat quo voluptas nulla pariatur chevrolet chevelle 1966 szadi dsadasd gerbery korzina vinograd ll2 pbjli ps8 m3bb ys tt9gw sed ut perspiciatis unde omnis iste natus error sit voluptatem accusantium doloremque laudantium totam rem aperiam eaque ipsa quae ab illo inventore veritatis et quasi architecto beatae vitae dicta sunt explicabo nemo enim ipsam voluptatem quia voluptas sit aspernatur aut odit aut fugit sed quia consequuntur magni dolores eos qui ratione voluptatem sequi nesciunt neque porro quisquam est qui dolorem ipsum quia dolor sit amet consectetur adipisci velit sed quia non numquam eius modi tempora incidunt ut labore et dolore magnam aliquam quaerat voluptatem ut enim ad minima veniam quis nostrum exercitationem ullam corporis suscipit laboriosam nisi ut aliquid ex ea commodi consequatur quis autem vel eum iure reprehenderit qui in ea voluptate velit esse quam nihil molestiae consequatur vel illum qui dolorem eum fugiat quo voluptas nulla pariatur '),
 ('22', 'slug', '0', 'ru', ' о марафоне 2 '),
 ('22', 'title', '0', 'ru', ' о марафоне '),
 ('23', 'field', '10', 'ru', ' v8f vr 9 ttbg '),
 ('23', 'field', '14', 'ru', ' dsadasd ll2 pbjli ps8 qn0 rc e5i eho v8f vr 9 ttbg z mhf zn0j m u 8n g3 ot93 t g m3bb ys tt9gw chevrolet chevelle 1966 szadi '),
 ('23', 'slug', '0', 'ru', ' пример фотогалереи '),
 ('23', 'title', '0', 'ru', ' пример фотогалереи '),
 ('24', 'filename', '0', 'ru', ' 8ng3ot93t_g jpg '),
 ('24', 'extension', '0', 'ru', ' jpg '),
 ('24', 'kind', '0', 'ru', ' image '),
 ('24', 'slug', '0', 'ru', ' 8n g3 ot93 t g '),
 ('24', 'title', '0', 'ru', ' 8n g3 ot93 t g '),
 ('25', 'filename', '0', 'ru', ' fny3nff4sb4 jpg '),
 ('25', 'extension', '0', 'ru', ' jpg '),
 ('25', 'kind', '0', 'ru', ' image '),
 ('25', 'slug', '0', 'ru', ' f ny3nf f4 sb4 '),
 ('25', 'title', '0', 'ru', ' dsadasd '),
 ('26', 'filename', '0', 'ru', ' ll2pbjlips8 jpg '),
 ('26', 'extension', '0', 'ru', ' jpg '),
 ('26', 'kind', '0', 'ru', ' image '),
 ('26', 'slug', '0', 'ru', ' ll2 pbjli ps8 '),
 ('26', 'title', '0', 'ru', ' ll2 pbjli ps8 '),
 ('27', 'filename', '0', 'ru', ' qn0rce5ieho jpg '),
 ('27', 'extension', '0', 'ru', ' jpg '),
 ('27', 'kind', '0', 'ru', ' image '),
 ('27', 'slug', '0', 'ru', ' qn0 rc e5i eho '),
 ('27', 'title', '0', 'ru', ' qn0 rc e5i eho '),
 ('28', 'filename', '0', 'ru', ' v8fvr 9ttbg jpg '),
 ('28', 'extension', '0', 'ru', ' jpg '),
 ('28', 'kind', '0', 'ru', ' image '),
 ('28', 'slug', '0', 'ru', ' v8f vr 9 ttbg '),
 ('28', 'title', '0', 'ru', ' v8f vr 9 ttbg '),
 ('29', 'filename', '0', 'ru', ' zmhfzn0j_mu jpg '),
 ('29', 'extension', '0', 'ru', ' jpg '),
 ('29', 'kind', '0', 'ru', ' image '),
 ('29', 'slug', '0', 'ru', ' z mhf zn0j m u '),
 ('29', 'title', '0', 'ru', ' z mhf zn0j m u ');
INSERT INTO `craft_searchindex` (`elementId`, `attribute`, `fieldId`, `locale`, `keywords`) VALUES
 ('30', 'filename', '0', 'ru', ' m3bbystt9gw jpg '),
 ('30', 'extension', '0', 'ru', ' jpg '),
 ('30', 'kind', '0', 'ru', ' image '),
 ('30', 'slug', '0', 'ru', ' m3bb ys tt9gw '),
 ('30', 'title', '0', 'ru', ' m3bb ys tt9gw '),
 ('31', 'filename', '0', 'ru', ' chevrolet chevelle 1966 szadi jpg '),
 ('31', 'extension', '0', 'ru', ' jpg '),
 ('31', 'kind', '0', 'ru', ' image '),
 ('31', 'slug', '0', 'ru', ' chevrolet chevelle 1966 szadi '),
 ('31', 'title', '0', 'ru', ' chevrolet chevelle 1966 szadi '),
 ('32', 'filename', '0', 'ru', ' sobaka vzglyad drug 7094 jpg '),
 ('32', 'extension', '0', 'ru', ' jpg '),
 ('32', 'kind', '0', 'ru', ' image '),
 ('32', 'slug', '0', 'ru', ' sobaka vzglyad drug 7094 '),
 ('32', 'title', '0', 'ru', ' sobaka vzglyad drug 7094 '),
 ('33', 'filename', '0', 'ru', ' pticy utki priroda 980 jpg '),
 ('33', 'extension', '0', 'ru', ' jpg '),
 ('33', 'kind', '0', 'ru', ' image '),
 ('33', 'slug', '0', 'ru', ' pticy utki priroda 980 '),
 ('33', 'title', '0', 'ru', ' pticy utki priroda 980 '),
 ('34', 'filename', '0', 'ru', ' norwegian army soldat armiya 3824 jpg '),
 ('34', 'extension', '0', 'ru', ' jpg '),
 ('34', 'kind', '0', 'ru', ' image '),
 ('34', 'slug', '0', 'ru', ' norwegian army soldat armiya 3824 '),
 ('34', 'title', '0', 'ru', ' norwegian army soldat armiya 3824 '),
 ('35', 'filename', '0', 'ru', ' noch nebo zvezdy pleyada 761 jpg '),
 ('35', 'extension', '0', 'ru', ' jpg '),
 ('35', 'kind', '0', 'ru', ' image '),
 ('35', 'slug', '0', 'ru', ' noch nebo zvezdy pleyada 761 '),
 ('35', 'title', '0', 'ru', ' noch nebo zvezdy pleyada 761 '),
 ('36', 'filename', '0', 'ru', ' gerbery korzina vinograd jpg '),
 ('36', 'extension', '0', 'ru', ' jpg '),
 ('36', 'kind', '0', 'ru', ' image '),
 ('36', 'slug', '0', 'ru', ' gerbery korzina vinograd '),
 ('36', 'title', '0', 'ru', ' gerbery korzina vinograd '),
 ('37', 'filename', '0', 'ru', ' bernskiy zennenhund sobaka jpg '),
 ('37', 'extension', '0', 'ru', ' jpg '),
 ('37', 'kind', '0', 'ru', ' image '),
 ('37', 'slug', '0', 'ru', ' bernskiy zennenhund sobaka '),
 ('37', 'title', '0', 'ru', ' bernskiy zennenhund sobaka '),
 ('38', 'filename', '0', 'ru', ' alla studiya kreslo boke jpg '),
 ('38', 'extension', '0', 'ru', ' jpg '),
 ('38', 'kind', '0', 'ru', ' image '),
 ('38', 'slug', '0', 'ru', ' alla studiya kreslo boke '),
 ('38', 'title', '0', 'ru', ' alla studiya kreslo boke '),
 ('39', 'field', '10', 'ru', ' z mhf zn0j m u '),
 ('39', 'field', '14', 'ru', ' alla studiya kreslo boke bernskiy zennenhund sobaka gerbery korzina vinograd noch nebo zvezdy pleyada 761 norwegian army soldat armiya 3824 pticy utki priroda 980 sobaka vzglyad drug 7094 m3bb ys tt9gw '),
 ('39', 'slug', '0', 'ru', ' пример второй галереи '),
 ('39', 'title', '0', 'ru', ' пример второй галереи '),
 ('40', 'extension', '0', 'ru', ' jpg '),
 ('40', 'filename', '0', 'ru', ' ll2pbjlips8 jpg '),
 ('40', 'kind', '0', 'ru', ' image '),
 ('40', 'slug', '0', 'ru', ' ll2 pbjli ps8 '),
 ('40', 'title', '0', 'ru', ' ll2 pbjli ps8 '),
 ('41', 'filename', '0', 'ru', ' 8ng3ot93t_g jpg '),
 ('41', 'extension', '0', 'ru', ' jpg '),
 ('41', 'kind', '0', 'ru', ' image '),
 ('41', 'slug', '0', 'ru', ' 8n g3 ot93 t g '),
 ('41', 'title', '0', 'ru', ' 8n g3 ot93 t g '),
 ('42', 'filename', '0', 'ru', ' m3bbystt9gw jpg '),
 ('42', 'extension', '0', 'ru', ' jpg '),
 ('42', 'kind', '0', 'ru', ' image '),
 ('42', 'slug', '0', 'ru', ' m3bb ys tt9gw '),
 ('42', 'title', '0', 'ru', ' m3bb ys tt9gw '),
 ('43', 'filename', '0', 'ru', ' v8fvr 9ttbg jpg '),
 ('43', 'extension', '0', 'ru', ' jpg '),
 ('43', 'kind', '0', 'ru', ' image '),
 ('43', 'slug', '0', 'ru', ' v8f vr 9 ttbg '),
 ('43', 'title', '0', 'ru', ' v8f vr 9 ttbg '),
 ('44', 'filename', '0', 'ru', ' bernskiy zennenhund sobaka jpg '),
 ('44', 'extension', '0', 'ru', ' jpg '),
 ('44', 'kind', '0', 'ru', ' image '),
 ('44', 'slug', '0', 'ru', ' bernskiy zennenhund sobaka '),
 ('44', 'title', '0', 'ru', ' bernskiy zennenhund sobaka '),
 ('45', 'filename', '0', 'ru', ' alla studiya kreslo boke jpg '),
 ('45', 'extension', '0', 'ru', ' jpg '),
 ('45', 'kind', '0', 'ru', ' image '),
 ('45', 'slug', '0', 'ru', ' alla studiya kreslo boke '),
 ('45', 'title', '0', 'ru', ' alla studiya kreslo boke '),
 ('46', 'filename', '0', 'ru', ' fny3nff4sb4 jpg '),
 ('46', 'extension', '0', 'ru', ' jpg '),
 ('46', 'kind', '0', 'ru', ' image '),
 ('46', 'slug', '0', 'ru', ' f ny3nf f4 sb4 '),
 ('46', 'title', '0', 'ru', ' f ny3nf f4 sb4 '),
 ('47', 'filename', '0', 'ru', ' chevrolet chevelle 1966 szadi jpg '),
 ('47', 'extension', '0', 'ru', ' jpg '),
 ('47', 'kind', '0', 'ru', ' image '),
 ('47', 'slug', '0', 'ru', ' chevrolet chevelle 1966 szadi '),
 ('47', 'title', '0', 'ru', ' chevrolet chevelle 1966 szadi '),
 ('48', 'filename', '0', 'ru', ' gerbery korzina vinograd jpg '),
 ('48', 'extension', '0', 'ru', ' jpg '),
 ('48', 'kind', '0', 'ru', ' image '),
 ('48', 'slug', '0', 'ru', ' gerbery korzina vinograd '),
 ('48', 'title', '0', 'ru', ' gerbery korzina vinograd '),
 ('49', 'filename', '0', 'ru', ' noch nebo zvezdy pleyada 761 jpg '),
 ('49', 'extension', '0', 'ru', ' jpg '),
 ('49', 'kind', '0', 'ru', ' image '),
 ('49', 'slug', '0', 'ru', ' noch nebo zvezdy pleyada 761 '),
 ('49', 'title', '0', 'ru', ' noch nebo zvezdy pleyada 761 '),
 ('50', 'filename', '0', 'ru', ' norwegian army soldat armiya 3824 jpg ');
INSERT INTO `craft_searchindex` (`elementId`, `attribute`, `fieldId`, `locale`, `keywords`) VALUES
 ('50', 'extension', '0', 'ru', ' jpg '),
 ('50', 'kind', '0', 'ru', ' image '),
 ('50', 'slug', '0', 'ru', ' norwegian army soldat armiya 3824 '),
 ('50', 'title', '0', 'ru', ' norwegian army soldat armiya 3824 '),
 ('51', 'filename', '0', 'ru', ' qn0rce5ieho jpg '),
 ('51', 'extension', '0', 'ru', ' jpg '),
 ('51', 'kind', '0', 'ru', ' image '),
 ('51', 'slug', '0', 'ru', ' qn0 rc e5i eho '),
 ('51', 'title', '0', 'ru', ' qn0 rc e5i eho '),
 ('52', 'filename', '0', 'ru', ' pticy utki priroda 980 jpg '),
 ('52', 'extension', '0', 'ru', ' jpg '),
 ('52', 'kind', '0', 'ru', ' image '),
 ('52', 'slug', '0', 'ru', ' pticy utki priroda 980 '),
 ('52', 'title', '0', 'ru', ' pticy utki priroda 980 '),
 ('53', 'filename', '0', 'ru', ' zmhfzn0j_mu jpg '),
 ('53', 'extension', '0', 'ru', ' jpg '),
 ('53', 'kind', '0', 'ru', ' image '),
 ('53', 'slug', '0', 'ru', ' z mhf zn0j m u '),
 ('53', 'title', '0', 'ru', ' z mhf zn0j m u '),
 ('54', 'filename', '0', 'ru', ' sobaka vzglyad drug 7094 jpg '),
 ('54', 'extension', '0', 'ru', ' jpg '),
 ('54', 'kind', '0', 'ru', ' image '),
 ('54', 'slug', '0', 'ru', ' sobaka vzglyad drug 7094 '),
 ('54', 'title', '0', 'ru', ' sobaka vzglyad drug 7094 '),
 ('55', 'field', '11', 'ru', ' http example com '),
 ('55', 'slug', '0', 'ru', ''),
 ('55', 'field', '15', 'ru', ' стать участником '),
 ('6', 'field', '11', 'ru', ' http facebook com '),
 ('7', 'field', '11', 'ru', ' http instagram com '),
 ('5', 'field', '11', 'ru', ' http twitter com '),
 ('4', 'field', '11', 'ru', ' http vk com '),
 ('6', 'field', '15', 'ru', ' facebook '),
 ('7', 'field', '15', 'ru', ' instagram '),
 ('5', 'field', '15', 'ru', ' twitter '),
 ('4', 'field', '15', 'ru', ' vk '),
 ('56', 'filename', '0', 'ru', ' main background png '),
 ('56', 'extension', '0', 'ru', ' png '),
 ('56', 'kind', '0', 'ru', ' image '),
 ('56', 'slug', '0', 'ru', ''),
 ('56', 'title', '0', 'ru', ' main background '),
 ('20', 'field', '10', 'ru', ''),
 ('20', 'field', '1', 'ru', ' тут текст '),
 ('57', 'field', '11', 'ru', ''),
 ('57', 'slug', '0', 'ru', ' спонсор '),
 ('57', 'title', '0', 'ru', ' спонсор '),
 ('58', 'field', '10', 'ru', ' banner '),
 ('58', 'field', '11', 'ru', ''),
 ('58', 'slug', '0', 'ru', ' еще спонсор '),
 ('58', 'title', '0', 'ru', ' еще спонсор '),
 ('59', 'field', '8', 'ru', ' asdasdasd '),
 ('59', 'slug', '0', 'ru', ''),
 ('60', 'field', '9', 'ru', ' alla studiya kreslo boke bernskiy zennenhund sobaka chevrolet chevelle 1966 szadi '),
 ('60', 'slug', '0', 'ru', ''),
 ('61', 'field', '10', 'ru', ' chevrolet chevelle 1966 szadi '),
 ('61', 'field', '7', 'ru', ' et accusamus et iusto odio dignissimos ducimus qui blanditiis praesentium voluptatum deleniti atque corrupti quos dolores et quas molestias excepturi sint occaecati cupiditate non provident similique sunt in culpa qui officia deserunt mollitia animi id est laborum et dolorum fuga alla studiya kreslo boke on the other hand we denounce with righteous indignation and dislike men who are so beguiled and demoralized by the charms of pleasure of the moment so blinded by desire that they cannot foresee the pain and trouble that are bound to ensue and equal blame belongs to those who fail in their duty through weakness of will which is the same as saying through shrinking from toil and pain these cases are perfectly simple and easy to distinguish in a free hour when our power of choice is untrammelled and when nothing prevents our being able to do what we like best every pleasure is to be welcomed and every pain avoided but in certain circumstances and owing to the claims of duty or the obligations of business it will frequently occur that pleasures have to be repudiated and annoyances accepted the wise man therefore always holds in these matters to this principle of selection he rejects pleasures to secure other greater pleasures or else he endures pains to avoid worse pains m3bb ys tt9gw '),
 ('61', 'slug', '0', 'ru', ' новая запись это счастье '),
 ('61', 'title', '0', 'ru', ' новая запись это счастье '),
 ('62', 'field', '8', 'ru', ' on the other hand we denounce with righteous indignation and dislike men who are so beguiled and demoralized by the charms of pleasure of the moment so blinded by desire that they cannot foresee the pain and trouble that are bound to ensue and equal blame belongs to those who fail in their duty through weakness of will which is the same as saying through shrinking from toil and pain these cases are perfectly simple and easy to distinguish in a free hour when our power of choice is untrammelled and when nothing prevents our being able to do what we like best every pleasure is to be welcomed and every pain avoided but in certain circumstances and owing to the claims of duty or the obligations of business it will frequently occur that pleasures have to be repudiated and annoyances accepted the wise man therefore always holds in these matters to this principle of selection he rejects pleasures to secure other greater pleasures or else he endures pains to avoid worse pains '),
 ('62', 'slug', '0', 'ru', ''),
 ('63', 'field', '9', 'ru', ' m3bb ys tt9gw '),
 ('68', 'field', '18', 'ru', ' alla studiya kreslo boke '),
 ('63', 'slug', '0', 'ru', ''),
 ('64', 'field', '8', 'ru', ' dolor sit amet consectetur adipiscing elit sed do eiusmod tempor incididunt ut labore et dolore magna aliqua ut enim ad minim veniam quis nostrud exercitation ullamco laboris nisi ut aliquip ex ea commodo consequat duis aute irure dolor in reprehenderit in voluptate velit esse cillum dolore eu fugiat nulla pariatur excepteur sint occaecat cupidatat non proident sunt in culpa qui officia deserunt mollit anim id est laborum sed ut perspiciatis unde omnis iste natus error sit voluptatem accusantium doloremque laudantium totam rem aperiam eaque ipsa quae ab illo inventore veritatis et quasi architecto beatae vitae dicta sunt explicabo nemo enim ipsam voluptatem quia voluptas sit aspernatur aut odit aut fugit sed quia consequuntur magni dolores eos qui ratione voluptatem sequi nesciunt neque porro quisquam est qui dolorem ipsum quia dolor sit amet consectetur adipisci velit sed quia non numquam eius modi tempora incidunt ut labore et dolore magnam aliquam quaerat voluptatem ut enim ad minima veniam quis nostrum exercitationem ullam corporis suscipit laboriosam nisi ut aliquid ex ea commodi consequatur quis autem vel eum iure reprehenderit qui in ea voluptate velit esse quam nihil molestiae consequatur vel illum qui dolorem eum fugiat quo voluptas nulla pariatur '),
 ('64', 'slug', '0', 'ru', ''),
 ('65', 'field', '9', 'ru', ' chevrolet chevelle 1966 szadi dsadasd gerbery korzina vinograd ll2 pbjli ps8 m3bb ys tt9gw '),
 ('65', 'slug', '0', 'ru', ''),
 ('66', 'field', '8', 'ru', ' sed ut perspiciatis unde omnis iste natus error sit voluptatem accusantium doloremque laudantium totam rem aperiam eaque ipsa quae ab illo inventore veritatis et quasi architecto beatae vitae dicta sunt explicabo nemo enim ipsam voluptatem quia voluptas sit aspernatur aut odit aut fugit sed quia consequuntur magni dolores eos qui ratione voluptatem sequi nesciunt neque porro quisquam est qui dolorem ipsum quia dolor sit amet consectetur adipisci velit sed quia non numquam eius modi tempora incidunt ut labore et dolore magnam aliquam quaerat voluptatem ut enim ad minima veniam quis nostrum exercitationem ullam corporis suscipit laboriosam nisi ut aliquid ex ea commodi consequatur quis autem vel eum iure reprehenderit qui in ea voluptate velit esse quam nihil molestiae consequatur vel illum qui dolorem eum fugiat quo voluptas nulla pariatur '),
 ('66', 'slug', '0', 'ru', ''),
 ('61', 'field', '17', 'ru', ' sed ut perspiciatis unde omnis iste natus error sit voluptatem accusantium doloremque laudantium totam rem aperiam eaque ipsa quae ab illo inventore veritatis et quasi architecto beatae vitae dicta sunt explicabo nemo enim ipsam voluptatem quia voluptas sit aspernatur aut odit aut fugit sed quia consequuntur magni dolores eos qui ratione voluptatem sequi nesciunt neque porro quisquam est qui dolorem ipsum quia dolor sit amet consectetur adipisci velit sed quia non numquam eius modi tempora '),
 ('3', 'field', '17', 'ru', ' lorem ipsum dolor sit amet consectetur adipiscing elit sed do eiusmod tempor incididunt ut labore et dolore magna aliqua ut enim ad minim veniam quis nostrud exercitation ullamco laboris nisi ut aliquip ex ea commodo consequat duis aute irure dolor in reprehenderit in voluptate velit esse cillum dolore eu fugiat nulla pariatur '),
 ('67', 'field', '8', 'ru', ' lorem ipsum dolor sit amet consectetur adipiscing elit sed do eiusmod tempor incididunt ut labore et dolore magna aliqua ut enim ad minim veniam quis nostrud exercitation ullamco laboris nisi ut aliquip ex ea commodo consequat duis aute irure dolor in reprehenderit in voluptate velit esse cillum dolore eu fugiat nulla pariatur excepteur sint occaecat cupidatat non proident sunt in culpa qui officia deserunt mollit anim id est laborum but i must explain to you how all this mistaken idea of denouncing pleasure and praising pain was born and i will give you a complete account of the system and expound the actual teachings of the great explorer of the truth the master builder of human happiness no one rejects dislikes or avoids pleasure itself because it is pleasure but because those who do not know how to pursue pleasure rationally encounter consequences that are extremely painful nor again is there anyone who loves or pursues or desires to obtain pain of itself because it is pain but because occasionally circumstances occur in which toil and pain can procure him some great pleasure to take a trivial example which of us ever undertakes laborious physical exercise except to obtain some advantage from it but who has any right to find fault with a man who chooses to enjoy a pleasure that has no annoying consequences or one who avoids a pain that produces no resultant pleasure '),
 ('67', 'slug', '0', 'ru', ''),
 ('68', 'slug', '0', 'ru', ''),
 ('69', 'field', '8', 'ru', ' et accusamus et iusto odio dignissimos ducimus qui blanditiis praesentium voluptatum deleniti atque corrupti quos dolores et quas molestias excepturi sint occaecati cupiditate non provident similique sunt in culpa qui officia deserunt mollitia animi id est laborum et dolorum fuga '),
 ('69', 'slug', '0', 'ru', ''),
 ('70', 'field', '10', 'ru', ''),
 ('70', 'field', '17', 'ru', ' lorem ipsum это текст рыба часто используемый в печати и вэб дизайне lorem ipsum является стандартной рыбой для текстов на латинице с начала xvi века в то время некий безымянный печатник создал большую коллекцию размеров и форм шрифтов используя lorem ipsum для распечатки образцов lorem ipsum не только успешно пережил без заметных изменений пять веков но и перешагнул в электронный дизайн '),
 ('70', 'field', '7', 'ru', ''),
 ('70', 'slug', '0', 'ru', ' новость 3 '),
 ('70', 'title', '0', 'ru', ' новость №3 '),
 ('71', 'field', '10', 'ru', ''),
 ('71', 'field', '17', 'ru', ' lorem ipsum это текст рыба часто используемый в печати и вэб дизайне lorem ipsum является стандартной рыбой для текстов на латинице с начала xvi века в то время некий безымянный печатник создал большую коллекцию размеров и форм шрифтов используя lorem ipsum для распечатки образцов lorem ipsum не только успешно пережил без заметных изменений пять веков но и перешагнул в электронный дизайн '),
 ('71', 'field', '7', 'ru', ''),
 ('71', 'slug', '0', 'ru', ' новость 4 '),
 ('71', 'title', '0', 'ru', ' новость №4 '),
 ('72', 'field', '10', 'ru', ''),
 ('72', 'field', '17', 'ru', ' lorem ipsum это текст рыба часто используемый в печати и вэб дизайне lorem ipsum является стандартной рыбой для текстов на латинице с начала xvi века в то время некий безымянный печатник создал большую коллекцию размеров и форм шрифтов используя lorem ipsum для распечатки образцов lorem ipsum не только успешно пережил без заметных изменений пять веков но и перешагнул в электронный дизайн '),
 ('72', 'field', '7', 'ru', ''),
 ('72', 'slug', '0', 'ru', ' новость 5 '),
 ('72', 'title', '0', 'ru', ' новость №5 '),
 ('73', 'field', '10', 'ru', ''),
 ('73', 'field', '17', 'ru', ' lorem ipsum это текст рыба часто используемый в печати и вэб дизайне lorem ipsum является стандартной рыбой для текстов на латинице с начала xvi века в то время некий безымянный печатник создал большую коллекцию размеров и форм шрифтов используя lorem ipsum для распечатки образцов lorem ipsum не только успешно пережил без заметных изменений пять веков но и перешагнул в электронный дизайн '),
 ('73', 'field', '7', 'ru', ''),
 ('73', 'slug', '0', 'ru', ' новость 6 '),
 ('73', 'title', '0', 'ru', ' новость №6 '),
 ('74', 'field', '10', 'ru', ' noch nebo zvezdy pleyada 761 '),
 ('74', 'field', '17', 'ru', ' lorem ipsum это текст рыба часто используемый в печати и вэб дизайне lorem ipsum является стандартной рыбой для текстов на латинице с начала xvi века в то время некий безымянный печатник создал большую коллекцию размеров и форм шрифтов используя lorem ipsum для распечатки образцов lorem ipsum не только успешно пережил без заметных изменений пять веков но и перешагнул в электронный дизайн '),
 ('74', 'field', '7', 'ru', ' lorem ipsum это текст рыба часто используемый в печати и вэб дизайне lorem ipsum является стандартной рыбой для текстов на латинице с начала xvi века в то время некий безымянный печатник создал большую коллекцию размеров и форм шрифтов используя lorem ipsum для распечатки образцов lorem ipsum не только успешно пережил без заметных изменений пять веков но и перешагнул в электронный дизайн ll2 pbjli ps8 m3bb ys tt9gw noch nebo zvezdy pleyada 761 давно выяснено что при оценке дизайна и композиции читаемый текст мешает сосредоточиться lorem ipsum используют потому что тот обеспечивает более или менее стандартное заполнение шаблона а также реальное распределение букв и пробелов в абзацах которое не получается при простой дубликации здесь ваш текст здесь ваш текст здесь ваш текст dsadasd многие программы электронной вёрстки и редакторы html используют lorem ipsum в качестве текста по умолчанию так что поиск по ключевым словам lorem ipsum сразу показывает как много веб страниц всё ещё дожидаются своего настоящего рождения за прошедшие годы текст lorem ipsum получил много версий некоторые версии появились по ошибке некоторые намеренно например юмористические варианты '),
 ('74', 'slug', '0', 'ru', ' новость 7 '),
 ('74', 'title', '0', 'ru', ' if length is given and is positive then the sequence will have up to that many elements in it ');
INSERT INTO `craft_searchindex` (`elementId`, `attribute`, `fieldId`, `locale`, `keywords`) VALUES
 ('75', 'field', '10', 'ru', ' v8f vr 9 ttbg '),
 ('75', 'field', '17', 'ru', ' lorem ipsum это текст рыба часто используемый в печати и вэб дизайне lorem ipsum является стандартной рыбой для текстов на латинице с начала xvi века в то время некий безымянный печатник создал большую коллекцию размеров и форм шрифтов используя lorem ipsum для распечатки образцов lorem ipsum не только успешно пережил без заметных изменений пять веков но и перешагнул в электронный дизайн '),
 ('75', 'field', '7', 'ru', ''),
 ('75', 'slug', '0', 'ru', ' новость 8 '),
 ('75', 'title', '0', 'ru', ' новость №8 '),
 ('76', 'field', '10', 'ru', ''),
 ('76', 'field', '17', 'ru', ' lorem ipsum это текст рыба часто используемый в печати и вэб дизайне lorem ipsum является стандартной рыбой для текстов на латинице с начала xvi века в то время некий безымянный печатник создал большую коллекцию размеров и форм шрифтов используя lorem ipsum для распечатки образцов lorem ipsum не только успешно пережил без заметных изменений пять веков но и перешагнул в электронный дизайн lorem ipsum не только успешно пережил без заметных изменений пять веков но и перешагнул в электронный дизайн '),
 ('76', 'field', '7', 'ru', ''),
 ('76', 'slug', '0', 'ru', ' новость 9 '),
 ('76', 'title', '0', 'ru', ' новость №9 '),
 ('77', 'field', '10', 'ru', ' bernskiy zennenhund sobaka '),
 ('77', 'field', '17', 'ru', ' lorem ipsum это текст рыба часто используемый в печати и вэб дизайне lorem ipsum является стандартной рыбой для текстов на латинице с начала xvi века в то время некий безымянный печатник создал большую коллекцию размеров и форм шрифтов используя lorem ipsum для распечатки образцов lorem ipsum не только успешно пережил без заметных изменений пять веков но и перешагнул в электронный дизайн '),
 ('77', 'field', '7', 'ru', ''),
 ('77', 'slug', '0', 'ru', ' новость 10 '),
 ('77', 'title', '0', 'ru', ' новость №10 '),
 ('78', 'field', '10', 'ru', ''),
 ('78', 'field', '17', 'ru', ' lorem ipsum это текст рыба часто используемый в печати и вэб дизайне lorem ipsum является стандартной рыбой для текстов на латинице с начала xvi века в то время некий безымянный печатник создал большую коллекцию размеров и форм шрифтов используя lorem ipsum для распечатки образцов lorem ipsum не только успешно пережил без заметных изменений пять веков но и перешагнул в электронный дизайн '),
 ('78', 'field', '7', 'ru', ''),
 ('78', 'slug', '0', 'ru', ' новость 11 '),
 ('78', 'title', '0', 'ru', ' новость №11 '),
 ('79', 'field', '10', 'ru', ' alla studiya kreslo boke '),
 ('79', 'field', '17', 'ru', ' lorem ipsum это текст рыба часто используемый в печати и вэб дизайне lorem ipsum является стандартной рыбой для текстов на латинице с начала xvi века в то время некий безымянный печатник создал большую коллекцию размеров и форм шрифтов используя lorem ipsum для распечатки образцов lorem ipsum не только успешно пережил без заметных изменений пять веков но и перешагнул в электронный дизайн '),
 ('79', 'field', '7', 'ru', ''),
 ('79', 'slug', '0', 'ru', ' новость 12 '),
 ('79', 'title', '0', 'ru', ' новость №12 '),
 ('80', 'field', '8', 'ru', ' lorem ipsum это текст рыба часто используемый в печати и вэб дизайне lorem ipsum является стандартной рыбой для текстов на латинице с начала xvi века в то время некий безымянный печатник создал большую коллекцию размеров и форм шрифтов используя lorem ipsum для распечатки образцов lorem ipsum не только успешно пережил без заметных изменений пять веков но и перешагнул в электронный дизайн '),
 ('80', 'slug', '0', 'ru', ''),
 ('81', 'field', '9', 'ru', ' ll2 pbjli ps8 m3bb ys tt9gw noch nebo zvezdy pleyada 761 '),
 ('81', 'slug', '0', 'ru', ''),
 ('82', 'field', '8', 'ru', ' давно выяснено что при оценке дизайна и композиции читаемый текст мешает сосредоточиться lorem ipsum используют потому что тот обеспечивает более или менее стандартное заполнение шаблона а также реальное распределение букв и пробелов в абзацах которое не получается при простой дубликации здесь ваш текст здесь ваш текст здесь ваш текст '),
 ('82', 'slug', '0', 'ru', ''),
 ('83', 'field', '18', 'ru', ' dsadasd '),
 ('83', 'slug', '0', 'ru', ''),
 ('84', 'field', '8', 'ru', ' многие программы электронной вёрстки и редакторы html используют lorem ipsum в качестве текста по умолчанию так что поиск по ключевым словам lorem ipsum сразу показывает как много веб страниц всё ещё дожидаются своего настоящего рождения за прошедшие годы текст lorem ipsum получил много версий некоторые версии появились по ошибке некоторые намеренно например юмористические варианты '),
 ('84', 'slug', '0', 'ru', ''),
 ('85', 'slug', '0', 'ru', ' о марафоне '),
 ('85', 'title', '0', 'ru', ' о марафоне '),
 ('85', 'field', '10', 'ru', ' picture 3 big '),
 ('85', 'field', '17', 'ru', ' многие думают что lorem ipsum взятый с потолка псевдо латинский набор слов но это не совсем так его корни уходят в один фрагмент классической латыни 45 года н э то есть более двух тысячелетий назад ричард макклинток профессор латыни из колледжа hampden sydney штат вирджиния взял одно из самых странных слов в lorem ipsum consectetur и занялся его поисками в классической латинской литературе в результате он нашёл неоспоримый первоисточник lorem ipsum в разделах 1 10 32 и 1 10 33 книги de finibus bonorum et malorum о пределах добра и зла написанной цицероном в 45 году н э этот трактат по теории этики был очень популярен в эпоху возрождения первая строка lorem ipsum lorem ipsum dolor sit amet происходит от одной из строк в разделе 1 10 32 классический текст lorem ipsum используемый с xvi века приведён ниже также даны разделы 1 10 32 и 1 10 33 de finibus bonorum et malorum цицерона и их английский перевод сделанный h rackham 1914 год '),
 ('85', 'field', '7', 'ru', ' but i must explain to you how all this mistaken idea of denouncing pleasure and praising pain was born and i will give you a complete account of the system and expound the actual teachings of the great explorer of the truth the master builder of human happiness no one rejects dislikes or avoids pleasure itself because it is pleasure but because those who do not know how to pursue pleasure rationally encounter consequences that are extremely painful nor again is there anyone who loves or pursues or desires to obtain pain of itself because it is pain but because occasionally circumstances occur in which toil and pain can procure him some great pleasure to take a trivial example which of us ever undertakes laborious physical exercise except to obtain some advantage from it but who has any right to find fault with a man who chooses to enjoy a pleasure that has no annoying consequences or one who avoids a pain that produces no resultant pleasure ll2 pbjli ps8 m3bb ys tt9gw sobaka vzglyad drug 7094 lorem ipsum dolor sit amet consectetur adipiscing elit sed do eiusmod tempor incididunt ut labore et dolore magna aliqua ut enim ad minim veniam quis nostrud exercitation ullamco laboris nisi ut aliquip ex ea commodo consequat duis aute irure dolor in reprehenderit in voluptate velit esse cillum dolore eu fugiat nulla pariatur excepteur sint occaecat cupidatat non proident sunt in culpa qui officia deserunt mollit anim id est laborum '),
 ('86', 'field', '8', 'ru', ' but i must explain to you how all this mistaken idea of denouncing pleasure and praising pain was born and i will give you a complete account of the system and expound the actual teachings of the great explorer of the truth the master builder of human happiness no one rejects dislikes or avoids pleasure itself because it is pleasure but because those who do not know how to pursue pleasure rationally encounter consequences that are extremely painful nor again is there anyone who loves or pursues or desires to obtain pain of itself because it is pain but because occasionally circumstances occur in which toil and pain can procure him some great pleasure to take a trivial example which of us ever undertakes laborious physical exercise except to obtain some advantage from it but who has any right to find fault with a man who chooses to enjoy a pleasure that has no annoying consequences or one who avoids a pain that produces no resultant pleasure '),
 ('89', 'extension', '0', 'ru', ' png '),
 ('89', 'kind', '0', 'ru', ' image '),
 ('89', 'slug', '0', 'ru', ''),
 ('89', 'title', '0', 'ru', ' picture 3 big '),
 ('90', 'field', '10', 'ru', ''),
 ('90', 'field', '7', 'ru', ' выфвыфвфыв '),
 ('90', 'slug', '0', 'ru', ' это тестовая страница '),
 ('90', 'title', '0', 'ru', ' это тестовая страница '),
 ('91', 'field', '8', 'ru', ' выфвыфвфыв '),
 ('86', 'slug', '0', 'ru', ''),
 ('87', 'field', '9', 'ru', ' ll2 pbjli ps8 m3bb ys tt9gw sobaka vzglyad drug 7094 '),
 ('87', 'slug', '0', 'ru', ''),
 ('88', 'field', '8', 'ru', ' lorem ipsum dolor sit amet consectetur adipiscing elit sed do eiusmod tempor incididunt ut labore et dolore magna aliqua ut enim ad minim veniam quis nostrud exercitation ullamco laboris nisi ut aliquip ex ea commodo consequat duis aute irure dolor in reprehenderit in voluptate velit esse cillum dolore eu fugiat nulla pariatur excepteur sint occaecat cupidatat non proident sunt in culpa qui officia deserunt mollit anim id est laborum '),
 ('88', 'slug', '0', 'ru', ''),
 ('91', 'slug', '0', 'ru', ''),
 ('89', 'filename', '0', 'ru', ' picture 3 big png ');



DROP TABLE IF EXISTS `craft_sections`;


--
-- Schema for table `craft_sections`
--
CREATE TABLE `craft_sections` (
  `id` int(11) NOT NULL AUTO_INCREMENT,
  `structureId` int(11) DEFAULT NULL,
  `name` varchar(255) COLLATE utf8_unicode_ci NOT NULL,
  `handle` varchar(255) COLLATE utf8_unicode_ci NOT NULL,
  `type` enum('single','channel','structure') COLLATE utf8_unicode_ci NOT NULL DEFAULT 'channel',
  `hasUrls` tinyint(1) unsigned NOT NULL DEFAULT '1',
  `template` varchar(500) COLLATE utf8_unicode_ci DEFAULT NULL,
  `enableVersioning` tinyint(1) unsigned NOT NULL DEFAULT '0',
  `dateCreated` datetime NOT NULL,
  `dateUpdated` datetime NOT NULL,
  `uid` char(36) COLLATE utf8_unicode_ci NOT NULL DEFAULT '0',
  PRIMARY KEY (`id`),
  UNIQUE KEY `craft_sections_name_unq_idx` (`name`),
  UNIQUE KEY `craft_sections_handle_unq_idx` (`handle`),
  KEY `craft_sections_structureId_fk` (`structureId`)
) ENGINE=InnoDB AUTO_INCREMENT=10 DEFAULT CHARSET=utf8 COLLATE=utf8_unicode_ci;

--
-- Data for table `craft_sections`
--

INSERT INTO `craft_sections` (`id`, `structureId`, `name`, `handle`, `type`, `hasUrls`, `template`, `enableVersioning`, `dateCreated`, `dateUpdated`, `uid`) VALUES
 ('1', NULL, 'Homepage', 'homepage', 'single', '1', 'index', '1', '2016-06-27 11:32:39', '2016-06-27 11:32:39', '30e871f7-5ab3-43ad-a4a6-9d34c6407d78'),
 ('2', NULL, 'Новости', 'news', 'channel', '1', 'news/_entry', '1', '2016-06-27 11:32:39', '2016-06-27 12:16:53', '808ec316-1eab-4440-80b9-29a7599e4c31'),
 ('3', '1', 'Навигация', 'navigation', 'structure', '0', NULL, '1', '2016-06-27 11:49:59', '2016-06-30 12:11:14', 'b8e3f1fe-e1d2-4132-988d-be52c93f733c'),
 ('4', '2', 'Страницы', 'pages', 'structure', '1', 'pages/_entry', '1', '2016-06-27 11:54:42', '2016-06-30 14:49:47', 'b2822044-6a49-4506-a349-201e8318fbe0'),
 ('5', '3', 'Спонсоры марафона', 'sponsors', 'structure', '0', NULL, '1', '2016-06-27 12:07:31', '2016-06-27 12:07:31', 'ee7168bf-f182-4ab2-9a97-f5f0547173bc'),
 ('6', NULL, 'Контакты', 'contacts', 'single', '1', 'contacts/index', '1', '2016-06-27 12:48:11', '2016-06-27 12:48:11', '3d78c187-6704-40f8-b752-26e02251f526'),
 ('7', NULL, 'Галерея', 'gallery', 'channel', '1', 'gallery/_entry', '1', '2016-06-27 12:52:48', '2016-06-27 12:52:48', 'a6b49d1f-7689-422e-bb06-7fc31a9007b2'),
 ('8', NULL, 'Форум', 'forum', 'single', '1', 'forum/index', '0', '2016-06-27 12:54:06', '2016-06-27 12:54:06', '2ea480cf-7771-4785-8b1c-2913dc7bd219'),
 ('9', NULL, 'О марафоне', 'about', 'single', '1', 'about/index', '1', '2016-07-01 07:14:16', '2016-07-01 07:24:24', '65f1d800-b1f7-4f46-994e-b21575e9812e');



DROP TABLE IF EXISTS `craft_sections_i18n`;


--
-- Schema for table `craft_sections_i18n`
--
CREATE TABLE `craft_sections_i18n` (
  `id` int(11) NOT NULL AUTO_INCREMENT,
  `sectionId` int(11) NOT NULL,
  `locale` char(12) COLLATE utf8_unicode_ci NOT NULL,
  `enabledByDefault` tinyint(1) unsigned NOT NULL DEFAULT '1',
  `urlFormat` text COLLATE utf8_unicode_ci,
  `nestedUrlFormat` text COLLATE utf8_unicode_ci,
  `dateCreated` datetime NOT NULL,
  `dateUpdated` datetime NOT NULL,
  `uid` char(36) COLLATE utf8_unicode_ci NOT NULL DEFAULT '0',
  PRIMARY KEY (`id`),
  UNIQUE KEY `craft_sections_i18n_sectionId_locale_unq_idx` (`sectionId`,`locale`),
  KEY `craft_sections_i18n_locale_fk` (`locale`)
) ENGINE=InnoDB AUTO_INCREMENT=10 DEFAULT CHARSET=utf8 COLLATE=utf8_unicode_ci;

--
-- Data for table `craft_sections_i18n`
--

INSERT INTO `craft_sections_i18n` (`id`, `sectionId`, `locale`, `enabledByDefault`, `urlFormat`, `nestedUrlFormat`, `dateCreated`, `dateUpdated`, `uid`) VALUES
 ('1', '1', 'ru', '1', '__home__', NULL, '2016-06-27 11:32:39', '2016-06-27 11:32:39', '998cf49e-29da-49b1-98b8-85d982f3ec7e'),
 ('2', '2', 'ru', '1', 'news/{id}-{slug}', NULL, '2016-06-27 11:32:39', '2016-06-27 12:16:53', '1d0f9768-0faf-4165-8bae-10863657628a'),
 ('3', '3', 'ru', '1', NULL, NULL, '2016-06-27 11:49:59', '2016-06-27 11:49:59', '263ef5c8-3969-4b3a-b7ed-dee1f02c26e3'),
 ('4', '4', 'ru', '1', '{slug}', '{parent.uri}/{slug}', '2016-06-27 11:54:42', '2016-06-27 11:54:42', '6aac1011-633d-419a-8df7-b5a07db5e264'),
 ('5', '5', 'ru', '1', NULL, NULL, '2016-06-27 12:07:31', '2016-06-27 12:07:31', '624205eb-4917-40d6-ae5f-baff42e1b948'),
 ('6', '6', 'ru', '1', 'contacts', NULL, '2016-06-27 12:48:11', '2016-06-27 12:48:11', '4e220255-f05c-46b1-83d2-7054196104a7'),
 ('7', '7', 'ru', '1', 'gallery/{slug}', NULL, '2016-06-27 12:52:48', '2016-06-27 12:52:48', '048d8555-46cd-4b23-a7be-a1fcc215e38a'),
 ('8', '8', 'ru', '1', 'forum/', NULL, '2016-06-27 12:54:06', '2016-06-27 12:54:06', 'cb6c54be-02c0-4139-8801-78d789af190a'),
 ('9', '9', 'ru', '1', 'about', NULL, '2016-07-01 07:14:16', '2016-07-01 07:24:24', '0fc82446-d9f0-42d7-a57a-1541716d9d0b');



DROP TABLE IF EXISTS `craft_sessions`;


--
-- Schema for table `craft_sessions`
--
CREATE TABLE `craft_sessions` (
  `id` int(11) NOT NULL AUTO_INCREMENT,
  `userId` int(11) NOT NULL,
  `token` char(100) COLLATE utf8_unicode_ci NOT NULL,
  `dateCreated` datetime NOT NULL,
  `dateUpdated` datetime NOT NULL,
  `uid` char(36) COLLATE utf8_unicode_ci NOT NULL DEFAULT '0',
  PRIMARY KEY (`id`),
  KEY `craft_sessions_uid_idx` (`uid`),
  KEY `craft_sessions_token_idx` (`token`),
  KEY `craft_sessions_dateUpdated_idx` (`dateUpdated`),
  KEY `craft_sessions_userId_fk` (`userId`)
) ENGINE=InnoDB AUTO_INCREMENT=3 DEFAULT CHARSET=utf8 COLLATE=utf8_unicode_ci;

DROP TABLE IF EXISTS `craft_shunnedmessages`;


--
-- Schema for table `craft_shunnedmessages`
--
CREATE TABLE `craft_shunnedmessages` (
  `id` int(11) NOT NULL AUTO_INCREMENT,
  `userId` int(11) NOT NULL,
  `message` varchar(255) COLLATE utf8_unicode_ci NOT NULL,
  `expiryDate` datetime DEFAULT NULL,
  `dateCreated` datetime NOT NULL,
  `dateUpdated` datetime NOT NULL,
  `uid` char(36) COLLATE utf8_unicode_ci NOT NULL DEFAULT '0',
  PRIMARY KEY (`id`),
  UNIQUE KEY `craft_shunnedmessages_userId_message_unq_idx` (`userId`,`message`)
) ENGINE=InnoDB DEFAULT CHARSET=utf8 COLLATE=utf8_unicode_ci;

DROP TABLE IF EXISTS `craft_structureelements`;


--
-- Schema for table `craft_structureelements`
--
CREATE TABLE `craft_structureelements` (
  `id` int(11) NOT NULL AUTO_INCREMENT,
  `structureId` int(11) NOT NULL,
  `elementId` int(11) DEFAULT NULL,
  `root` int(11) unsigned DEFAULT NULL,
  `lft` int(11) unsigned NOT NULL,
  `rgt` int(11) unsigned NOT NULL,
  `level` smallint(6) unsigned NOT NULL,
  `dateCreated` datetime NOT NULL,
  `dateUpdated` datetime NOT NULL,
  `uid` char(36) COLLATE utf8_unicode_ci NOT NULL DEFAULT '0',
  PRIMARY KEY (`id`),
  UNIQUE KEY `craft_structureelements_structureId_elementId_unq_idx` (`structureId`,`elementId`),
  KEY `craft_structureelements_root_idx` (`root`),
  KEY `craft_structureelements_lft_idx` (`lft`),
  KEY `craft_structureelements_rgt_idx` (`rgt`),
  KEY `craft_structureelements_level_idx` (`level`),
  KEY `craft_structureelements_elementId_fk` (`elementId`)
) ENGINE=InnoDB AUTO_INCREMENT=14 DEFAULT CHARSET=utf8 COLLATE=utf8_unicode_ci;

--
-- Data for table `craft_structureelements`
--

INSERT INTO `craft_structureelements` (`id`, `structureId`, `elementId`, `root`, `lft`, `rgt`, `level`, `dateCreated`, `dateUpdated`, `uid`) VALUES
 ('1', '3', NULL, '1', '1', '8', '0', '2016-06-27 12:13:00', '2016-06-27 12:13:00', 'ac559d7c-b39a-49a4-82c3-654b448852d6'),
 ('2', '3', '11', '1', '2', '3', '1', '2016-06-27 12:13:00', '2016-06-27 12:13:00', '78aa4a57-2ef4-4538-bef2-5f0c32d0b955'),
 ('3', '1', NULL, '3', '1', '12', '0', '2016-06-27 12:13:46', '2016-06-27 12:13:46', 'a32650da-8d3a-427b-9a21-2bd8ed897da8'),
 ('4', '1', '12', '3', '2', '3', '1', '2016-06-27 12:13:46', '2016-06-27 12:13:46', 'd91a96a8-8c21-46be-b21e-934d85fc73ca'),
 ('5', '1', '13', '3', '6', '7', '1', '2016-06-27 12:14:18', '2016-06-27 12:14:18', '088f80d7-c4f3-4cef-a596-27801b140772'),
 ('6', '1', '14', '3', '4', '5', '1', '2016-06-27 12:14:33', '2016-06-27 12:14:33', '1a77d5ba-7ace-4c4b-a3c7-e2c71855d069'),
 ('7', '1', '15', '3', '8', '9', '1', '2016-06-27 12:14:47', '2016-06-27 12:14:47', 'a06dec98-2eee-40f0-bc62-7336a7693fa9'),
 ('8', '1', '16', '3', '10', '11', '1', '2016-06-27 12:14:58', '2016-06-27 12:14:58', '0d203f51-fcc2-4504-ac50-3c87ec7d78ea'),
 ('9', '2', NULL, '9', '1', '6', '0', '2016-06-27 12:55:21', '2016-06-27 12:55:21', '1cf40871-2abe-451a-9bd6-4baeabf96ec6'),
 ('10', '2', '22', '9', '2', '3', '1', '2016-06-27 12:55:21', '2016-06-27 12:55:21', 'cc3a1149-bae2-4a9c-9124-d0d92ec5f814'),
 ('11', '3', '57', '1', '4', '5', '1', '2016-06-30 14:56:05', '2016-06-30 14:56:05', 'ce795d8f-ac5c-41a6-afd8-cc9480cdbfe4'),
 ('12', '3', '58', '1', '6', '7', '1', '2016-06-30 14:56:17', '2016-06-30 14:56:17', 'a6bd4f2b-9998-48d0-8833-4e5bd41e4532'),
 ('13', '2', '90', '9', '4', '5', '1', '2016-07-01 08:16:43', '2016-07-01 08:16:43', '1fdc5934-1c94-4989-8df9-4da8eac46b25');



DROP TABLE IF EXISTS `craft_structures`;


--
-- Schema for table `craft_structures`
--
CREATE TABLE `craft_structures` (
  `id` int(11) NOT NULL AUTO_INCREMENT,
  `maxLevels` smallint(6) unsigned DEFAULT NULL,
  `dateCreated` datetime NOT NULL,
  `dateUpdated` datetime NOT NULL,
  `uid` char(36) COLLATE utf8_unicode_ci NOT NULL DEFAULT '0',
  PRIMARY KEY (`id`)
) ENGINE=InnoDB AUTO_INCREMENT=4 DEFAULT CHARSET=utf8 COLLATE=utf8_unicode_ci;

--
-- Data for table `craft_structures`
--

INSERT INTO `craft_structures` (`id`, `maxLevels`, `dateCreated`, `dateUpdated`, `uid`) VALUES
 ('1', '2', '2016-06-27 11:49:59', '2016-06-30 12:11:14', '92adb43e-4ab6-4a71-87c7-18894e106c29'),
 ('2', NULL, '2016-06-27 11:54:42', '2016-06-30 14:49:47', '73258657-75f1-4dbd-9d17-ade33602d106'),
 ('3', '1', '2016-06-27 12:07:31', '2016-06-27 12:07:31', 'd68b4f21-a0e8-4449-a52c-50523fc7dfa6');



DROP TABLE IF EXISTS `craft_systemsettings`;


--
-- Schema for table `craft_systemsettings`
--
CREATE TABLE `craft_systemsettings` (
  `id` int(11) NOT NULL AUTO_INCREMENT,
  `category` varchar(15) COLLATE utf8_unicode_ci NOT NULL,
  `settings` text COLLATE utf8_unicode_ci,
  `dateCreated` datetime NOT NULL,
  `dateUpdated` datetime NOT NULL,
  `uid` char(36) COLLATE utf8_unicode_ci NOT NULL DEFAULT '0',
  PRIMARY KEY (`id`),
  UNIQUE KEY `craft_systemsettings_category_unq_idx` (`category`)
) ENGINE=InnoDB AUTO_INCREMENT=2 DEFAULT CHARSET=utf8 COLLATE=utf8_unicode_ci;

--
-- Data for table `craft_systemsettings`
--

INSERT INTO `craft_systemsettings` (`id`, `category`, `settings`, `dateCreated`, `dateUpdated`, `uid`) VALUES
 ('1', 'email', '{\"protocol\":\"php\",\"emailAddress\":\"sirworker@ya.ru\",\"senderName\":\"\\u0421\\u0435\\u0432\\u0435\\u0440\\u043d\\u044b\\u0439 \\u043c\\u0430\\u0440\\u0430\\u0444\\u043e\\u043d\"}', '2016-06-27 11:32:39', '2016-06-27 11:32:39', 'a910b26f-708e-4917-a1ed-37b506542538');



DROP TABLE IF EXISTS `craft_taggroups`;


--
-- Schema for table `craft_taggroups`
--
CREATE TABLE `craft_taggroups` (
  `id` int(11) NOT NULL AUTO_INCREMENT,
  `name` varchar(255) COLLATE utf8_unicode_ci NOT NULL,
  `handle` varchar(255) COLLATE utf8_unicode_ci NOT NULL,
  `fieldLayoutId` int(10) DEFAULT NULL,
  `dateCreated` datetime NOT NULL,
  `dateUpdated` datetime NOT NULL,
  `uid` char(36) COLLATE utf8_unicode_ci NOT NULL DEFAULT '0',
  PRIMARY KEY (`id`),
  UNIQUE KEY `craft_taggroups_name_unq_idx` (`name`),
  UNIQUE KEY `craft_taggroups_handle_unq_idx` (`handle`),
  KEY `craft_taggroups_fieldLayoutId_fk` (`fieldLayoutId`)
) ENGINE=InnoDB AUTO_INCREMENT=2 DEFAULT CHARSET=utf8 COLLATE=utf8_unicode_ci;

--
-- Data for table `craft_taggroups`
--

INSERT INTO `craft_taggroups` (`id`, `name`, `handle`, `fieldLayoutId`, `dateCreated`, `dateUpdated`, `uid`) VALUES
 ('1', 'Default', 'default', '1', '2016-06-27 11:32:39', '2016-06-27 11:32:39', '95de224b-7b2b-4ea4-ae37-94ac6dcab76b');



DROP TABLE IF EXISTS `craft_tags`;


--
-- Schema for table `craft_tags`
--
CREATE TABLE `craft_tags` (
  `id` int(11) NOT NULL,
  `groupId` int(11) NOT NULL,
  `dateCreated` datetime NOT NULL,
  `dateUpdated` datetime NOT NULL,
  `uid` char(36) COLLATE utf8_unicode_ci NOT NULL DEFAULT '0',
  PRIMARY KEY (`id`),
  KEY `craft_tags_groupId_fk` (`groupId`)
) ENGINE=InnoDB DEFAULT CHARSET=utf8 COLLATE=utf8_unicode_ci;

DROP TABLE IF EXISTS `craft_tasks`;


--
-- Schema for table `craft_tasks`
--
CREATE TABLE `craft_tasks` (
  `id` int(11) NOT NULL AUTO_INCREMENT,
  `root` int(11) unsigned DEFAULT NULL,
  `lft` int(11) unsigned NOT NULL,
  `rgt` int(11) unsigned NOT NULL,
  `level` smallint(6) unsigned NOT NULL,
  `currentStep` int(11) unsigned DEFAULT NULL,
  `totalSteps` int(11) unsigned DEFAULT NULL,
  `status` enum('pending','error','running') COLLATE utf8_unicode_ci DEFAULT NULL,
  `type` varchar(150) COLLATE utf8_unicode_ci NOT NULL,
  `description` varchar(255) COLLATE utf8_unicode_ci DEFAULT NULL,
  `settings` mediumtext COLLATE utf8_unicode_ci,
  `dateCreated` datetime NOT NULL,
  `dateUpdated` datetime NOT NULL,
  `uid` char(36) COLLATE utf8_unicode_ci NOT NULL DEFAULT '0',
  PRIMARY KEY (`id`),
  KEY `craft_tasks_root_idx` (`root`),
  KEY `craft_tasks_lft_idx` (`lft`),
  KEY `craft_tasks_rgt_idx` (`rgt`),
  KEY `craft_tasks_level_idx` (`level`)
) ENGINE=InnoDB AUTO_INCREMENT=65 DEFAULT CHARSET=utf8 COLLATE=utf8_unicode_ci;

DROP TABLE IF EXISTS `craft_templatecachecriteria`;


--
-- Schema for table `craft_templatecachecriteria`
--
CREATE TABLE `craft_templatecachecriteria` (
  `id` int(11) NOT NULL AUTO_INCREMENT,
  `cacheId` int(11) NOT NULL,
  `type` varchar(150) COLLATE utf8_unicode_ci NOT NULL,
  `criteria` text COLLATE utf8_unicode_ci NOT NULL,
  PRIMARY KEY (`id`),
  KEY `craft_templatecachecriteria_cacheId_fk` (`cacheId`),
  KEY `craft_templatecachecriteria_type_idx` (`type`)
) ENGINE=InnoDB DEFAULT CHARSET=utf8 COLLATE=utf8_unicode_ci;

DROP TABLE IF EXISTS `craft_templatecacheelements`;


--
-- Schema for table `craft_templatecacheelements`
--
CREATE TABLE `craft_templatecacheelements` (
  `cacheId` int(11) NOT NULL,
  `elementId` int(11) NOT NULL,
  KEY `craft_templatecacheelements_cacheId_fk` (`cacheId`),
  KEY `craft_templatecacheelements_elementId_fk` (`elementId`)
) ENGINE=InnoDB DEFAULT CHARSET=utf8 COLLATE=utf8_unicode_ci;

DROP TABLE IF EXISTS `craft_templatecaches`;


--
-- Schema for table `craft_templatecaches`
--
CREATE TABLE `craft_templatecaches` (
  `id` int(11) NOT NULL AUTO_INCREMENT,
  `cacheKey` varchar(255) COLLATE utf8_unicode_ci NOT NULL,
  `locale` char(12) COLLATE utf8_unicode_ci NOT NULL,
  `path` varchar(255) COLLATE utf8_unicode_ci DEFAULT NULL,
  `expiryDate` datetime NOT NULL,
  `body` mediumtext COLLATE utf8_unicode_ci NOT NULL,
  PRIMARY KEY (`id`),
  KEY `craft_templatecaches_expiryDate_cacheKey_locale_path_idx` (`expiryDate`,`cacheKey`,`locale`,`path`),
  KEY `craft_templatecaches_locale_fk` (`locale`)
) ENGINE=InnoDB DEFAULT CHARSET=utf8 COLLATE=utf8_unicode_ci;

DROP TABLE IF EXISTS `craft_tokens`;


--
-- Schema for table `craft_tokens`
--
CREATE TABLE `craft_tokens` (
  `id` int(11) NOT NULL AUTO_INCREMENT,
  `token` char(32) COLLATE utf8_unicode_ci NOT NULL,
  `route` text COLLATE utf8_unicode_ci,
  `usageLimit` tinyint(3) unsigned DEFAULT NULL,
  `usageCount` tinyint(3) unsigned DEFAULT NULL,
  `expiryDate` datetime NOT NULL,
  `dateCreated` datetime NOT NULL,
  `dateUpdated` datetime NOT NULL,
  `uid` char(36) COLLATE utf8_unicode_ci NOT NULL DEFAULT '0',
  PRIMARY KEY (`id`),
  UNIQUE KEY `craft_tokens_token_unq_idx` (`token`),
  KEY `craft_tokens_expiryDate_idx` (`expiryDate`)
) ENGINE=InnoDB DEFAULT CHARSET=utf8 COLLATE=utf8_unicode_ci;

DROP TABLE IF EXISTS `craft_usergroups`;


--
-- Schema for table `craft_usergroups`
--
CREATE TABLE `craft_usergroups` (
  `id` int(11) NOT NULL AUTO_INCREMENT,
  `name` varchar(255) COLLATE utf8_unicode_ci NOT NULL,
  `handle` varchar(255) COLLATE utf8_unicode_ci NOT NULL,
  `dateCreated` datetime NOT NULL,
  `dateUpdated` datetime NOT NULL,
  `uid` char(36) COLLATE utf8_unicode_ci NOT NULL DEFAULT '0',
  PRIMARY KEY (`id`)
) ENGINE=InnoDB DEFAULT CHARSET=utf8 COLLATE=utf8_unicode_ci;

DROP TABLE IF EXISTS `craft_usergroups_users`;


--
-- Schema for table `craft_usergroups_users`
--
CREATE TABLE `craft_usergroups_users` (
  `id` int(11) NOT NULL AUTO_INCREMENT,
  `groupId` int(11) NOT NULL,
  `userId` int(11) NOT NULL,
  `dateCreated` datetime NOT NULL,
  `dateUpdated` datetime NOT NULL,
  `uid` char(36) COLLATE utf8_unicode_ci NOT NULL DEFAULT '0',
  PRIMARY KEY (`id`),
  UNIQUE KEY `craft_usergroups_users_groupId_userId_unq_idx` (`groupId`,`userId`),
  KEY `craft_usergroups_users_userId_fk` (`userId`)
) ENGINE=InnoDB DEFAULT CHARSET=utf8 COLLATE=utf8_unicode_ci;

DROP TABLE IF EXISTS `craft_userpermissions`;


--
-- Schema for table `craft_userpermissions`
--
CREATE TABLE `craft_userpermissions` (
  `id` int(11) NOT NULL AUTO_INCREMENT,
  `name` varchar(255) COLLATE utf8_unicode_ci NOT NULL,
  `dateCreated` datetime NOT NULL,
  `dateUpdated` datetime NOT NULL,
  `uid` char(36) COLLATE utf8_unicode_ci NOT NULL DEFAULT '0',
  PRIMARY KEY (`id`),
  UNIQUE KEY `craft_userpermissions_name_unq_idx` (`name`)
) ENGINE=InnoDB DEFAULT CHARSET=utf8 COLLATE=utf8_unicode_ci;

DROP TABLE IF EXISTS `craft_userpermissions_usergroups`;


--
-- Schema for table `craft_userpermissions_usergroups`
--
CREATE TABLE `craft_userpermissions_usergroups` (
  `id` int(11) NOT NULL AUTO_INCREMENT,
  `permissionId` int(11) NOT NULL,
  `groupId` int(11) NOT NULL,
  `dateCreated` datetime NOT NULL,
  `dateUpdated` datetime NOT NULL,
  `uid` char(36) COLLATE utf8_unicode_ci NOT NULL DEFAULT '0',
  PRIMARY KEY (`id`),
  UNIQUE KEY `craft_userpermissions_usergroups_permissionId_groupId_unq_idx` (`permissionId`,`groupId`),
  KEY `craft_userpermissions_usergroups_groupId_fk` (`groupId`)
) ENGINE=InnoDB DEFAULT CHARSET=utf8 COLLATE=utf8_unicode_ci;

DROP TABLE IF EXISTS `craft_userpermissions_users`;


--
-- Schema for table `craft_userpermissions_users`
--
CREATE TABLE `craft_userpermissions_users` (
  `id` int(11) NOT NULL AUTO_INCREMENT,
  `permissionId` int(11) NOT NULL,
  `userId` int(11) NOT NULL,
  `dateCreated` datetime NOT NULL,
  `dateUpdated` datetime NOT NULL,
  `uid` char(36) COLLATE utf8_unicode_ci NOT NULL DEFAULT '0',
  PRIMARY KEY (`id`),
  UNIQUE KEY `craft_userpermissions_users_permissionId_userId_unq_idx` (`permissionId`,`userId`),
  KEY `craft_userpermissions_users_userId_fk` (`userId`)
) ENGINE=InnoDB DEFAULT CHARSET=utf8 COLLATE=utf8_unicode_ci;

DROP TABLE IF EXISTS `craft_users`;


--
-- Schema for table `craft_users`
--
CREATE TABLE `craft_users` (
  `id` int(11) NOT NULL,
  `username` varchar(100) COLLATE utf8_unicode_ci NOT NULL,
  `photo` varchar(100) COLLATE utf8_unicode_ci DEFAULT NULL,
  `firstName` varchar(100) COLLATE utf8_unicode_ci DEFAULT NULL,
  `lastName` varchar(100) COLLATE utf8_unicode_ci DEFAULT NULL,
  `email` varchar(255) COLLATE utf8_unicode_ci NOT NULL,
  `password` char(255) COLLATE utf8_unicode_ci DEFAULT NULL,
  `preferredLocale` char(12) COLLATE utf8_unicode_ci DEFAULT NULL,
  `weekStartDay` tinyint(1) unsigned NOT NULL DEFAULT '0',
  `admin` tinyint(1) unsigned NOT NULL DEFAULT '0',
  `client` tinyint(1) unsigned NOT NULL DEFAULT '0',
  `locked` tinyint(1) unsigned NOT NULL DEFAULT '0',
  `suspended` tinyint(1) unsigned NOT NULL DEFAULT '0',
  `pending` tinyint(1) unsigned NOT NULL DEFAULT '0',
  `archived` tinyint(1) unsigned NOT NULL DEFAULT '0',
  `lastLoginDate` datetime DEFAULT NULL,
  `lastLoginAttemptIPAddress` varchar(45) COLLATE utf8_unicode_ci DEFAULT NULL,
  `invalidLoginWindowStart` datetime DEFAULT NULL,
  `invalidLoginCount` tinyint(4) unsigned DEFAULT NULL,
  `lastInvalidLoginDate` datetime DEFAULT NULL,
  `lockoutDate` datetime DEFAULT NULL,
  `verificationCode` char(100) COLLATE utf8_unicode_ci DEFAULT NULL,
  `verificationCodeIssuedDate` datetime DEFAULT NULL,
  `unverifiedEmail` varchar(255) COLLATE utf8_unicode_ci DEFAULT NULL,
  `passwordResetRequired` tinyint(1) unsigned NOT NULL DEFAULT '0',
  `lastPasswordChangeDate` datetime DEFAULT NULL,
  `dateCreated` datetime NOT NULL,
  `dateUpdated` datetime NOT NULL,
  `uid` char(36) COLLATE utf8_unicode_ci NOT NULL DEFAULT '0',
  PRIMARY KEY (`id`),
  UNIQUE KEY `craft_users_username_unq_idx` (`username`),
  UNIQUE KEY `craft_users_email_unq_idx` (`email`),
  KEY `craft_users_verificationCode_idx` (`verificationCode`),
  KEY `craft_users_uid_idx` (`uid`),
  KEY `craft_users_preferredLocale_fk` (`preferredLocale`)
) ENGINE=InnoDB DEFAULT CHARSET=utf8 COLLATE=utf8_unicode_ci;

--
-- Data for table `craft_users`
--

INSERT INTO `craft_users` (`id`, `username`, `photo`, `firstName`, `lastName`, `email`, `password`, `preferredLocale`, `weekStartDay`, `admin`, `client`, `locked`, `suspended`, `pending`, `archived`, `lastLoginDate`, `lastLoginAttemptIPAddress`, `invalidLoginWindowStart`, `invalidLoginCount`, `lastInvalidLoginDate`, `lockoutDate`, `verificationCode`, `verificationCodeIssuedDate`, `unverifiedEmail`, `passwordResetRequired`, `lastPasswordChangeDate`, `dateCreated`, `dateUpdated`, `uid`) VALUES
 ('1', 'northmarathon', NULL, NULL, NULL, 'sirworker@ya.ru', '$2y$13$e1ScYlyO2BhqQMhS4NpbUOpA7E5dzw0qpQE9r1zU8tw48GCWgmKma', NULL, '0', '1', '0', '0', '0', '0', '0', '2016-06-28 08:29:02', '127.0.0.1', NULL, NULL, NULL, NULL, NULL, NULL, NULL, '0', '2016-06-27 11:32:37', '2016-06-27 11:32:37', '2016-06-28 08:29:02', 'c48a3d6a-f096-4a13-a2b3-2796683f831c');



DROP TABLE IF EXISTS `craft_widgets`;


--
-- Schema for table `craft_widgets`
--
CREATE TABLE `craft_widgets` (
  `id` int(11) NOT NULL AUTO_INCREMENT,
  `userId` int(11) NOT NULL,
  `type` varchar(150) COLLATE utf8_unicode_ci NOT NULL,
  `sortOrder` smallint(6) unsigned DEFAULT NULL,
  `colspan` tinyint(4) unsigned DEFAULT NULL,
  `settings` text COLLATE utf8_unicode_ci,
  `enabled` tinyint(1) unsigned NOT NULL DEFAULT '1',
  `dateCreated` datetime NOT NULL,
  `dateUpdated` datetime NOT NULL,
  `uid` char(36) COLLATE utf8_unicode_ci NOT NULL DEFAULT '0',
  PRIMARY KEY (`id`),
  KEY `craft_widgets_userId_fk` (`userId`)
) ENGINE=InnoDB AUTO_INCREMENT=5 DEFAULT CHARSET=utf8 COLLATE=utf8_unicode_ci;

--
-- Data for table `craft_widgets`
--

INSERT INTO `craft_widgets` (`id`, `userId`, `type`, `sortOrder`, `colspan`, `settings`, `enabled`, `dateCreated`, `dateUpdated`, `uid`) VALUES
 ('1', '1', 'RecentEntries', '1', NULL, NULL, '1', '2016-06-27 11:35:24', '2016-06-27 11:35:24', '6c2195a0-b269-4f11-b26d-953ce2910de1'),
 ('2', '1', 'GetHelp', '2', NULL, NULL, '1', '2016-06-27 11:35:24', '2016-06-27 11:35:24', 'b189b279-128b-41c0-8aa2-05baa332bbd5'),
 ('3', '1', 'Updates', '3', NULL, NULL, '1', '2016-06-27 11:35:24', '2016-06-27 11:35:24', '5540de5b-8f0f-422e-9490-17b365579209'),
 ('4', '1', 'Feed', '4', NULL, '{\"url\":\"https:\\/\\/craftcms.com\\/news.rss\",\"title\":\"Craft News\"}', '1', '2016-06-27 11:35:24', '2016-06-27 11:35:24', 'c9dd7c3b-1c51-4a7b-af3f-43c32860802c');


--
-- Constraints for tables
--


--
-- Constraints for table `craft_assetfiles`
--
ALTER TABLE `craft_assetfiles`
	ADD CONSTRAINT `craft_assetfiles_folderId_fk` FOREIGN KEY (`folderId`) REFERENCES `craft_assetfolders` (`id`) ON DELETE CASCADE,
	ADD CONSTRAINT `craft_assetfiles_id_fk` FOREIGN KEY (`id`) REFERENCES `craft_elements` (`id`) ON DELETE CASCADE,
	ADD CONSTRAINT `craft_assetfiles_sourceId_fk` FOREIGN KEY (`sourceId`) REFERENCES `craft_assetsources` (`id`) ON DELETE CASCADE;

--
-- Constraints for table `craft_assetfolders`
--
ALTER TABLE `craft_assetfolders`
	ADD CONSTRAINT `craft_assetfolders_parentId_fk` FOREIGN KEY (`parentId`) REFERENCES `craft_assetfolders` (`id`) ON DELETE CASCADE,
	ADD CONSTRAINT `craft_assetfolders_sourceId_fk` FOREIGN KEY (`sourceId`) REFERENCES `craft_assetsources` (`id`) ON DELETE CASCADE;

--
-- Constraints for table `craft_assetindexdata`
--
ALTER TABLE `craft_assetindexdata`
	ADD CONSTRAINT `craft_assetindexdata_sourceId_fk` FOREIGN KEY (`sourceId`) REFERENCES `craft_assetsources` (`id`) ON DELETE CASCADE;

--
-- Constraints for table `craft_assetsources`
--
ALTER TABLE `craft_assetsources`
	ADD CONSTRAINT `craft_assetsources_fieldLayoutId_fk` FOREIGN KEY (`fieldLayoutId`) REFERENCES `craft_fieldlayouts` (`id`) ON DELETE SET NULL;

--
-- Constraints for table `craft_categories`
--
ALTER TABLE `craft_categories`
	ADD CONSTRAINT `craft_categories_groupId_fk` FOREIGN KEY (`groupId`) REFERENCES `craft_categorygroups` (`id`) ON DELETE CASCADE,
	ADD CONSTRAINT `craft_categories_id_fk` FOREIGN KEY (`id`) REFERENCES `craft_elements` (`id`) ON DELETE CASCADE;

--
-- Constraints for table `craft_categorygroups`
--
ALTER TABLE `craft_categorygroups`
	ADD CONSTRAINT `craft_categorygroups_fieldLayoutId_fk` FOREIGN KEY (`fieldLayoutId`) REFERENCES `craft_fieldlayouts` (`id`) ON DELETE SET NULL,
	ADD CONSTRAINT `craft_categorygroups_structureId_fk` FOREIGN KEY (`structureId`) REFERENCES `craft_structures` (`id`) ON DELETE CASCADE;

--
-- Constraints for table `craft_categorygroups_i18n`
--
ALTER TABLE `craft_categorygroups_i18n`
	ADD CONSTRAINT `craft_categorygroups_i18n_groupId_fk` FOREIGN KEY (`groupId`) REFERENCES `craft_categorygroups` (`id`) ON DELETE CASCADE,
	ADD CONSTRAINT `craft_categorygroups_i18n_locale_fk` FOREIGN KEY (`locale`) REFERENCES `craft_locales` (`locale`) ON DELETE CASCADE ON UPDATE CASCADE;

--
-- Constraints for table `craft_content`
--
ALTER TABLE `craft_content`
	ADD CONSTRAINT `craft_content_elementId_fk` FOREIGN KEY (`elementId`) REFERENCES `craft_elements` (`id`) ON DELETE CASCADE,
	ADD CONSTRAINT `craft_content_locale_fk` FOREIGN KEY (`locale`) REFERENCES `craft_locales` (`locale`) ON DELETE CASCADE ON UPDATE CASCADE;

--
-- Constraints for table `craft_elements_i18n`
--
ALTER TABLE `craft_elements_i18n`
	ADD CONSTRAINT `craft_elements_i18n_elementId_fk` FOREIGN KEY (`elementId`) REFERENCES `craft_elements` (`id`) ON DELETE CASCADE,
	ADD CONSTRAINT `craft_elements_i18n_locale_fk` FOREIGN KEY (`locale`) REFERENCES `craft_locales` (`locale`) ON DELETE CASCADE ON UPDATE CASCADE;

--
-- Constraints for table `craft_emailmessages`
--
ALTER TABLE `craft_emailmessages`
	ADD CONSTRAINT `craft_emailmessages_locale_fk` FOREIGN KEY (`locale`) REFERENCES `craft_locales` (`locale`) ON DELETE CASCADE ON UPDATE CASCADE;

--
-- Constraints for table `craft_entries`
--
ALTER TABLE `craft_entries`
	ADD CONSTRAINT `craft_entries_authorId_fk` FOREIGN KEY (`authorId`) REFERENCES `craft_users` (`id`) ON DELETE CASCADE,
	ADD CONSTRAINT `craft_entries_id_fk` FOREIGN KEY (`id`) REFERENCES `craft_elements` (`id`) ON DELETE CASCADE,
	ADD CONSTRAINT `craft_entries_sectionId_fk` FOREIGN KEY (`sectionId`) REFERENCES `craft_sections` (`id`) ON DELETE CASCADE,
	ADD CONSTRAINT `craft_entries_typeId_fk` FOREIGN KEY (`typeId`) REFERENCES `craft_entrytypes` (`id`) ON DELETE CASCADE;

--
-- Constraints for table `craft_entrydrafts`
--
ALTER TABLE `craft_entrydrafts`
	ADD CONSTRAINT `craft_entrydrafts_creatorId_fk` FOREIGN KEY (`creatorId`) REFERENCES `craft_users` (`id`) ON DELETE CASCADE,
	ADD CONSTRAINT `craft_entrydrafts_entryId_fk` FOREIGN KEY (`entryId`) REFERENCES `craft_entries` (`id`) ON DELETE CASCADE,
	ADD CONSTRAINT `craft_entrydrafts_locale_fk` FOREIGN KEY (`locale`) REFERENCES `craft_locales` (`locale`) ON DELETE CASCADE ON UPDATE CASCADE,
	ADD CONSTRAINT `craft_entrydrafts_sectionId_fk` FOREIGN KEY (`sectionId`) REFERENCES `craft_sections` (`id`) ON DELETE CASCADE;

--
-- Constraints for table `craft_entrytypes`
--
ALTER TABLE `craft_entrytypes`
	ADD CONSTRAINT `craft_entrytypes_fieldLayoutId_fk` FOREIGN KEY (`fieldLayoutId`) REFERENCES `craft_fieldlayouts` (`id`) ON DELETE SET NULL,
	ADD CONSTRAINT `craft_entrytypes_sectionId_fk` FOREIGN KEY (`sectionId`) REFERENCES `craft_sections` (`id`) ON DELETE CASCADE;

--
-- Constraints for table `craft_entryversions`
--
ALTER TABLE `craft_entryversions`
	ADD CONSTRAINT `craft_entryversions_creatorId_fk` FOREIGN KEY (`creatorId`) REFERENCES `craft_users` (`id`) ON DELETE SET NULL,
	ADD CONSTRAINT `craft_entryversions_entryId_fk` FOREIGN KEY (`entryId`) REFERENCES `craft_entries` (`id`) ON DELETE CASCADE,
	ADD CONSTRAINT `craft_entryversions_locale_fk` FOREIGN KEY (`locale`) REFERENCES `craft_locales` (`locale`) ON DELETE CASCADE ON UPDATE CASCADE,
	ADD CONSTRAINT `craft_entryversions_sectionId_fk` FOREIGN KEY (`sectionId`) REFERENCES `craft_sections` (`id`) ON DELETE CASCADE;

--
-- Constraints for table `craft_fieldlayoutfields`
--
ALTER TABLE `craft_fieldlayoutfields`
	ADD CONSTRAINT `craft_fieldlayoutfields_fieldId_fk` FOREIGN KEY (`fieldId`) REFERENCES `craft_fields` (`id`) ON DELETE CASCADE,
	ADD CONSTRAINT `craft_fieldlayoutfields_layoutId_fk` FOREIGN KEY (`layoutId`) REFERENCES `craft_fieldlayouts` (`id`) ON DELETE CASCADE,
	ADD CONSTRAINT `craft_fieldlayoutfields_tabId_fk` FOREIGN KEY (`tabId`) REFERENCES `craft_fieldlayouttabs` (`id`) ON DELETE CASCADE;

--
-- Constraints for table `craft_fieldlayouttabs`
--
ALTER TABLE `craft_fieldlayouttabs`
	ADD CONSTRAINT `craft_fieldlayouttabs_layoutId_fk` FOREIGN KEY (`layoutId`) REFERENCES `craft_fieldlayouts` (`id`) ON DELETE CASCADE;

--
-- Constraints for table `craft_fields`
--
ALTER TABLE `craft_fields`
	ADD CONSTRAINT `craft_fields_groupId_fk` FOREIGN KEY (`groupId`) REFERENCES `craft_fieldgroups` (`id`) ON DELETE CASCADE;

--
-- Constraints for table `craft_globalsets`
--
ALTER TABLE `craft_globalsets`
	ADD CONSTRAINT `craft_globalsets_fieldLayoutId_fk` FOREIGN KEY (`fieldLayoutId`) REFERENCES `craft_fieldlayouts` (`id`) ON DELETE SET NULL,
	ADD CONSTRAINT `craft_globalsets_id_fk` FOREIGN KEY (`id`) REFERENCES `craft_elements` (`id`) ON DELETE CASCADE;

--
-- Constraints for table `craft_matrixblocks`
--
ALTER TABLE `craft_matrixblocks`
	ADD CONSTRAINT `craft_matrixblocks_fieldId_fk` FOREIGN KEY (`fieldId`) REFERENCES `craft_fields` (`id`) ON DELETE CASCADE,
	ADD CONSTRAINT `craft_matrixblocks_id_fk` FOREIGN KEY (`id`) REFERENCES `craft_elements` (`id`) ON DELETE CASCADE,
	ADD CONSTRAINT `craft_matrixblocks_ownerId_fk` FOREIGN KEY (`ownerId`) REFERENCES `craft_elements` (`id`) ON DELETE CASCADE,
	ADD CONSTRAINT `craft_matrixblocks_ownerLocale_fk` FOREIGN KEY (`ownerLocale`) REFERENCES `craft_locales` (`locale`) ON DELETE CASCADE ON UPDATE CASCADE,
	ADD CONSTRAINT `craft_matrixblocks_typeId_fk` FOREIGN KEY (`typeId`) REFERENCES `craft_matrixblocktypes` (`id`) ON DELETE CASCADE;

--
-- Constraints for table `craft_matrixblocktypes`
--
ALTER TABLE `craft_matrixblocktypes`
	ADD CONSTRAINT `craft_matrixblocktypes_fieldId_fk` FOREIGN KEY (`fieldId`) REFERENCES `craft_fields` (`id`) ON DELETE CASCADE,
	ADD CONSTRAINT `craft_matrixblocktypes_fieldLayoutId_fk` FOREIGN KEY (`fieldLayoutId`) REFERENCES `craft_fieldlayouts` (`id`) ON DELETE SET NULL;

--
-- Constraints for table `craft_matrixcontent_articlebody`
--
ALTER TABLE `craft_matrixcontent_articlebody`
	ADD CONSTRAINT `craft_matrixcontent_articlebody_elementId_fk` FOREIGN KEY (`elementId`) REFERENCES `craft_elements` (`id`) ON DELETE CASCADE,
	ADD CONSTRAINT `craft_matrixcontent_articlebody_locale_fk` FOREIGN KEY (`locale`) REFERENCES `craft_locales` (`locale`) ON DELETE CASCADE ON UPDATE CASCADE;

--
-- Constraints for table `craft_migrations`
--
ALTER TABLE `craft_migrations`
	ADD CONSTRAINT `craft_migrations_pluginId_fk` FOREIGN KEY (`pluginId`) REFERENCES `craft_plugins` (`id`) ON DELETE CASCADE;

--
-- Constraints for table `craft_relations`
--
ALTER TABLE `craft_relations`
	ADD CONSTRAINT `craft_relations_fieldId_fk` FOREIGN KEY (`fieldId`) REFERENCES `craft_fields` (`id`) ON DELETE CASCADE,
	ADD CONSTRAINT `craft_relations_sourceId_fk` FOREIGN KEY (`sourceId`) REFERENCES `craft_elements` (`id`) ON DELETE CASCADE,
	ADD CONSTRAINT `craft_relations_sourceLocale_fk` FOREIGN KEY (`sourceLocale`) REFERENCES `craft_locales` (`locale`) ON DELETE CASCADE ON UPDATE CASCADE,
	ADD CONSTRAINT `craft_relations_targetId_fk` FOREIGN KEY (`targetId`) REFERENCES `craft_elements` (`id`) ON DELETE CASCADE;

--
-- Constraints for table `craft_routes`
--
ALTER TABLE `craft_routes`
	ADD CONSTRAINT `craft_routes_locale_fk` FOREIGN KEY (`locale`) REFERENCES `craft_locales` (`locale`) ON DELETE CASCADE ON UPDATE CASCADE;

--
-- Constraints for table `craft_sections`
--
ALTER TABLE `craft_sections`
	ADD CONSTRAINT `craft_sections_structureId_fk` FOREIGN KEY (`structureId`) REFERENCES `craft_structures` (`id`) ON DELETE SET NULL;

--
-- Constraints for table `craft_sections_i18n`
--
ALTER TABLE `craft_sections_i18n`
	ADD CONSTRAINT `craft_sections_i18n_locale_fk` FOREIGN KEY (`locale`) REFERENCES `craft_locales` (`locale`) ON DELETE CASCADE ON UPDATE CASCADE,
	ADD CONSTRAINT `craft_sections_i18n_sectionId_fk` FOREIGN KEY (`sectionId`) REFERENCES `craft_sections` (`id`) ON DELETE CASCADE;

--
-- Constraints for table `craft_sessions`
--
ALTER TABLE `craft_sessions`
	ADD CONSTRAINT `craft_sessions_userId_fk` FOREIGN KEY (`userId`) REFERENCES `craft_users` (`id`) ON DELETE CASCADE;

--
-- Constraints for table `craft_shunnedmessages`
--
ALTER TABLE `craft_shunnedmessages`
	ADD CONSTRAINT `craft_shunnedmessages_userId_fk` FOREIGN KEY (`userId`) REFERENCES `craft_users` (`id`) ON DELETE CASCADE;

--
-- Constraints for table `craft_structureelements`
--
ALTER TABLE `craft_structureelements`
	ADD CONSTRAINT `craft_structureelements_elementId_fk` FOREIGN KEY (`elementId`) REFERENCES `craft_elements` (`id`) ON DELETE CASCADE,
	ADD CONSTRAINT `craft_structureelements_structureId_fk` FOREIGN KEY (`structureId`) REFERENCES `craft_structures` (`id`) ON DELETE CASCADE;

--
-- Constraints for table `craft_taggroups`
--
ALTER TABLE `craft_taggroups`
	ADD CONSTRAINT `craft_taggroups_fieldLayoutId_fk` FOREIGN KEY (`fieldLayoutId`) REFERENCES `craft_fieldlayouts` (`id`) ON DELETE SET NULL;

--
-- Constraints for table `craft_tags`
--
ALTER TABLE `craft_tags`
	ADD CONSTRAINT `craft_tags_groupId_fk` FOREIGN KEY (`groupId`) REFERENCES `craft_taggroups` (`id`) ON DELETE CASCADE,
	ADD CONSTRAINT `craft_tags_id_fk` FOREIGN KEY (`id`) REFERENCES `craft_elements` (`id`) ON DELETE CASCADE;

--
-- Constraints for table `craft_templatecachecriteria`
--
ALTER TABLE `craft_templatecachecriteria`
	ADD CONSTRAINT `craft_templatecachecriteria_cacheId_fk` FOREIGN KEY (`cacheId`) REFERENCES `craft_templatecaches` (`id`) ON DELETE CASCADE;

--
-- Constraints for table `craft_templatecacheelements`
--
ALTER TABLE `craft_templatecacheelements`
	ADD CONSTRAINT `craft_templatecacheelements_cacheId_fk` FOREIGN KEY (`cacheId`) REFERENCES `craft_templatecaches` (`id`) ON DELETE CASCADE,
	ADD CONSTRAINT `craft_templatecacheelements_elementId_fk` FOREIGN KEY (`elementId`) REFERENCES `craft_elements` (`id`) ON DELETE CASCADE;

--
-- Constraints for table `craft_templatecaches`
--
ALTER TABLE `craft_templatecaches`
	ADD CONSTRAINT `craft_templatecaches_locale_fk` FOREIGN KEY (`locale`) REFERENCES `craft_locales` (`locale`) ON DELETE CASCADE ON UPDATE CASCADE;

--
-- Constraints for table `craft_usergroups_users`
--
ALTER TABLE `craft_usergroups_users`
	ADD CONSTRAINT `craft_usergroups_users_groupId_fk` FOREIGN KEY (`groupId`) REFERENCES `craft_usergroups` (`id`) ON DELETE CASCADE,
	ADD CONSTRAINT `craft_usergroups_users_userId_fk` FOREIGN KEY (`userId`) REFERENCES `craft_users` (`id`) ON DELETE CASCADE;

--
-- Constraints for table `craft_userpermissions_usergroups`
--
ALTER TABLE `craft_userpermissions_usergroups`
	ADD CONSTRAINT `craft_userpermissions_usergroups_groupId_fk` FOREIGN KEY (`groupId`) REFERENCES `craft_usergroups` (`id`) ON DELETE CASCADE,
	ADD CONSTRAINT `craft_userpermissions_usergroups_permissionId_fk` FOREIGN KEY (`permissionId`) REFERENCES `craft_userpermissions` (`id`) ON DELETE CASCADE;

--
-- Constraints for table `craft_userpermissions_users`
--
ALTER TABLE `craft_userpermissions_users`
	ADD CONSTRAINT `craft_userpermissions_users_permissionId_fk` FOREIGN KEY (`permissionId`) REFERENCES `craft_userpermissions` (`id`) ON DELETE CASCADE,
	ADD CONSTRAINT `craft_userpermissions_users_userId_fk` FOREIGN KEY (`userId`) REFERENCES `craft_users` (`id`) ON DELETE CASCADE;

--
-- Constraints for table `craft_users`
--
ALTER TABLE `craft_users`
	ADD CONSTRAINT `craft_users_id_fk` FOREIGN KEY (`id`) REFERENCES `craft_elements` (`id`) ON DELETE CASCADE,
	ADD CONSTRAINT `craft_users_preferredLocale_fk` FOREIGN KEY (`preferredLocale`) REFERENCES `craft_locales` (`locale`) ON DELETE SET NULL ON UPDATE CASCADE;

--
-- Constraints for table `craft_widgets`
--
ALTER TABLE `craft_widgets`
	ADD CONSTRAINT `craft_widgets_userId_fk` FOREIGN KEY (`userId`) REFERENCES `craft_users` (`id`) ON DELETE CASCADE;

SET FOREIGN_KEY_CHECKS = 1;
